Career_ID,Career_Title,Career_Family,Level,Career_DNA_Primary,Career_DNA_Match_Score,Starting_Salary_Min_INR,Starting_Salary_Max_INR,Remote_Work_Score,Work_Life_Balance_Score,Job_Satisfaction_Score,Market_Demand_2026,Growth_Rate_Percent,Freelance_Opportunity
WK0001,Software Engineer,Technology & Software,Mid-Level,Builder,"Builder: 3, Thinker: 2",800000,1500000,60,5,9,Medium,24,Medium
WK0002,Full Stack Developer,Technology & Software,Mid-Level,Builder,"Builder: 3, Thinker: 2",800000,1500000,20,7,9,Very High,10,Low
WK0003,Frontend Developer,Technology & Software,Mid-Level,Builder,"Builder: 3, Thinker: 2",800000,1500000,20,5,7,Medium,26,Low
WK0004,Backend Developer,Technology & Software,Mid-Level,Builder,"Builder: 3, Thinker: 2",800000,1500000,40,7,8,High,11,Medium
WK0005,DevOps Engineer,Technology & Software,Mid-Level,Builder,"Builder: 3, Thinker: 2",800000,1500000,60,6,6,High,19,Medium
WK0006,Site Reliability Engineer,Technology & Software,Mid-Level,Builder,"Builder: 3, Thinker: 2",800000,1500000,60,5,6,Medium,19,High
WK0007,Cloud Engineer,Technology & Software,Mid-Level,Builder,"Builder: 3, Thinker: 2",800000,1500000,80,5,6,High,28,Medium
WK0008,Platform Engineer,Technology & Software,Mid-Level,Builder,"Builder: 3, Thinker: 2",800000,1500000,60,5,9,High,16,Very High
WK0009,Mobile Developer (iOS),Technology & Software,Mid-Level,Builder,"Builder: 3, Thinker: 2",800000,1500000,40,5,8,Very High,25,Medium
WK0010,Mobile Developer (Android),Technology & Software,Mid-Level,Builder,"Builder: 3, Thinker: 2",800000,1500000,40,5,6,High,24,Medium
WK0011,React Native Developer,Technology & Software,Mid-Level,Builder,"Builder: 3, Thinker: 2",800000,1500000,20,7,9,High,6,Low
WK0012,Flutter Developer,Technology & Software,Mid-Level,Builder,"Builder: 3, Thinker: 2",800000,1500000,60,7,8,High,9,High
WK0013,Game Developer,Technology & Software,Mid-Level,Builder,"Builder: 3, Thinker: 2",800000,1500000,60,5,7,High,9,High
WK0014,Unity Developer,Technology & Software,Mid-Level,Builder,"Builder: 3, Thinker: 2",800000,1500000,80,4,8,High,27,Medium
WK0015,Unreal Engine Developer,Technology & Software,Mid-Level,Builder,"Builder: 3, Thinker: 2",800000,1500000,40,8,7,Medium,25,High
WK0016,Embedded Systems Engineer,Technology & Software,Mid-Level,Builder,"Builder: 3, Thinker: 2",800000,1500000,60,8,8,High,26,Low
WK0017,Firmware Engineer,Technology & Software,Mid-Level,Builder,"Builder: 3, Thinker: 2",800000,1500000,40,5,9,High,17,Low
WK0018,Systems Programmer,Technology & Software,Mid-Level,Builder,"Builder: 3, Thinker: 2",800000,1500000,80,4,6,High,6,Low
WK0019,Software Architect,Technology & Software,Mid-Level,Builder,"Builder: 3, Thinker: 2",800000,1500000,90,5,9,Medium,10,High
WK0020,Solutions Architect,Technology & Software,Mid-Level,Builder,"Builder: 3, Thinker: 2",800000,1500000,60,5,6,Very High,16,High
WK0021,Enterprise Architect,Technology & Software,Mid-Level,Builder,"Builder: 3, Thinker: 2",800000,1500000,40,6,6,High,10,Low
WK0022,Technical Lead,Technology & Software,Senior,Builder,"Builder: 3, Thinker: 2",1500000,3000000,90,7,7,Low,19,Medium
WK0023,Engineering Manager,Technology & Software,Manager,Builder,"Builder: 3, Thinker: 2",400000,1000000,60,5,7,Medium,9,Low
WK0024,VP Engineering,Technology & Software,Executive,Builder,"Builder: 3, Thinker: 2",400000,1000000,20,4,7,High,7,Low
WK0025,CTO,Technology & Software,Executive,Builder,"Builder: 3, Thinker: 2",400000,1000000,20,8,7,High,24,Low
WK0026,QA Engineer,Technology & Software,Mid-Level,Builder,"Builder: 3, Thinker: 2",800000,1500000,90,7,7,Very High,19,Low
WK0027,Test Automation Engineer,Technology & Software,Mid-Level,Builder,"Builder: 3, Thinker: 2",800000,1500000,60,8,9,Medium,19,Low
WK0028,SDET,Technology & Software,Mid-Level,Builder,"Builder: 3, Thinker: 2",800000,1500000,60,5,9,Very High,10,Low
WK0029,Performance Test Engineer,Technology & Software,Mid-Level,Builder,"Builder: 3, Thinker: 2",800000,1500000,80,7,8,High,18,High
WK0030,Security Engineer,Technology & Software,Mid-Level,Builder,"Builder: 3, Thinker: 2",800000,1500000,40,7,6,High,6,Low
WK0031,Application Security Engineer,Technology & Software,Mid-Level,Builder,"Builder: 3, Thinker: 2",800000,1500000,80,7,7,Very High,22,Medium
WK0032,Cloud Security Engineer,Technology & Software,Mid-Level,Builder,"Builder: 3, Thinker: 2",800000,1500000,40,4,6,High,7,Medium
WK0033,Blockchain Developer,Technology & Software,Mid-Level,Builder,"Builder: 3, Thinker: 2",800000,1500000,90,7,8,High,14,Medium
WK0034,Smart Contract Developer,Technology & Software,Mid-Level,Builder,"Builder: 3, Thinker: 2",800000,1500000,20,6,9,Very High,12,Medium
WK0035,Cryptocurrency Engineer,Technology & Software,Mid-Level,Builder,"Builder: 3, Thinker: 2",800000,1500000,40,8,9,Very High,11,Medium
WK0036,IoT Developer,Technology & Software,Mid-Level,Builder,"Builder: 3, Thinker: 2",800000,1500000,60,7,7,Medium,15,Medium
WK0037,Edge Computing Engineer,Technology & Software,Mid-Level,Builder,"Builder: 3, Thinker: 2",800000,1500000,40,7,9,Medium,7,High
WK0038,WebAssembly Developer,Technology & Software,Mid-Level,Builder,"Builder: 3, Thinker: 2",800000,1500000,40,5,8,High,17,Low
WK0039,Progressive Web App Developer,Technology & Software,Mid-Level,Builder,"Builder: 3, Thinker: 2",800000,1500000,80,4,8,Very High,13,Low
WK0040,API Developer,Technology & Software,Mid-Level,Builder,"Builder: 3, Thinker: 2",800000,1500000,60,5,7,High,28,Low
WK0041,Integration Engineer,Technology & Software,Mid-Level,Builder,"Builder: 3, Thinker: 2",800000,1500000,60,5,7,Very High,22,High
WK0042,Salesforce Developer,Technology & Software,Mid-Level,Builder,"Builder: 3, Thinker: 2",800000,1500000,40,6,7,High,13,Medium
WK0043,ServiceNow Developer,Technology & Software,Mid-Level,Builder,"Builder: 3, Thinker: 2",800000,1500000,20,6,7,Medium,12,Low
WK0044,SAP Developer,Technology & Software,Mid-Level,Builder,"Builder: 3, Thinker: 2",800000,1500000,40,8,6,High,6,Very High
WK0045,WordPress Developer,Technology & Software,Mid-Level,Builder,"Builder: 3, Thinker: 2",800000,1500000,80,8,9,High,9,High
WK0046,Shopify Developer,Technology & Software,Mid-Level,Builder,"Builder: 3, Thinker: 2",800000,1500000,20,7,6,High,14,High
WK0047,Drupal Developer,Technology & Software,Mid-Level,Builder,"Builder: 3, Thinker: 2",800000,1500000,80,6,6,Medium,18,Low
WK0048,Low-Code Developer,Technology & Software,Mid-Level,Builder,"Builder: 3, Thinker: 2",800000,1500000,40,8,9,High,12,High
WK0049,RPA Developer,Technology & Software,Mid-Level,Builder,"Builder: 3, Thinker: 2",800000,1500000,60,7,7,Very High,10,Low
WK0050,Automation Engineer,Technology & Software,Mid-Level,Builder,"Builder: 3, Thinker: 2",800000,1500000,40,8,8,Medium,19,Medium
WK0051,Computer Vision Engineer,Technology & Software,Mid-Level,Builder,"Builder: 3, Thinker: 2",800000,1500000,80,4,6,Very High,11,Low
WK0052,Robotics Software Engineer,Technology & Software,Mid-Level,Builder,"Builder: 3, Thinker: 2",800000,1500000,60,6,9,High,9,Medium
WK0053,AR/VR Developer,Technology & Software,Mid-Level,Builder,"Builder: 3, Thinker: 2",800000,1500000,90,6,9,High,21,High
WK0054,Data Analyst,Data & Analytics,Mid-Level,Thinker,"Thinker: 3, Organizer: 2",1000000,2000000,60,5,7,Very High,14,Low
WK0055,Business Analyst,Data & Analytics,Mid-Level,Thinker,"Thinker: 3, Organizer: 2",1000000,2000000,80,8,8,Very High,12,High
WK0056,Data Scientist,Data & Analytics,Mid-Level,Thinker,"Thinker: 3, Organizer: 2",1000000,2000000,80,4,9,High,7,Medium
WK0057,Senior Data Scientist,Data & Analytics,Senior,Thinker,"Thinker: 3, Organizer: 2",2000000,4000000,40,4,8,Very High,11,Medium
WK0058,Machine Learning Engineer,Data & Analytics,Mid-Level,Thinker,"Thinker: 3, Organizer: 2",1000000,2000000,80,5,9,High,10,Low
WK0059,ML Ops Engineer,Data & Analytics,Mid-Level,Thinker,"Thinker: 3, Organizer: 2",1000000,2000000,60,4,8,Very High,12,Low
WK0060,AI Engineer,Data & Analytics,Mid-Level,Thinker,"Thinker: 3, Organizer: 2",1000000,2000000,40,6,7,High,26,High
WK0061,Research Scientist,Data & Analytics,Mid-Level,Thinker,"Thinker: 3, Organizer: 2",1000000,2000000,60,5,7,High,7,Low
WK0062,Deep Learning Engineer,Data & Analytics,Mid-Level,Thinker,"Thinker: 3, Organizer: 2",1000000,2000000,80,4,6,High,6,Very High
WK0063,NLP Engineer,Data & Analytics,Mid-Level,Thinker,"Thinker: 3, Organizer: 2",1000000,2000000,40,5,8,Medium,24,High
WK0064,Computer Vision Scientist,Data & Analytics,Mid-Level,Thinker,"Thinker: 3, Organizer: 2",1000000,2000000,60,7,8,Medium,23,High
WK0065,Data Engineer,Data & Analytics,Mid-Level,Thinker,"Thinker: 3, Organizer: 2",1000000,2000000,80,6,7,Medium,27,Very High
WK0066,Analytics Engineer,Data & Analytics,Mid-Level,Thinker,"Thinker: 3, Organizer: 2",1000000,2000000,20,7,7,Very High,8,Low
WK0067,ETL Developer,Data & Analytics,Mid-Level,Thinker,"Thinker: 3, Organizer: 2",1000000,2000000,20,7,9,High,26,High
WK0068,Data Warehouse Engineer,Data & Analytics,Mid-Level,Thinker,"Thinker: 3, Organizer: 2",1000000,2000000,80,4,8,High,27,High
WK0069,Big Data Engineer,Data & Analytics,Mid-Level,Thinker,"Thinker: 3, Organizer: 2",1000000,2000000,60,5,9,High,27,Medium
WK0070,Hadoop Developer,Data & Analytics,Mid-Level,Thinker,"Thinker: 3, Organizer: 2",1000000,2000000,60,5,7,Very High,19,Medium
WK0071,Spark Developer,Data & Analytics,Mid-Level,Thinker,"Thinker: 3, Organizer: 2",1000000,2000000,60,4,7,Very High,10,High
WK0072,Business Intelligence Analyst,Data & Analytics,Mid-Level,Thinker,"Thinker: 3, Organizer: 2",1000000,2000000,60,6,6,High,9,High
WK0073,BI Developer,Data & Analytics,Mid-Level,Thinker,"Thinker: 3, Organizer: 2",1000000,2000000,60,5,8,Medium,26,Low
WK0074,Tableau Developer,Data & Analytics,Mid-Level,Thinker,"Thinker: 3, Organizer: 2",1000000,2000000,40,8,9,High,26,Low
WK0075,Power BI Developer,Data & Analytics,Mid-Level,Thinker,"Thinker: 3, Organizer: 2",1000000,2000000,40,7,8,High,13,Medium
WK0076,Looker Developer,Data & Analytics,Mid-Level,Thinker,"Thinker: 3, Organizer: 2",1000000,2000000,40,6,6,High,13,High
WK0077,Data Visualization Specialist,Data & Analytics,Mid-Level,Thinker,"Thinker: 3, Organizer: 2",1000000,2000000,40,6,7,High,10,Low
WK0078,Quantitative Analyst,Data & Analytics,Mid-Level,Thinker,"Thinker: 3, Organizer: 2",1000000,2000000,80,4,7,Medium,16,High
WK0079,Quant Researcher,Data & Analytics,Mid-Level,Thinker,"Thinker: 3, Organizer: 2",1000000,2000000,40,8,8,Medium,28,Low
WK0080,Algorithmic Trader,Data & Analytics,Mid-Level,Thinker,"Thinker: 3, Organizer: 2",1000000,2000000,40,8,8,Medium,13,Medium
WK0081,Data Architect,Data & Analytics,Mid-Level,Thinker,"Thinker: 3, Organizer: 2",1000000,2000000,40,7,9,Medium,8,High
WK0082,Analytics Manager,Data & Analytics,Manager,Thinker,"Thinker: 3, Organizer: 2",400000,1000000,40,5,6,High,10,Medium
WK0083,Head of Data Science,Data & Analytics,Executive,Thinker,"Thinker: 3, Organizer: 2",400000,1000000,90,8,6,High,17,High
WK0084,Chief Data Officer,Data & Analytics,Executive,Thinker,"Thinker: 3, Organizer: 2",400000,1000000,60,5,8,Medium,12,High
WK0085,AI Product Manager,Data & Analytics,Manager,Thinker,"Thinker: 3, Organizer: 2",400000,1000000,40,6,9,Medium,15,Low
WK0086,ML Product Manager,Data & Analytics,Manager,Thinker,"Thinker: 3, Organizer: 2",400000,1000000,60,5,9,High,19,High
WK0087,Data Governance Specialist,Data & Analytics,Mid-Level,Thinker,"Thinker: 3, Organizer: 2",1000000,2000000,60,6,7,High,18,High
WK0088,Data Quality Analyst,Data & Analytics,Mid-Level,Thinker,"Thinker: 3, Organizer: 2",1000000,2000000,40,5,8,Medium,24,Very High
WK0089,Master Data Analyst,Data & Analytics,Mid-Level,Thinker,"Thinker: 3, Organizer: 2",1000000,2000000,90,6,9,Very High,26,Low
WK0090,Marketing Analyst,Data & Analytics,Mid-Level,Thinker,"Thinker: 3, Organizer: 2",1000000,2000000,60,7,9,Medium,6,Low
WK0091,Product Analyst,Data & Analytics,Mid-Level,Thinker,"Thinker: 3, Organizer: 2",1000000,2000000,80,5,6,High,10,High
WK0092,Growth Analyst,Data & Analytics,Mid-Level,Thinker,"Thinker: 3, Organizer: 2",1000000,2000000,20,8,8,Medium,12,Low
WK0093,Operations Analyst,Data & Analytics,Mid-Level,Thinker,"Thinker: 3, Organizer: 2",1000000,2000000,40,4,8,High,26,Medium
WK0094,Financial Analyst (Data),Data & Analytics,Mid-Level,Thinker,"Thinker: 3, Organizer: 2",1000000,2000000,40,4,6,Very High,13,Low
WK0095,Risk Analyst,Data & Analytics,Mid-Level,Thinker,"Thinker: 3, Organizer: 2",1000000,2000000,90,6,9,Very High,19,Low
WK0096,Fraud Analyst,Data & Analytics,Mid-Level,Thinker,"Thinker: 3, Organizer: 2",1000000,2000000,40,5,9,Low,22,Medium
WK0097,Healthcare Data Analyst,Data & Analytics,Mid-Level,Thinker,"Thinker: 3, Organizer: 2",1000000,2000000,80,6,9,High,25,High
WK0098,Clinical Data Analyst,Data & Analytics,Mid-Level,Thinker,"Thinker: 3, Organizer: 2",1000000,2000000,90,7,9,Very High,7,Low
WK0099,Biostatistician,Data & Analytics,Mid-Level,Thinker,"Thinker: 3, Organizer: 2",1000000,2000000,40,4,6,High,25,Medium
WK0100,Sports Analyst,Data & Analytics,Mid-Level,Thinker,"Thinker: 3, Organizer: 2",1000000,2000000,90,4,8,High,12,Low
WK0101,Social Media Analyst,Data & Analytics,Mid-Level,Thinker,"Thinker: 3, Organizer: 2",1000000,2000000,60,6,8,Very High,6,High
WK0102,Web Analytics Specialist,Data & Analytics,Mid-Level,Thinker,"Thinker: 3, Organizer: 2",1000000,2000000,80,5,7,Medium,26,Low
WK0103,A/B Testing Specialist,Data & Analytics,Mid-Level,Thinker,"Thinker: 3, Organizer: 2",1000000,2000000,40,8,8,High,18,High
WK0104,Experimentation Analyst,Data & Analytics,Mid-Level,Thinker,"Thinker: 3, Organizer: 2",1000000,2000000,90,4,7,Medium,14,High
WK0105,Conversion Rate Optimizer,Data & Analytics,Mid-Level,Thinker,"Thinker: 3, Organizer: 2",1000000,2000000,60,5,8,Medium,23,High
WK0106,UX Designer,Design & User Experience,Mid-Level,Creator,"Creator: 3, Connector: 2",700000,1500000,40,6,8,Very High,20,High
WK0107,UI Designer,Design & User Experience,Mid-Level,Creator,"Creator: 3, Connector: 2",700000,1500000,80,6,8,Medium,10,High
WK0108,Product Designer,Design & User Experience,Mid-Level,Creator,"Creator: 3, Connector: 2",700000,1500000,60,8,9,High,12,Medium
WK0109,UX Researcher,Design & User Experience,Mid-Level,Creator,"Creator: 3, Connector: 2",700000,1500000,80,7,6,High,23,Medium
WK0110,Interaction Designer,Design & User Experience,Mid-Level,Creator,"Creator: 3, Connector: 2",700000,1500000,90,6,6,Medium,5,Medium
WK0111,Visual Designer,Design & User Experience,Mid-Level,Creator,"Creator: 3, Connector: 2",700000,1500000,20,8,9,Medium,28,Medium
WK0112,Graphic Designer,Design & User Experience,Mid-Level,Creator,"Creator: 3, Connector: 2",700000,1500000,40,8,8,High,27,Medium
WK0113,Brand Designer,Design & User Experience,Mid-Level,Creator,"Creator: 3, Connector: 2",700000,1500000,20,6,7,Medium,16,Medium
WK0114,Motion Designer,Design & User Experience,Mid-Level,Creator,"Creator: 3, Connector: 2",700000,1500000,80,5,6,Very High,27,High
WK0115,Animation Designer,Design & User Experience,Mid-Level,Creator,"Creator: 3, Connector: 2",700000,1500000,80,4,8,Very High,15,Low
WK0116,3D Designer,Design & User Experience,Mid-Level,Creator,"Creator: 3, Connector: 2",700000,1500000,80,5,6,High,9,High
WK0117,UX Writer,Design & User Experience,Mid-Level,Creator,"Creator: 3, Connector: 2",700000,1500000,80,4,8,Very High,29,Low
WK0118,Content Designer,Design & User Experience,Mid-Level,Creator,"Creator: 3, Connector: 2",700000,1500000,60,6,6,High,23,Low
WK0119,Microcopy Writer,Design & User Experience,Mid-Level,Creator,"Creator: 3, Connector: 2",700000,1500000,80,8,7,High,11,High
WK0120,Design Systems Designer,Design & User Experience,Mid-Level,Creator,"Creator: 3, Connector: 2",700000,1500000,60,7,6,Very High,25,Very High
WK0121,Component Designer,Design & User Experience,Mid-Level,Creator,"Creator: 3, Connector: 2",700000,1500000,40,6,8,High,5,Low
WK0122,UI Engineer,Design & User Experience,Mid-Level,Creator,"Creator: 3, Connector: 2",700000,1500000,40,7,9,Medium,26,Very High
WK0123,Service Designer,Design & User Experience,Mid-Level,Creator,"Creator: 3, Connector: 2",700000,1500000,40,4,8,Medium,7,Low
WK0124,Experience Designer,Design & User Experience,Mid-Level,Creator,"Creator: 3, Connector: 2",700000,1500000,80,5,7,High,23,Very High
WK0125,Customer Experience Designer,Design & User Experience,Mid-Level,Creator,"Creator: 3, Connector: 2",700000,1500000,60,8,9,High,8,High
WK0126,Information Architect,Design & User Experience,Mid-Level,Creator,"Creator: 3, Connector: 2",700000,1500000,60,5,8,Medium,24,Medium
WK0127,IA Designer,Design & User Experience,Mid-Level,Creator,"Creator: 3, Connector: 2",700000,1500000,80,5,8,High,23,High
WK0128,Navigation Designer,Design & User Experience,Mid-Level,Creator,"Creator: 3, Connector: 2",700000,1500000,80,7,7,Medium,17,Low
WK0129,Usability Engineer,Design & User Experience,Mid-Level,Creator,"Creator: 3, Connector: 2",700000,1500000,90,5,6,Low,28,Medium
WK0130,Human Factors Engineer,Design & User Experience,Executive,Creator,"Creator: 3, Connector: 2",400000,1000000,60,5,9,Very High,5,Low
WK0131,Ergonomics Specialist,Design & User Experience,Mid-Level,Creator,"Creator: 3, Connector: 2",700000,1500000,40,6,7,High,27,Low
WK0132,UX Strategist,Design & User Experience,Mid-Level,Creator,"Creator: 3, Connector: 2",700000,1500000,60,4,6,Very High,20,Low
WK0133,Design Strategist,Design & User Experience,Mid-Level,Creator,"Creator: 3, Connector: 2",700000,1500000,40,7,6,High,13,Medium
WK0134,Creative Strategist,Design & User Experience,Mid-Level,Creator,"Creator: 3, Connector: 2",700000,1500000,80,4,8,High,28,High
WK0135,Design Manager,Design & User Experience,Manager,Creator,"Creator: 3, Connector: 2",400000,1000000,40,5,6,Medium,27,Medium
WK0136,Design Lead,Design & User Experience,Senior,Creator,"Creator: 3, Connector: 2",1500000,2500000,40,5,9,High,16,Medium
WK0137,Head of Design,Design & User Experience,Executive,Creator,"Creator: 3, Connector: 2",400000,1000000,60,7,8,Medium,7,Medium
WK0138,VP Design,Design & User Experience,Executive,Creator,"Creator: 3, Connector: 2",400000,1000000,60,6,6,Medium,27,High
WK0139,Chief Design Officer,Design & User Experience,Executive,Creator,"Creator: 3, Connector: 2",400000,1000000,40,5,9,High,5,Medium
WK0140,Accessibility Designer,Design & User Experience,Mid-Level,Creator,"Creator: 3, Connector: 2",700000,1500000,40,7,8,Medium,21,Low
WK0141,Inclusive Design Specialist,Design & User Experience,Mid-Level,Creator,"Creator: 3, Connector: 2",700000,1500000,20,8,6,Very High,9,Low
WK0142,Voice UI Designer,Design & User Experience,Mid-Level,Creator,"Creator: 3, Connector: 2",700000,1500000,20,7,8,Medium,16,Low
WK0143,Conversational Designer,Design & User Experience,Mid-Level,Creator,"Creator: 3, Connector: 2",700000,1500000,40,8,6,Low,22,Medium
WK0144,Chatbot Designer,Design & User Experience,Mid-Level,Creator,"Creator: 3, Connector: 2",700000,1500000,80,5,7,High,19,Very High
WK0145,AR/VR Designer,Design & User Experience,Mid-Level,Creator,"Creator: 3, Connector: 2",700000,1500000,80,4,8,Very High,24,High
WK0146,Spatial Designer,Design & User Experience,Mid-Level,Creator,"Creator: 3, Connector: 2",700000,1500000,60,4,8,High,28,Medium
WK0147,XR Designer,Design & User Experience,Mid-Level,Creator,"Creator: 3, Connector: 2",700000,1500000,60,5,9,Medium,25,Low
WK0148,Game UI/UX Designer,Design & User Experience,Mid-Level,Creator,"Creator: 3, Connector: 2",700000,1500000,40,6,8,Medium,25,Low
WK0149,Mobile UX Designer,Design & User Experience,Mid-Level,Creator,"Creator: 3, Connector: 2",700000,1500000,80,5,7,High,21,Medium
WK0150,Web Designer,Design & User Experience,Mid-Level,Creator,"Creator: 3, Connector: 2",700000,1500000,40,6,6,Medium,18,High
WK0151,Email Designer,Design & User Experience,Mid-Level,Creator,"Creator: 3, Connector: 2",700000,1500000,60,8,9,High,28,Medium
WK0152,Presentation Designer,Design & User Experience,Mid-Level,Creator,"Creator: 3, Connector: 2",700000,1500000,60,4,6,High,21,High
WK0153,Infographic Designer,Design & User Experience,Mid-Level,Creator,"Creator: 3, Connector: 2",700000,1500000,40,6,7,Very High,21,Medium
WK0154,Illustrator,Design & User Experience,Mid-Level,Creator,"Creator: 3, Connector: 2",700000,1500000,80,5,7,Medium,12,Low
WK0155,Icon Designer,Design & User Experience,Mid-Level,Creator,"Creator: 3, Connector: 2",700000,1500000,40,4,7,Medium,15,Very High
WK0156,Logo Designer,Design & User Experience,Mid-Level,Creator,"Creator: 3, Connector: 2",700000,1500000,80,4,8,High,14,Medium
WK0157,Typography Designer,Design & User Experience,Mid-Level,Creator,"Creator: 3, Connector: 2",700000,1500000,20,7,6,Very High,18,Medium
WK0158,Associate Product Manager,Product Management,Junior,Leader,"Leader: 3, Thinker: 2",400000,1000000,60,5,9,Low,17,Low
WK0159,Product Manager,Product Management,Manager,Leader,"Leader: 3, Thinker: 2",400000,1000000,40,6,6,High,12,Low
WK0160,Senior Product Manager,Product Management,Senior,Leader,"Leader: 3, Thinker: 2",400000,1000000,80,4,6,Very High,5,High
WK0161,Group Product Manager,Product Management,Manager,Leader,"Leader: 3, Thinker: 2",400000,1000000,20,6,6,Very High,16,High
WK0162,VP Product,Product Management,Executive,Leader,"Leader: 3, Thinker: 2",400000,1000000,60,4,9,Very High,12,Low
WK0163,CPO,Product Management,Mid-Level,Leader,"Leader: 3, Thinker: 2",400000,1000000,80,5,7,Very High,26,High
WK0164,Chief Product Officer,Product Management,Executive,Leader,"Leader: 3, Thinker: 2",400000,1000000,40,7,7,Low,27,Medium
WK0165,Technical Product Manager,Product Management,Manager,Leader,"Leader: 3, Thinker: 2",400000,1000000,20,5,6,Very High,22,High
WK0166,Technical PM,Product Management,Mid-Level,Leader,"Leader: 3, Thinker: 2",400000,1000000,60,8,6,High,17,Low
WK0167,Platform Product Manager,Product Management,Manager,Leader,"Leader: 3, Thinker: 2",400000,1000000,80,5,9,High,12,High
WK0168,Growth Product Manager,Product Management,Manager,Leader,"Leader: 3, Thinker: 2",400000,1000000,40,4,6,Medium,25,Medium
WK0169,Growth PM,Product Management,Mid-Level,Leader,"Leader: 3, Thinker: 2",400000,1000000,20,5,6,Very High,11,High
WK0170,Activation PM,Product Management,Mid-Level,Leader,"Leader: 3, Thinker: 2",400000,1000000,60,8,9,High,13,High
WK0171,Retention PM,Product Management,Mid-Level,Leader,"Leader: 3, Thinker: 2",400000,1000000,20,6,9,Very High,16,Medium
WK0172,Analytics Product Manager,Product Management,Manager,Leader,"Leader: 3, Thinker: 2",400000,1000000,60,8,8,Medium,25,Medium
WK0173,Data Product Manager,Product Management,Manager,Leader,"Leader: 3, Thinker: 2",400000,1000000,80,6,6,High,6,Very High
WK0174,AI Product Manager,Product Management,Manager,Leader,"Leader: 3, Thinker: 2",400000,1000000,20,6,8,Very High,20,Low
WK0175,Consumer Product Manager,Product Management,Manager,Leader,"Leader: 3, Thinker: 2",400000,1000000,80,8,9,Medium,29,Low
WK0176,B2B Product Manager,Product Management,Manager,Leader,"Leader: 3, Thinker: 2",400000,1000000,90,6,6,High,10,Low
WK0177,Enterprise PM,Product Management,Mid-Level,Leader,"Leader: 3, Thinker: 2",400000,1000000,80,5,7,High,5,Low
WK0178,Hardware Product Manager,Product Management,Manager,Leader,"Leader: 3, Thinker: 2",400000,1000000,20,4,8,High,12,High
WK0179,IoT Product Manager,Product Management,Manager,Leader,"Leader: 3, Thinker: 2",400000,1000000,20,6,9,High,23,Medium
WK0180,Mobile Product Manager,Product Management,Manager,Leader,"Leader: 3, Thinker: 2",400000,1000000,40,5,8,High,7,Low
WK0181,Web Product Manager,Product Management,Manager,Leader,"Leader: 3, Thinker: 2",400000,1000000,80,6,8,High,27,Low
WK0182,E-commerce Product Manager,Product Management,Manager,Leader,"Leader: 3, Thinker: 2",400000,1000000,20,4,8,Very High,27,High
WK0183,Marketplace PM,Product Management,Mid-Level,Leader,"Leader: 3, Thinker: 2",400000,1000000,40,8,7,High,5,Medium
WK0184,Payments Product Manager,Product Management,Manager,Leader,"Leader: 3, Thinker: 2",400000,1000000,40,4,6,High,28,Very High
WK0185,Fintech Product Manager,Product Management,Manager,Leader,"Leader: 3, Thinker: 2",400000,1000000,40,4,6,High,21,Medium
WK0186,API Product Manager,Product Management,Manager,Leader,"Leader: 3, Thinker: 2",400000,1000000,60,8,7,High,23,High
WK0187,Developer Tools PM,Product Management,Mid-Level,Leader,"Leader: 3, Thinker: 2",400000,1000000,80,5,9,High,26,Medium
WK0188,Platform PM,Product Management,Mid-Level,Leader,"Leader: 3, Thinker: 2",400000,1000000,80,6,9,Medium,22,Very High
WK0189,Infrastructure PM,Product Management,Mid-Level,Leader,"Leader: 3, Thinker: 2",400000,1000000,60,6,7,High,20,High
WK0190,Product Owner,Product Management,Mid-Level,Leader,"Leader: 3, Thinker: 2",400000,1000000,80,7,6,Very High,20,High
WK0191,Scrum Product Owner,Product Management,Mid-Level,Leader,"Leader: 3, Thinker: 2",400000,1000000,40,4,8,Medium,12,Low
WK0192,Agile Product Manager,Product Management,Manager,Leader,"Leader: 3, Thinker: 2",400000,1000000,60,5,7,Medium,8,Low
WK0193,Product Marketing Manager,Product Management,Manager,Leader,"Leader: 3, Thinker: 2",400000,1000000,40,7,6,High,17,Very High
WK0194,Go-to-Market Manager,Product Management,Manager,Leader,"Leader: 3, Thinker: 2",400000,1000000,40,5,7,Very High,27,Low
WK0195,Launch Manager,Product Management,Manager,Leader,"Leader: 3, Thinker: 2",400000,1000000,80,7,6,Very High,13,Very High
WK0196,Product Operations Manager,Product Management,Manager,Leader,"Leader: 3, Thinker: 2",400000,1000000,80,7,8,High,22,High
WK0197,Product Ops,Product Management,Mid-Level,Leader,"Leader: 3, Thinker: 2",400000,1000000,20,7,8,High,12,Very High
WK0198,PMO Lead,Product Management,Senior,Leader,"Leader: 3, Thinker: 2",400000,1000000,80,8,7,Very High,13,Low
WK0199,Product Strategy Lead,Product Management,Senior,Leader,"Leader: 3, Thinker: 2",400000,1000000,60,8,7,Very High,29,High
WK0200,Product Consultant,Product Management,Mid-Level,Leader,"Leader: 3, Thinker: 2",400000,1000000,80,5,9,High,11,Medium
WK0201,Product Coach,Product Management,Mid-Level,Leader,"Leader: 3, Thinker: 2",400000,1000000,40,5,8,Medium,21,Low
WK0202,Digital Marketing Manager,Marketing & Growth,Manager,Leader,"Leader: 3, Creator: 2",600000,1200000,90,7,6,High,24,Medium
WK0203,Marketing Manager,Marketing & Growth,Manager,Leader,"Leader: 3, Creator: 2",600000,1200000,80,6,7,High,20,Medium
WK0204,Brand Manager,Marketing & Growth,Manager,Leader,"Leader: 3, Creator: 2",600000,1200000,40,5,6,Very High,17,High
WK0205,Performance Marketing Manager,Marketing & Growth,Manager,Leader,"Leader: 3, Creator: 2",600000,1200000,80,4,8,Medium,27,Medium
WK0206,Paid Marketing Manager,Marketing & Growth,Manager,Leader,"Leader: 3, Creator: 2",600000,1200000,60,8,9,High,21,Medium
WK0207,Media Buyer,Marketing & Growth,Mid-Level,Leader,"Leader: 3, Creator: 2",400000,1000000,80,7,7,Low,25,Medium
WK0208,Growth Marketing Manager,Marketing & Growth,Manager,Leader,"Leader: 3, Creator: 2",600000,1200000,60,4,8,Very High,8,Low
WK0209,Growth Hacker,Marketing & Growth,Mid-Level,Leader,"Leader: 3, Creator: 2",400000,1000000,20,4,8,High,26,Very High
WK0210,Acquisition Manager,Marketing & Growth,Manager,Leader,"Leader: 3, Creator: 2",600000,1200000,40,7,6,High,5,Low
WK0211,Retention Marketing Manager,Marketing & Growth,Manager,Leader,"Leader: 3, Creator: 2",600000,1200000,40,7,9,High,18,Low
WK0212,Lifecycle Marketing Manager,Marketing & Growth,Manager,Leader,"Leader: 3, Creator: 2",600000,1200000,60,8,7,Low,11,High
WK0213,CRM Manager,Marketing & Growth,Manager,Leader,"Leader: 3, Creator: 2",600000,1200000,20,6,7,High,28,Medium
WK0214,Email Marketing Manager,Marketing & Growth,Manager,Leader,"Leader: 3, Creator: 2",600000,1200000,20,6,6,Medium,13,High
WK0215,Email Marketing Specialist,Marketing & Growth,Mid-Level,Leader,"Leader: 3, Creator: 2",400000,1000000,80,6,8,Very High,16,High
WK0216,Marketing Automation Specialist,Marketing & Growth,Mid-Level,Leader,"Leader: 3, Creator: 2",400000,1000000,90,5,6,High,11,Low
WK0217,SEO Manager,Marketing & Growth,Manager,Leader,"Leader: 3, Creator: 2",600000,1200000,60,7,8,High,16,Medium
WK0218,SEO Specialist,Marketing & Growth,Mid-Level,Leader,"Leader: 3, Creator: 2",400000,1000000,80,7,6,High,26,High
WK0219,SEO Analyst,Marketing & Growth,Mid-Level,Leader,"Leader: 3, Creator: 2",400000,1000000,80,8,8,High,25,Medium
WK0220,Technical SEO Specialist,Marketing & Growth,Mid-Level,Leader,"Leader: 3, Creator: 2",400000,1000000,60,4,9,High,23,High
WK0221,SEM Specialist,Marketing & Growth,Mid-Level,Leader,"Leader: 3, Creator: 2",400000,1000000,60,6,6,Very High,23,Low
WK0222,PPC Specialist,Marketing & Growth,Mid-Level,Leader,"Leader: 3, Creator: 2",400000,1000000,20,7,9,High,20,Medium
WK0223,Google Ads Specialist,Marketing & Growth,Mid-Level,Leader,"Leader: 3, Creator: 2",400000,1000000,60,5,9,Very High,20,Very High
WK0224,Facebook Ads Specialist,Marketing & Growth,Mid-Level,Leader,"Leader: 3, Creator: 2",400000,1000000,40,4,8,Very High,15,High
WK0225,Social Media Manager,Marketing & Growth,Manager,Leader,"Leader: 3, Creator: 2",600000,1200000,80,5,7,Low,11,High
WK0226,Social Media Strategist,Marketing & Growth,Mid-Level,Leader,"Leader: 3, Creator: 2",400000,1000000,90,5,6,Medium,6,High
WK0227,Community Manager,Marketing & Growth,Manager,Leader,"Leader: 3, Creator: 2",600000,1200000,60,7,8,High,26,Very High
WK0228,Content Marketing Manager,Marketing & Growth,Manager,Leader,"Leader: 3, Creator: 2",600000,1200000,60,6,7,High,28,Low
WK0229,Content Strategist,Marketing & Growth,Mid-Level,Leader,"Leader: 3, Creator: 2",400000,1000000,60,7,9,High,24,High
WK0230,Content Lead,Marketing & Growth,Senior,Leader,"Leader: 3, Creator: 2",400000,1000000,80,5,6,Medium,9,Very High
WK0231,Influencer Marketing Manager,Marketing & Growth,Manager,Leader,"Leader: 3, Creator: 2",600000,1200000,40,6,9,Very High,17,Low
WK0232,Partnership Marketing Manager,Marketing & Growth,Manager,Leader,"Leader: 3, Creator: 2",600000,1200000,60,4,7,High,22,High
WK0233,Affiliate Manager,Marketing & Growth,Manager,Leader,"Leader: 3, Creator: 2",600000,1200000,60,4,8,High,22,Medium
WK0234,Product Marketing Manager,Marketing & Growth,Manager,Leader,"Leader: 3, Creator: 2",600000,1200000,60,5,9,Very High,17,Very High
WK0235,PMM,Marketing & Growth,Mid-Level,Leader,"Leader: 3, Creator: 2",400000,1000000,60,8,6,High,19,High
WK0236,Solutions Marketing Manager,Marketing & Growth,Manager,Leader,"Leader: 3, Creator: 2",600000,1200000,90,8,9,High,8,Low
WK0237,Field Marketing Manager,Marketing & Growth,Manager,Leader,"Leader: 3, Creator: 2",600000,1200000,60,4,7,High,24,High
WK0238,Event Marketing Manager,Marketing & Growth,Manager,Leader,"Leader: 3, Creator: 2",600000,1200000,80,5,7,Very High,14,High
WK0239,Experiential Marketing Manager,Marketing & Growth,Manager,Leader,"Leader: 3, Creator: 2",600000,1200000,60,5,6,High,18,High
WK0240,Marketing Analytics Manager,Marketing & Growth,Manager,Leader,"Leader: 3, Creator: 2",600000,1200000,20,8,9,Medium,23,Low
WK0241,Marketing Data Analyst,Marketing & Growth,Mid-Level,Leader,"Leader: 3, Creator: 2",400000,1000000,60,4,8,Very High,18,Low
WK0242,Attribution Analyst,Marketing & Growth,Mid-Level,Leader,"Leader: 3, Creator: 2",400000,1000000,80,8,6,High,17,Very High
WK0243,Marketing Operations Manager,Marketing & Growth,Manager,Leader,"Leader: 3, Creator: 2",600000,1200000,80,6,9,Medium,24,High
WK0244,MarTech Manager,Marketing & Growth,Manager,Leader,"Leader: 3, Creator: 2",600000,1200000,60,6,6,High,7,High
WK0245,Marketing Automation Manager,Marketing & Growth,Manager,Leader,"Leader: 3, Creator: 2",600000,1200000,90,5,7,High,23,Medium
WK0246,Brand Strategist,Marketing & Growth,Mid-Level,Leader,"Leader: 3, Creator: 2",400000,1000000,60,4,6,Medium,26,High
WK0247,Creative Director,Marketing & Growth,Executive,Leader,"Leader: 3, Creator: 2",300000,600000,60,8,8,High,27,Medium
WK0248,Art Director,Marketing & Growth,Executive,Leader,"Leader: 3, Creator: 2",300000,600000,60,6,9,High,7,Low
WK0249,Copywriter,Marketing & Growth,Mid-Level,Leader,"Leader: 3, Creator: 2",400000,1000000,60,5,6,Very High,8,Low
WK0250,CMO,Marketing & Growth,Executive,Leader,"Leader: 3, Creator: 2",300000,600000,60,5,7,Medium,8,Medium
WK0251,VP Marketing,Marketing & Growth,Executive,Leader,"Leader: 3, Creator: 2",300000,600000,60,4,7,High,28,Very High
WK0252,Head of Growth,Marketing & Growth,Executive,Leader,"Leader: 3, Creator: 2",300000,600000,80,4,7,Medium,24,Very High
WK0253,Growth Lead,Marketing & Growth,Senior,Leader,"Leader: 3, Creator: 2",400000,1000000,60,6,6,Very High,19,High
WK0254,Sales Development Representative,Sales & Business Development,Mid-Level,Leader,"Leader: 3, Connector: 2",400000,1000000,40,6,9,High,10,High
WK0255,SDR,Sales & Business Development,Mid-Level,Leader,"Leader: 3, Connector: 2",400000,1000000,80,7,6,Very High,12,Medium
WK0256,BDR,Sales & Business Development,Mid-Level,Leader,"Leader: 3, Connector: 2",400000,1000000,80,5,9,High,12,Low
WK0257,Inside Sales Rep,Sales & Business Development,Mid-Level,Leader,"Leader: 3, Connector: 2",400000,1000000,40,6,6,High,8,Medium
WK0258,Account Executive,Sales & Business Development,Mid-Level,Leader,"Leader: 3, Connector: 2",400000,1000000,60,5,6,Low,27,Low
WK0259,AE,Sales & Business Development,Mid-Level,Leader,"Leader: 3, Connector: 2",400000,1000000,20,5,8,Medium,21,High
WK0260,Sales Executive,Sales & Business Development,Mid-Level,Leader,"Leader: 3, Connector: 2",400000,1000000,40,6,9,Very High,16,High
WK0261,Sales Manager,Sales & Business Development,Manager,Leader,"Leader: 3, Connector: 2",2000000,4000000,90,6,7,Medium,11,Low
WK0262,Senior Account Executive,Sales & Business Development,Senior,Leader,"Leader: 3, Connector: 2",400000,1000000,80,5,9,High,8,High
WK0263,Enterprise Account Executive,Sales & Business Development,Mid-Level,Leader,"Leader: 3, Connector: 2",400000,1000000,60,4,6,Medium,24,Low
WK0264,Strategic AE,Sales & Business Development,Mid-Level,Leader,"Leader: 3, Connector: 2",400000,1000000,60,4,6,High,15,High
WK0265,Business Development Manager,Sales & Business Development,Manager,Leader,"Leader: 3, Connector: 2",2000000,4000000,80,4,7,High,18,High
WK0266,BD Manager,Sales & Business Development,Manager,Leader,"Leader: 3, Connector: 2",2000000,4000000,60,7,6,Medium,29,Low
WK0267,Partnerships Manager,Sales & Business Development,Manager,Leader,"Leader: 3, Connector: 2",2000000,4000000,60,4,6,High,25,Low
WK0268,Channel Sales Manager,Sales & Business Development,Manager,Leader,"Leader: 3, Connector: 2",2000000,4000000,60,4,6,Medium,15,Low
WK0269,Partner Manager,Sales & Business Development,Manager,Leader,"Leader: 3, Connector: 2",2000000,4000000,80,8,7,Very High,8,Medium
WK0270,Alliance Manager,Sales & Business Development,Manager,Leader,"Leader: 3, Connector: 2",2000000,4000000,80,7,8,Very High,24,High
WK0271,Customer Success Manager,Sales & Business Development,Manager,Leader,"Leader: 3, Connector: 2",2000000,4000000,80,6,9,High,26,Very High
WK0272,CSM,Sales & Business Development,Mid-Level,Leader,"Leader: 3, Connector: 2",400000,1000000,40,6,9,Medium,22,Low
WK0273,Account Manager,Sales & Business Development,Manager,Leader,"Leader: 3, Connector: 2",2000000,4000000,40,5,9,High,17,High
WK0274,Client Partner,Sales & Business Development,Mid-Level,Leader,"Leader: 3, Connector: 2",400000,1000000,80,5,7,High,26,Medium
WK0275,Key Account Manager,Sales & Business Development,Manager,Leader,"Leader: 3, Connector: 2",2000000,4000000,80,6,8,High,18,High
WK0276,KAM,Sales & Business Development,Mid-Level,Leader,"Leader: 3, Connector: 2",400000,1000000,20,4,9,Medium,27,Medium
WK0277,Strategic Account Manager,Sales & Business Development,Manager,Leader,"Leader: 3, Connector: 2",2000000,4000000,80,6,9,Very High,18,Low
WK0278,Sales Engineer,Sales & Business Development,Mid-Level,Leader,"Leader: 3, Connector: 2",400000,1000000,90,8,9,Medium,25,Low
WK0279,Solutions Engineer,Sales & Business Development,Mid-Level,Leader,"Leader: 3, Connector: 2",400000,1000000,80,7,7,Medium,6,Medium
WK0280,Presales Consultant,Sales & Business Development,Mid-Level,Leader,"Leader: 3, Connector: 2",400000,1000000,80,8,8,Very High,8,High
WK0281,Sales Operations Manager,Sales & Business Development,Manager,Leader,"Leader: 3, Connector: 2",2000000,4000000,60,5,6,High,20,Medium
WK0282,Sales Ops Analyst,Sales & Business Development,Mid-Level,Leader,"Leader: 3, Connector: 2",400000,1000000,40,5,8,Medium,7,Low
WK0283,Revenue Operations Manager,Sales & Business Development,Manager,Leader,"Leader: 3, Connector: 2",2000000,4000000,60,4,9,High,15,Low
WK0284,Regional Sales Manager,Sales & Business Development,Manager,Leader,"Leader: 3, Connector: 2",2000000,4000000,20,6,7,High,5,High
WK0285,Territory Manager,Sales & Business Development,Manager,Leader,"Leader: 3, Connector: 2",2000000,4000000,20,6,8,High,26,Medium
WK0286,Area Sales Manager,Sales & Business Development,Manager,Leader,"Leader: 3, Connector: 2",2000000,4000000,60,4,6,High,10,Low
WK0287,VP Sales,Sales & Business Development,Executive,Leader,"Leader: 3, Connector: 2",400000,1000000,60,4,6,High,27,High
WK0288,Head of Sales,Sales & Business Development,Executive,Leader,"Leader: 3, Connector: 2",400000,1000000,40,4,8,High,19,Low
WK0289,Chief Revenue Officer,Sales & Business Development,Executive,Leader,"Leader: 3, Connector: 2",400000,1000000,20,4,7,Medium,25,Very High
WK0290,CRO,Sales & Business Development,Mid-Level,Leader,"Leader: 3, Connector: 2",400000,1000000,60,7,9,Very High,26,High
WK0291,Inside Sales Manager,Sales & Business Development,Manager,Leader,"Leader: 3, Connector: 2",2000000,4000000,80,4,8,High,12,Low
WK0292,Outbound Sales Manager,Sales & Business Development,Manager,Leader,"Leader: 3, Connector: 2",2000000,4000000,60,5,7,Very High,19,High
WK0293,Inbound Sales Manager,Sales & Business Development,Manager,Leader,"Leader: 3, Connector: 2",2000000,4000000,80,4,6,High,5,Low
WK0294,SMB Sales Manager,Sales & Business Development,Manager,Leader,"Leader: 3, Connector: 2",2000000,4000000,80,6,9,Very High,11,Medium
WK0295,Mid-Market Sales Manager,Sales & Business Development,Manager,Leader,"Leader: 3, Connector: 2",2000000,4000000,60,7,7,Very High,25,Low
WK0296,Enterprise Sales Director,Sales & Business Development,Executive,Leader,"Leader: 3, Connector: 2",400000,1000000,60,8,9,Very High,18,Medium
WK0297,Sales Enablement Manager,Sales & Business Development,Manager,Leader,"Leader: 3, Connector: 2",2000000,4000000,80,5,7,Medium,8,Medium
WK0298,Sales Trainer,Sales & Business Development,Mid-Level,Leader,"Leader: 3, Connector: 2",400000,1000000,80,5,9,High,29,Low
WK0299,Sales Coach,Sales & Business Development,Mid-Level,Leader,"Leader: 3, Connector: 2",400000,1000000,20,5,6,High,9,Very High
WK0300,General Physician,Healthcare & Medicine,Mid-Level,Connector,"Connector: 3, Thinker: 2",1200000,2500000,80,8,6,High,20,Medium
WK0301,MBBS Doctor,Healthcare & Medicine,Executive,Connector,"Connector: 3, Thinker: 2",400000,1000000,80,5,7,High,20,Medium
WK0302,Medical Officer,Healthcare & Medicine,Mid-Level,Connector,"Connector: 3, Thinker: 2",1200000,2500000,90,6,7,Medium,18,Medium
WK0303,Resident Doctor,Healthcare & Medicine,Executive,Connector,"Connector: 3, Thinker: 2",400000,1000000,60,5,8,High,12,High
WK0304,Cardiologist,Healthcare & Medicine,Mid-Level,Connector,"Connector: 3, Thinker: 2",1200000,2500000,80,8,9,Medium,15,Medium
WK0305,Neurologist,Healthcare & Medicine,Mid-Level,Connector,"Connector: 3, Thinker: 2",1200000,2500000,80,5,6,High,8,Medium
WK0306,Dermatologist,Healthcare & Medicine,Mid-Level,Connector,"Connector: 3, Thinker: 2",1200000,2500000,80,7,7,Medium,23,High
WK0307,Orthopedic Surgeon,Healthcare & Medicine,Mid-Level,Connector,"Connector: 3, Thinker: 2",1200000,2500000,80,8,7,Medium,10,Medium
WK0308,Pediatrician,Healthcare & Medicine,Mid-Level,Connector,"Connector: 3, Thinker: 2",1200000,2500000,40,6,7,High,16,Medium
WK0309,Gynecologist,Healthcare & Medicine,Mid-Level,Connector,"Connector: 3, Thinker: 2",1200000,2500000,80,4,9,High,24,High
WK0310,Psychiatrist,Healthcare & Medicine,Mid-Level,Connector,"Connector: 3, Thinker: 2",1200000,2500000,40,4,7,High,27,Medium
WK0311,Radiologist,Healthcare & Medicine,Mid-Level,Connector,"Connector: 3, Thinker: 2",1200000,2500000,90,4,9,High,17,High
WK0312,Anesthesiologist,Healthcare & Medicine,Mid-Level,Connector,"Connector: 3, Thinker: 2",1200000,2500000,80,6,9,High,23,Low
WK0313,Emergency Medicine Physician,Healthcare & Medicine,Mid-Level,Connector,"Connector: 3, Thinker: 2",1200000,2500000,60,8,8,Medium,15,Medium
WK0314,Critical Care Specialist,Healthcare & Medicine,Mid-Level,Connector,"Connector: 3, Thinker: 2",1200000,2500000,40,5,6,High,13,Low
WK0315,Oncologist,Healthcare & Medicine,Mid-Level,Connector,"Connector: 3, Thinker: 2",1200000,2500000,60,4,9,High,12,Low
WK0316,Endocrinologist,Healthcare & Medicine,Mid-Level,Connector,"Connector: 3, Thinker: 2",1200000,2500000,60,6,6,Very High,22,Low
WK0317,Gastroenterologist,Healthcare & Medicine,Mid-Level,Connector,"Connector: 3, Thinker: 2",1200000,2500000,90,5,6,Medium,13,Very High
WK0318,Nephrologist,Healthcare & Medicine,Mid-Level,Connector,"Connector: 3, Thinker: 2",1200000,2500000,20,7,8,High,16,Medium
WK0319,Pulmonologist,Healthcare & Medicine,Mid-Level,Connector,"Connector: 3, Thinker: 2",1200000,2500000,20,6,7,High,5,Medium
WK0320,Rheumatologist,Healthcare & Medicine,Mid-Level,Connector,"Connector: 3, Thinker: 2",1200000,2500000,60,6,8,High,20,Medium
WK0321,Urologist,Healthcare & Medicine,Mid-Level,Connector,"Connector: 3, Thinker: 2",1200000,2500000,80,7,8,High,28,Medium
WK0322,ENT Specialist,Healthcare & Medicine,Mid-Level,Connector,"Connector: 3, Thinker: 2",1200000,2500000,40,6,6,Medium,22,High
WK0323,Ophthalmologist,Healthcare & Medicine,Mid-Level,Connector,"Connector: 3, Thinker: 2",1200000,2500000,60,8,9,Medium,13,Medium
WK0324,Dentist,Healthcare & Medicine,Mid-Level,Connector,"Connector: 3, Thinker: 2",1200000,2500000,20,8,6,High,23,Medium
WK0325,Orthodontist,Healthcare & Medicine,Mid-Level,Connector,"Connector: 3, Thinker: 2",1200000,2500000,80,8,7,High,10,High
WK0326,Oral Surgeon,Healthcare & Medicine,Mid-Level,Connector,"Connector: 3, Thinker: 2",1200000,2500000,40,4,6,High,15,Low
WK0327,General Surgeon,Healthcare & Medicine,Mid-Level,Connector,"Connector: 3, Thinker: 2",1200000,2500000,60,8,8,Medium,15,Very High
WK0328,Plastic Surgeon,Healthcare & Medicine,Mid-Level,Connector,"Connector: 3, Thinker: 2",1200000,2500000,40,4,7,Low,10,Medium
WK0329,Neurosurgeon,Healthcare & Medicine,Mid-Level,Connector,"Connector: 3, Thinker: 2",1200000,2500000,20,4,9,Very High,13,Low
WK0330,Cardiac Surgeon,Healthcare & Medicine,Mid-Level,Connector,"Connector: 3, Thinker: 2",1200000,2500000,80,5,9,High,27,Medium
WK0331,Registered Nurse,Healthcare & Medicine,Mid-Level,Connector,"Connector: 3, Thinker: 2",1200000,2500000,40,8,6,Medium,28,High
WK0332,Staff Nurse,Healthcare & Medicine,Senior,Connector,"Connector: 3, Thinker: 2",2000000,5000000,90,5,6,Very High,6,High
WK0333,ICU Nurse,Healthcare & Medicine,Mid-Level,Connector,"Connector: 3, Thinker: 2",1200000,2500000,40,4,7,High,5,Medium
WK0334,OT Nurse,Healthcare & Medicine,Mid-Level,Connector,"Connector: 3, Thinker: 2",1200000,2500000,80,8,9,High,15,Low
WK0335,Nurse Practitioner,Healthcare & Medicine,Mid-Level,Connector,"Connector: 3, Thinker: 2",1200000,2500000,40,5,8,High,28,Low
WK0336,Nurse Manager,Healthcare & Medicine,Manager,Connector,"Connector: 3, Thinker: 2",400000,1000000,80,6,7,Low,28,Medium
WK0337,Director of Nursing,Healthcare & Medicine,Executive,Connector,"Connector: 3, Thinker: 2",400000,1000000,60,8,9,High,24,Medium
WK0338,Pharmacist,Healthcare & Medicine,Mid-Level,Connector,"Connector: 3, Thinker: 2",1200000,2500000,40,5,8,Medium,11,Medium
WK0339,Clinical Pharmacist,Healthcare & Medicine,Mid-Level,Connector,"Connector: 3, Thinker: 2",1200000,2500000,90,7,9,High,7,Low
WK0340,Hospital Pharmacist,Healthcare & Medicine,Mid-Level,Connector,"Connector: 3, Thinker: 2",1200000,2500000,60,7,9,Medium,9,Medium
WK0341,Pharmacy Manager,Healthcare & Medicine,Manager,Connector,"Connector: 3, Thinker: 2",400000,1000000,60,7,8,Very High,22,High
WK0342,Physiotherapist,Healthcare & Medicine,Mid-Level,Connector,"Connector: 3, Thinker: 2",1200000,2500000,90,8,6,High,27,Low
WK0343,Physical Therapist,Healthcare & Medicine,Mid-Level,Connector,"Connector: 3, Thinker: 2",1200000,2500000,80,6,7,Very High,7,Low
WK0344,Occupational Therapist,Healthcare & Medicine,Mid-Level,Connector,"Connector: 3, Thinker: 2",1200000,2500000,20,4,9,High,23,Medium
WK0345,Speech Therapist,Healthcare & Medicine,Mid-Level,Connector,"Connector: 3, Thinker: 2",1200000,2500000,80,7,6,High,19,Medium
WK0346,Respiratory Therapist,Healthcare & Medicine,Mid-Level,Connector,"Connector: 3, Thinker: 2",1200000,2500000,80,6,8,High,20,Very High
WK0347,Rehabilitation Specialist,Healthcare & Medicine,Mid-Level,Connector,"Connector: 3, Thinker: 2",1200000,2500000,80,7,8,Very High,10,Very High
WK0348,Medical Laboratory Technologist,Healthcare & Medicine,Mid-Level,Connector,"Connector: 3, Thinker: 2",1200000,2500000,90,8,6,High,10,High
WK0349,Lab Technician,Healthcare & Medicine,Mid-Level,Connector,"Connector: 3, Thinker: 2",1200000,2500000,40,4,8,High,16,High
WK0350,Pathology Technician,Healthcare & Medicine,Mid-Level,Connector,"Connector: 3, Thinker: 2",1200000,2500000,90,5,8,Low,9,Very High
WK0351,Radiographer,Healthcare & Medicine,Mid-Level,Connector,"Connector: 3, Thinker: 2",1200000,2500000,40,6,9,High,22,Low
WK0352,Radiology Technician,Healthcare & Medicine,Mid-Level,Connector,"Connector: 3, Thinker: 2",1200000,2500000,80,4,9,High,12,High
WK0353,MRI Technician,Healthcare & Medicine,Mid-Level,Connector,"Connector: 3, Thinker: 2",1200000,2500000,60,6,9,Low,20,Medium
WK0354,CT Technician,Healthcare & Medicine,Mid-Level,Connector,"Connector: 3, Thinker: 2",1200000,2500000,90,5,8,High,18,Medium
WK0355,Hospital Administrator,Healthcare & Medicine,Mid-Level,Connector,"Connector: 3, Thinker: 2",1200000,2500000,60,8,7,High,22,Very High
WK0356,Healthcare Administrator,Healthcare & Medicine,Mid-Level,Connector,"Connector: 3, Thinker: 2",1200000,2500000,90,8,7,Low,19,Very High
WK0357,Clinical Director,Healthcare & Medicine,Executive,Connector,"Connector: 3, Thinker: 2",400000,1000000,20,8,6,High,11,Very High
WK0358,Public Health Officer,Healthcare & Medicine,Mid-Level,Connector,"Connector: 3, Thinker: 2",1200000,2500000,20,4,7,Low,10,Medium
WK0359,Epidemiologist,Healthcare & Medicine,Mid-Level,Connector,"Connector: 3, Thinker: 2",1200000,2500000,80,4,8,Medium,13,High
WK0360,Health Policy Analyst,Healthcare & Medicine,Mid-Level,Connector,"Connector: 3, Thinker: 2",1200000,2500000,80,5,9,Medium,8,High
WK0361,Medical Researcher,Healthcare & Medicine,Mid-Level,Connector,"Connector: 3, Thinker: 2",1200000,2500000,60,5,9,Medium,6,High
WK0362,Clinical Research Coordinator,Healthcare & Medicine,Mid-Level,Connector,"Connector: 3, Thinker: 2",1200000,2500000,20,8,9,Low,18,Low
WK0363,Clinical Trial Manager,Healthcare & Medicine,Manager,Connector,"Connector: 3, Thinker: 2",400000,1000000,40,5,9,High,15,Very High
WK0364,Healthcare Data Analyst,Healthcare & Medicine,Mid-Level,Connector,"Connector: 3, Thinker: 2",1200000,2500000,80,8,7,Medium,23,Medium
WK0365,Medical Coder,Healthcare & Medicine,Mid-Level,Connector,"Connector: 3, Thinker: 2",1200000,2500000,60,8,6,High,5,Low
WK0366,Health Informatics Specialist,Healthcare & Medicine,Mid-Level,Connector,"Connector: 3, Thinker: 2",1200000,2500000,80,8,8,Low,26,Medium
WK0367,Civil Engineer,Engineering (Non-IT),Mid-Level,Builder,"Builder: 3, Thinker: 2",600000,1200000,60,4,6,Medium,17,High
WK0368,Structural Engineer,Engineering (Non-IT),Mid-Level,Builder,"Builder: 3, Thinker: 2",600000,1200000,60,7,6,High,26,High
WK0369,Mechanical Engineer,Engineering (Non-IT),Mid-Level,Builder,"Builder: 3, Thinker: 2",600000,1200000,40,5,9,Very High,19,Low
WK0370,Electrical Engineer,Engineering (Non-IT),Mid-Level,Builder,"Builder: 3, Thinker: 2",600000,1200000,40,5,6,High,21,High
WK0371,Electronics Engineer,Engineering (Non-IT),Mid-Level,Builder,"Builder: 3, Thinker: 2",600000,1200000,90,7,8,High,18,High
WK0372,Chemical Engineer,Engineering (Non-IT),Mid-Level,Builder,"Builder: 3, Thinker: 2",600000,1200000,40,4,9,High,16,Medium
WK0373,Aerospace Engineer,Engineering (Non-IT),Mid-Level,Builder,"Builder: 3, Thinker: 2",600000,1200000,40,7,7,Very High,20,High
WK0374,Automobile Engineer,Engineering (Non-IT),Mid-Level,Builder,"Builder: 3, Thinker: 2",600000,1200000,20,8,9,Medium,10,High
WK0375,Production Engineer,Engineering (Non-IT),Mid-Level,Builder,"Builder: 3, Thinker: 2",600000,1200000,40,4,8,Medium,23,High
WK0376,Quality Engineer,Engineering (Non-IT),Mid-Level,Builder,"Builder: 3, Thinker: 2",600000,1200000,60,4,6,Low,9,High
WK0377,Maintenance Engineer,Engineering (Non-IT),Mid-Level,Builder,"Builder: 3, Thinker: 2",600000,1200000,60,5,8,Very High,15,High
WK0378,Project Engineer,Engineering (Non-IT),Mid-Level,Builder,"Builder: 3, Thinker: 2",600000,1200000,80,8,7,Medium,15,Low
WK0379,Site Engineer,Engineering (Non-IT),Mid-Level,Builder,"Builder: 3, Thinker: 2",600000,1200000,80,5,8,High,8,Medium
WK0380,Design Engineer,Engineering (Non-IT),Mid-Level,Builder,"Builder: 3, Thinker: 2",600000,1200000,80,6,7,High,16,Low
WK0381,R&D Engineer,Engineering (Non-IT),Mid-Level,Builder,"Builder: 3, Thinker: 2",600000,1200000,40,4,8,High,28,Medium
WK0382,Test Engineer,Engineering (Non-IT),Mid-Level,Builder,"Builder: 3, Thinker: 2",600000,1200000,20,7,8,Low,23,Medium
WK0383,Accountant,Finance & Accounting,Mid-Level,Organizer,"Organizer: 3, Thinker: 2",800000,1800000,40,5,8,Medium,12,Medium
WK0384,Financial Analyst,Finance & Accounting,Mid-Level,Organizer,"Organizer: 3, Thinker: 2",800000,1800000,90,4,9,Medium,22,High
WK0385,Investment Banker,Finance & Accounting,Mid-Level,Organizer,"Organizer: 3, Thinker: 2",800000,1800000,90,6,6,Medium,29,Medium
WK0386,Chartered Accountant,Finance & Accounting,Mid-Level,Organizer,"Organizer: 3, Thinker: 2",800000,1800000,80,5,9,High,12,Medium
WK0387,Tax Consultant,Finance & Accounting,Mid-Level,Organizer,"Organizer: 3, Thinker: 2",800000,1800000,90,4,9,Very High,26,Low
WK0388,Auditor,Finance & Accounting,Mid-Level,Organizer,"Organizer: 3, Thinker: 2",800000,1800000,60,5,7,High,15,Low
WK0389,Financial Controller,Finance & Accounting,Mid-Level,Organizer,"Organizer: 3, Thinker: 2",800000,1800000,40,7,9,High,9,Medium
WK0390,CFO,Finance & Accounting,Executive,Organizer,"Organizer: 3, Thinker: 2",400000,1000000,80,4,8,Medium,6,Medium
WK0391,Treasury Manager,Finance & Accounting,Manager,Organizer,"Organizer: 3, Thinker: 2",400000,1000000,80,4,6,Medium,23,Low
WK0392,Credit Analyst,Finance & Accounting,Mid-Level,Organizer,"Organizer: 3, Thinker: 2",800000,1800000,80,6,7,High,22,High
WK0393,Risk Manager,Finance & Accounting,Manager,Organizer,"Organizer: 3, Thinker: 2",400000,1000000,60,8,7,High,14,Medium
WK0394,Compliance Officer,Finance & Accounting,Mid-Level,Organizer,"Organizer: 3, Thinker: 2",800000,1800000,40,6,6,Medium,14,High
WK0395,Financial Planner,Finance & Accounting,Mid-Level,Organizer,"Organizer: 3, Thinker: 2",800000,1800000,80,4,8,High,7,Low
WK0396,Portfolio Manager,Finance & Accounting,Manager,Organizer,"Organizer: 3, Thinker: 2",400000,1000000,80,6,6,High,27,Medium
WK0397,Equity Research Analyst,Finance & Accounting,Mid-Level,Organizer,"Organizer: 3, Thinker: 2",800000,1800000,80,6,6,Medium,22,High
WK0398,Mergers & Acquisitions Analyst,Finance & Accounting,Mid-Level,Organizer,"Organizer: 3, Thinker: 2",800000,1800000,60,5,7,High,29,Medium
WK0399,Graphic Designer,Creative Arts & Media,Mid-Level,Creator,"Creator: 3, Connector: 1",500000,1200000,80,5,6,High,17,Medium
WK0400,Video Editor,Creative Arts & Media,Mid-Level,Creator,"Creator: 3, Connector: 1",500000,1200000,80,4,8,Low,21,Low
WK0401,Photographer,Creative Arts & Media,Mid-Level,Creator,"Creator: 3, Connector: 1",500000,1200000,80,7,7,High,8,Very High
WK0402,Content Creator,Creative Arts & Media,Mid-Level,Creator,"Creator: 3, Connector: 1",500000,1200000,40,5,7,Medium,9,Low
WK0403,YouTuber,Creative Arts & Media,Mid-Level,Creator,"Creator: 3, Connector: 1",500000,1200000,60,8,7,Medium,29,Low
WK0404,Filmmaker,Creative Arts & Media,Mid-Level,Creator,"Creator: 3, Connector: 1",500000,1200000,40,4,9,Medium,10,High
WK0405,Cinematographer,Creative Arts & Media,Mid-Level,Creator,"Creator: 3, Connector: 1",500000,1200000,80,5,8,High,14,High
WK0406,Sound Engineer,Creative Arts & Media,Mid-Level,Creator,"Creator: 3, Connector: 1",500000,1200000,40,6,7,High,13,Low
WK0407,Music Producer,Creative Arts & Media,Mid-Level,Creator,"Creator: 3, Connector: 1",500000,1200000,40,6,9,Very High,27,Medium
WK0408,DJ,Creative Arts & Media,Mid-Level,Creator,"Creator: 3, Connector: 1",500000,1200000,90,8,6,Very High,10,Low
WK0409,Animator,Creative Arts & Media,Mid-Level,Creator,"Creator: 3, Connector: 1",500000,1200000,60,7,9,High,29,Low
WK0410,3D Artist,Creative Arts & Media,Mid-Level,Creator,"Creator: 3, Connector: 1",500000,1200000,80,5,8,Medium,19,Medium
WK0411,VFX Artist,Creative Arts & Media,Mid-Level,Creator,"Creator: 3, Connector: 1",500000,1200000,90,6,9,Very High,10,Medium
WK0412,Game Artist,Creative Arts & Media,Mid-Level,Creator,"Creator: 3, Connector: 1",500000,1200000,40,5,6,Very High,20,Low
WK0413,Concept Artist,Creative Arts & Media,Mid-Level,Creator,"Creator: 3, Connector: 1",500000,1200000,80,5,6,Medium,12,High
WK0414,Art Director,Creative Arts & Media,Executive,Creator,"Creator: 3, Connector: 1",400000,1000000,60,4,6,High,11,High
WK0415,Creative Director,Creative Arts & Media,Executive,Creator,"Creator: 3, Connector: 1",400000,1000000,40,8,9,High,8,Medium
WK0416,Copywriter,Creative Arts & Media,Mid-Level,Creator,"Creator: 3, Connector: 1",500000,1200000,40,6,7,Medium,26,Medium
WK0417,Scriptwriter,Creative Arts & Media,Mid-Level,Creator,"Creator: 3, Connector: 1",500000,1200000,40,6,6,Medium,5,High
WK0418,Prompt Engineer,Technology & Software,Mid-Level,Multi,Emerging Role,800000,1800000,80,7,8,High,35,High
WK0419,LLM Fine-tuning Specialist,Data & Analytics,Senior,Multi,Emerging Role,1500000,3000000,80,7,8,High,35,High
WK0420,AI Ethics Specialist,Data & Analytics,Senior,Multi,Emerging Role,1200000,2500000,80,7,8,High,35,High
WK0421,Quantum Computing Engineer,Technology & Software,Senior,Multi,Emerging Role,2000000,4000000,80,7,8,High,35,High
WK0422,Metaverse Architect,Technology & Software,Senior,Multi,Emerging Role,1500000,3500000,80,7,8,High,35,High
WK0423,NFT Developer,Technology & Software,Mid-Level,Multi,Emerging Role,800000,2000000,80,7,8,High,35,High
WK0424,Web3 Developer,Technology & Software,Mid-Level,Multi,Emerging Role,1000000,2500000,80,7,8,High,35,High
WK0425,DeFi Developer,Technology & Software,Senior,Multi,Emerging Role,1500000,3500000,80,7,8,High,35,High
WK0426,Sustainability Consultant,Consulting & Strategy,Senior,Multi,Emerging Role,1000000,2200000,80,7,8,High,35,High
WK0427,Carbon Footprint Analyst,Data & Analytics,Mid-Level,Multi,Emerging Role,700000,1500000,80,7,8,High,35,High
WK0428,Renewable Energy Engineer,Engineering (Non-IT),Mid-Level,Multi,Emerging Role,600000,1400000,80,7,8,High,35,High
WK0429,ESG Analyst,Finance & Accounting,Mid-Level,Multi,Emerging Role,800000,1600000,80,7,8,High,35,High
WK0430,Circular Economy Specialist,Consulting & Strategy,Senior,Multi,Emerging Role,1200000,2500000,80,7,8,High,35,High
WK0431,Social Media Influencer Manager,Marketing & Growth,Mid-Level,Multi,Emerging Role,600000,1400000,80,7,8,High,35,High
WK0432,Creator Partnerships Manager,Sales & Business Development,Mid-Level,Multi,Emerging Role,800000,1800000,80,7,8,High,35,High
WK0433,Podcast Producer,Creative Arts & Media,Mid-Level,Multi,Emerging Role,400000,1000000,80,7,8,High,35,High
WK0434,Live Streaming Producer,Creative Arts & Media,Mid-Level,Multi,Emerging Role,350000,900000,80,7,8,High,35,High
WK0435,TikTok Content Strategist,Marketing & Growth,Mid-Level,Multi,Emerging Role,500000,1200000,80,7,8,High,35,High
WK0436,Telemedicine Platform Manager,Product Management,Senior,Multi,Emerging Role,1500000,3000000,80,7,8,High,35,High
WK0437,Health Data Scientist,Data & Analytics,Senior,Multi,Emerging Role,1200000,2800000,80,7,8,High,35,High
WK0438,Digital Therapeutics Designer,Design & User Experience,Senior,Multi,Emerging Role,1000000,2200000,80,7,8,High,35,High
WK0439,Clinical AI Specialist,Data & Analytics,Senior,Multi,Emerging Role,1500000,3500000,80,7,8,High,35,High
WK0440,Learning Experience Designer,Design & User Experience,Mid-Level,Multi,Emerging Role,700000,1600000,80,7,8,High,35,High
WK0441,Educational Content Creator,Creative Arts & Media,Mid-Level,Multi,Emerging Role,500000,1200000,80,7,8,High,35,High
WK0442,EdTech Product Manager,Product Management,Senior,Multi,Emerging Role,1500000,3000000,80,7,8,High,35,High
WK0443,Online Course Producer,Creative Arts & Media,Mid-Level,Multi,Emerging Role,600000,1400000,80,7,8,High,35,High
WK0444,Product Manager (FinTech),Product Management,Mid-Level,Multi,Industry-specific,800000,1800000,70,6,7,High,20,Medium
WK0445,Software Engineer (FinTech),Technology & Software,Mid-Level,Multi,Industry-specific,800000,1800000,70,6,7,High,20,Medium
WK0446,Data Analyst (FinTech),Data & Analytics,Mid-Level,Multi,Industry-specific,800000,1800000,70,6,7,High,20,Medium
WK0447,Product Manager (HealthTech),Product Management,Mid-Level,Multi,Industry-specific,800000,1800000,70,6,7,High,20,Medium
WK0448,Software Engineer (HealthTech),Technology & Software,Mid-Level,Multi,Industry-specific,800000,1800000,70,6,7,High,20,Medium
WK0449,Data Analyst (HealthTech),Data & Analytics,Mid-Level,Multi,Industry-specific,800000,1800000,70,6,7,High,20,Medium
WK0450,Product Manager (EdTech),Product Management,Mid-Level,Multi,Industry-specific,800000,1800000,70,6,7,High,20,Medium
WK0451,Software Engineer (EdTech),Technology & Software,Mid-Level,Multi,Industry-specific,800000,1800000,70,6,7,High,20,Medium
WK0452,Data Analyst (EdTech),Data & Analytics,Mid-Level,Multi,Industry-specific,800000,1800000,70,6,7,High,20,Medium
WK0453,Product Manager (E-commerce),Product Management,Mid-Level,Multi,Industry-specific,800000,1800000,70,6,7,High,20,Medium
WK0454,Software Engineer (E-commerce),Technology & Software,Mid-Level,Multi,Industry-specific,800000,1800000,70,6,7,High,20,Medium
WK0455,Data Analyst (E-commerce),Data & Analytics,Mid-Level,Multi,Industry-specific,800000,1800000,70,6,7,High,20,Medium
WK0456,Product Manager (SaaS),Product Management,Mid-Level,Multi,Industry-specific,800000,1800000,70,6,7,High,20,Medium
WK0457,Software Engineer (SaaS),Technology & Software,Mid-Level,Multi,Industry-specific,800000,1800000,70,6,7,High,20,Medium
WK0458,Data Analyst (SaaS),Data & Analytics,Mid-Level,Multi,Industry-specific,800000,1800000,70,6,7,High,20,Medium
WK0459,Product Manager (Gaming),Product Management,Mid-Level,Multi,Industry-specific,800000,1800000,70,6,7,High,20,Medium
WK0460,Software Engineer (Gaming),Technology & Software,Mid-Level,Multi,Industry-specific,800000,1800000,70,6,7,High,20,Medium
WK0461,Data Analyst (Gaming),Data & Analytics,Mid-Level,Multi,Industry-specific,800000,1800000,70,6,7,High,20,Medium
WK0462,Product Manager (Media),Product Management,Mid-Level,Multi,Industry-specific,800000,1800000,70,6,7,High,20,Medium
WK0463,Software Engineer (Media),Technology & Software,Mid-Level,Multi,Industry-specific,800000,1800000,70,6,7,High,20,Medium
WK0464,Data Analyst (Media),Data & Analytics,Mid-Level,Multi,Industry-specific,800000,1800000,70,6,7,High,20,Medium
WK0465,Product Manager (Retail),Product Management,Mid-Level,Multi,Industry-specific,800000,1800000,70,6,7,High,20,Medium
WK0466,Software Engineer (Retail),Technology & Software,Mid-Level,Multi,Industry-specific,800000,1800000,70,6,7,High,20,Medium
WK0467,Data Analyst (Retail),Data & Analytics,Mid-Level,Multi,Industry-specific,800000,1800000,70,6,7,High,20,Medium
WK0468,Product Manager (Manufacturing),Product Management,Mid-Level,Multi,Industry-specific,800000,1800000,70,6,7,High,20,Medium
WK0469,Software Engineer (Manufacturing),Technology & Software,Mid-Level,Multi,Industry-specific,800000,1800000,70,6,7,High,20,Medium
WK0470,Data Analyst (Manufacturing),Data & Analytics,Mid-Level,Multi,Industry-specific,800000,1800000,70,6,7,High,20,Medium
WK0471,Product Manager (Consulting),Product Management,Mid-Level,Multi,Industry-specific,800000,1800000,70,6,7,High,20,Medium
WK0472,Software Engineer (Consulting),Technology & Software,Mid-Level,Multi,Industry-specific,800000,1800000,70,6,7,High,20,Medium
WK0473,Data Analyst (Consulting),Data & Analytics,Mid-Level,Multi,Industry-specific,800000,1800000,70,6,7,High,20,Medium
WK0474,Regional Sales Manager (Tier 2 Cities),Sales & Business Development,Mid-Level,Multi,Location-specific,600000,1400000,20,6,7,High,15,Low
WK0475,Branch Manager (Banking - Tier 2),Finance & Accounting,Mid-Level,Multi,Location-specific,500000,1200000,20,6,7,High,15,Low
WK0476,District Education Officer,Education & Training,Mid-Level,Multi,Location-specific,400000,800000,20,6,7,High,15,Low
WK0477,Regional Marketing Manager,Marketing & Growth,Mid-Level,Multi,Location-specific,700000,1500000,20,6,7,High,15,Low
WK0478,Factory Operations Manager,Engineering (Non-IT),Mid-Level,Multi,Location-specific,800000,1600000,20,6,7,High,15,Low
WK0479,Supply Chain Manager (Regional),Engineering (Non-IT),Mid-Level,Multi,Location-specific,700000,1500000,20,6,7,High,15,Low
WK0480,Franchise Business Manager,Sales & Business Development,Mid-Level,Multi,Location-specific,500000,1200000,20,6,7,High,15,Low
WK0481,Junior Software Engineer,Technology & Software,Junior,Multi,Level variation,500000,1200000,70,7,7,Medium,20,Medium
WK0482,Associate Software Engineer,Technology & Software,Junior,Multi,Level variation,500000,1200000,70,7,7,Medium,20,Medium
WK0483,Software Engineer,Technology & Software,Mid-Level,Multi,Level variation,900000,2160000,70,7,7,High,20,Medium
WK0484,Specialist Software Engineer,Technology & Software,Mid-Level,Multi,Level variation,900000,2160000,70,7,7,High,20,Medium
WK0485,Senior Software Engineer,Technology & Software,Senior,Multi,Level variation,1500000,3600000,70,5,7,High,20,Medium
WK0486,Lead Software Engineer,Technology & Software,Senior,Multi,Level variation,1500000,3600000,70,5,7,High,20,Medium
WK0487,Manager Software Engineer,Technology & Software,Management,Multi,Level variation,2250000,5400000,70,5,7,Medium,20,Medium
WK0488,Senior Manager Software Engineer,Technology & Software,Management,Multi,Level variation,2250000,5400000,70,5,7,Medium,20,Medium
WK0489,VP Software Engineer,Technology & Software,Executive,Multi,Level variation,3500000,8400000,70,5,7,Medium,20,Medium
WK0490,Head of Software Engineer,Technology & Software,Executive,Multi,Level variation,3500000,8400000,70,5,7,Medium,20,Medium
WK0491,Junior Data Scientist,Data & Analytics,Junior,Multi,Level variation,500000,1200000,70,7,7,Medium,20,Medium
WK0492,Associate Data Scientist,Data & Analytics,Junior,Multi,Level variation,500000,1200000,70,7,7,Medium,20,Medium
WK0493,Data Scientist,Data & Analytics,Mid-Level,Multi,Level variation,900000,2160000,70,7,7,High,20,Medium
WK0494,Specialist Data Scientist,Data & Analytics,Mid-Level,Multi,Level variation,900000,2160000,70,7,7,High,20,Medium
WK0495,Senior Data Scientist,Data & Analytics,Senior,Multi,Level variation,1500000,3600000,70,5,7,High,20,Medium
WK0496,Lead Data Scientist,Data & Analytics,Senior,Multi,Level variation,1500000,3600000,70,5,7,High,20,Medium
WK0497,Manager Data Scientist,Data & Analytics,Management,Multi,Level variation,2250000,5400000,70,5,7,Medium,20,Medium
WK0498,Senior Manager Data Scientist,Data & Analytics,Management,Multi,Level variation,2250000,5400000,70,5,7,Medium,20,Medium
WK0499,VP Data Scientist,Data & Analytics,Executive,Multi,Level variation,3500000,8400000,70,5,7,Medium,20,Medium
WK0500,Head of Data Scientist,Data & Analytics,Executive,Multi,Level variation,3500000,8400000,70,5,7,Medium,20,Medium
WK0501,Junior Product Manager,Product Management,Junior,Multi,Level variation,500000,1200000,70,7,7,Medium,20,Medium
WK0502,Associate Product Manager,Product Management,Junior,Multi,Level variation,500000,1200000,70,7,7,Medium,20,Medium
WK0503,Product Manager,Product Management,Mid-Level,Multi,Level variation,900000,2160000,70,7,7,High,20,Medium
WK0504,Specialist Product Manager,Product Management,Mid-Level,Multi,Level variation,900000,2160000,70,7,7,High,20,Medium
WK0505,Senior Product Manager,Product Management,Senior,Multi,Level variation,1500000,3600000,70,5,7,High,20,Medium
WK0506,Lead Product Manager,Product Management,Senior,Multi,Level variation,1500000,3600000,70,5,7,High,20,Medium
WK0507,Manager Product Manager,Product Management,Management,Multi,Level variation,2250000,5400000,70,5,7,Medium,20,Medium
WK0508,Senior Manager Product Manager,Product Management,Management,Multi,Level variation,2250000,5400000,70,5,7,Medium,20,Medium
WK0509,VP Product Manager,Product Management,Executive,Multi,Level variation,3500000,8400000,70,5,7,Medium,20,Medium
WK0510,Head of Product Manager,Product Management,Executive,Multi,Level variation,3500000,8400000,70,5,7,Medium,20,Medium
WK0511,Junior UX Designer,Design & User Experience,Junior,Multi,Level variation,500000,1200000,70,7,7,Medium,20,Medium
WK0512,Associate UX Designer,Design & User Experience,Junior,Multi,Level variation,500000,1200000,70,7,7,Medium,20,Medium
WK0513,UX Designer,Design & User Experience,Mid-Level,Multi,Level variation,900000,2160000,70,7,7,High,20,Medium
WK0514,Specialist UX Designer,Design & User Experience,Mid-Level,Multi,Level variation,900000,2160000,70,7,7,High,20,Medium
WK0515,Senior UX Designer,Design & User Experience,Senior,Multi,Level variation,1500000,3600000,70,5,7,High,20,Medium
WK0516,Lead UX Designer,Design & User Experience,Senior,Multi,Level variation,1500000,3600000,70,5,7,High,20,Medium
WK0517,Manager UX Designer,Design & User Experience,Management,Multi,Level variation,2250000,5400000,70,5,7,Medium,20,Medium
WK0518,Senior Manager UX Designer,Design & User Experience,Management,Multi,Level variation,2250000,5400000,70,5,7,Medium,20,Medium
WK0519,VP UX Designer,Design & User Experience,Executive,Multi,Level variation,3500000,8400000,70,5,7,Medium,20,Medium
WK0520,Head of UX Designer,Design & User Experience,Executive,Multi,Level variation,3500000,8400000,70,5,7,Medium,20,Medium
WK0521,Junior Marketing Manager,Marketing & Growth,Junior,Multi,Level variation,500000,1200000,70,7,7,Medium,20,Medium
WK0522,Associate Marketing Manager,Marketing & Growth,Junior,Multi,Level variation,500000,1200000,70,7,7,Medium,20,Medium
WK0523,Marketing Manager,Marketing & Growth,Mid-Level,Multi,Level variation,900000,2160000,70,7,7,High,20,Medium
WK0524,Specialist Marketing Manager,Marketing & Growth,Mid-Level,Multi,Level variation,900000,2160000,70,7,7,High,20,Medium
WK0525,Senior Marketing Manager,Marketing & Growth,Senior,Multi,Level variation,1500000,3600000,70,5,7,High,20,Medium
WK0526,Lead Marketing Manager,Marketing & Growth,Senior,Multi,Level variation,1500000,3600000,70,5,7,High,20,Medium
WK0527,Manager Marketing Manager,Marketing & Growth,Management,Multi,Level variation,2250000,5400000,70,5,7,Medium,20,Medium
WK0528,Senior Manager Marketing Manager,Marketing & Growth,Management,Multi,Level variation,2250000,5400000,70,5,7,Medium,20,Medium
WK0529,VP Marketing Manager,Marketing & Growth,Executive,Multi,Level variation,3500000,8400000,70,5,7,Medium,20,Medium
WK0530,Head of Marketing Manager,Marketing & Growth,Executive,Multi,Level variation,3500000,8400000,70,5,7,Medium,20,Medium
WK0531,Junior Sales Manager,Sales & Business Development,Junior,Multi,Level variation,500000,1200000,70,7,7,Medium,20,Medium
WK0532,Associate Sales Manager,Sales & Business Development,Junior,Multi,Level variation,500000,1200000,70,7,7,Medium,20,Medium
WK0533,Sales Manager,Sales & Business Development,Mid-Level,Multi,Level variation,900000,2160000,70,7,7,High,20,Medium
WK0534,Specialist Sales Manager,Sales & Business Development,Mid-Level,Multi,Level variation,900000,2160000,70,7,7,High,20,Medium
WK0535,Senior Sales Manager,Sales & Business Development,Senior,Multi,Level variation,1500000,3600000,70,5,7,High,20,Medium
WK0536,Lead Sales Manager,Sales & Business Development,Senior,Multi,Level variation,1500000,3600000,70,5,7,High,20,Medium
WK0537,Manager Sales Manager,Sales & Business Development,Management,Multi,Level variation,2250000,5400000,70,5,7,Medium,20,Medium
WK0538,Senior Manager Sales Manager,Sales & Business Development,Management,Multi,Level variation,2250000,5400000,70,5,7,Medium,20,Medium
WK0539,VP Sales Manager,Sales & Business Development,Executive,Multi,Level variation,3500000,8400000,70,5,7,Medium,20,Medium
WK0540,Head of Sales Manager,Sales & Business Development,Executive,Multi,Level variation,3500000,8400000,70,5,7,Medium,20,Medium
WK0541,Junior Business Analyst,Data & Analytics,Junior,Multi,Level variation,500000,1200000,70,7,7,Medium,20,Medium
WK0542,Associate Business Analyst,Data & Analytics,Junior,Multi,Level variation,500000,1200000,70,7,7,Medium,20,Medium
WK0543,Business Analyst,Data & Analytics,Mid-Level,Multi,Level variation,900000,2160000,70,7,7,High,20,Medium
WK0544,Specialist Business Analyst,Data & Analytics,Mid-Level,Multi,Level variation,900000,2160000,70,7,7,High,20,Medium
WK0545,Senior Business Analyst,Data & Analytics,Senior,Multi,Level variation,1500000,3600000,70,5,7,High,20,Medium
WK0546,Lead Business Analyst,Data & Analytics,Senior,Multi,Level variation,1500000,3600000,70,5,7,High,20,Medium
WK0547,Manager Business Analyst,Data & Analytics,Management,Multi,Level variation,2250000,5400000,70,5,7,Medium,20,Medium
WK0548,Senior Manager Business Analyst,Data & Analytics,Management,Multi,Level variation,2250000,5400000,70,5,7,Medium,20,Medium
WK0549,VP Business Analyst,Data & Analytics,Executive,Multi,Level variation,3500000,8400000,70,5,7,Medium,20,Medium
WK0550,Head of Business Analyst,Data & Analytics,Executive,Multi,Level variation,3500000,8400000,70,5,7,Medium,20,Medium
WK0551,Junior Project Manager,Technology & Software,Junior,Multi,Level variation,500000,1200000,70,7,7,Medium,20,Medium
WK0552,Associate Project Manager,Technology & Software,Junior,Multi,Level variation,500000,1200000,70,7,7,Medium,20,Medium
WK0553,Project Manager,Technology & Software,Mid-Level,Multi,Level variation,900000,2160000,70,7,7,High,20,Medium
WK0554,Specialist Project Manager,Technology & Software,Mid-Level,Multi,Level variation,900000,2160000,70,7,7,High,20,Medium
WK0555,Senior Project Manager,Technology & Software,Senior,Multi,Level variation,1500000,3600000,70,5,7,High,20,Medium
WK0556,Lead Project Manager,Technology & Software,Senior,Multi,Level variation,1500000,3600000,70,5,7,High,20,Medium
WK0557,Manager Project Manager,Technology & Software,Management,Multi,Level variation,2250000,5400000,70,5,7,Medium,20,Medium
WK0558,Senior Manager Project Manager,Technology & Software,Management,Multi,Level variation,2250000,5400000,70,5,7,Medium,20,Medium
WK0559,VP Project Manager,Technology & Software,Executive,Multi,Level variation,3500000,8400000,70,5,7,Medium,20,Medium
WK0560,Head of Project Manager,Technology & Software,Executive,Multi,Level variation,3500000,8400000,70,5,7,Medium,20,Medium
WK0561,Junior Content Writer,Technology & Software,Junior,Multi,Level variation,500000,1200000,70,7,7,Medium,20,Medium
WK0562,Associate Content Writer,Technology & Software,Junior,Multi,Level variation,500000,1200000,70,7,7,Medium,20,Medium
WK0563,Content Writer,Technology & Software,Mid-Level,Multi,Level variation,900000,2160000,70,7,7,High,20,Medium
WK0564,Specialist Content Writer,Technology & Software,Mid-Level,Multi,Level variation,900000,2160000,70,7,7,High,20,Medium
WK0565,Senior Content Writer,Technology & Software,Senior,Multi,Level variation,1500000,3600000,70,5,7,High,20,Medium
WK0566,Lead Content Writer,Technology & Software,Senior,Multi,Level variation,1500000,3600000,70,5,7,High,20,Medium
WK0567,Manager Content Writer,Technology & Software,Management,Multi,Level variation,2250000,5400000,70,5,7,Medium,20,Medium
WK0568,Senior Manager Content Writer,Technology & Software,Management,Multi,Level variation,2250000,5400000,70,5,7,Medium,20,Medium
WK0569,VP Content Writer,Technology & Software,Executive,Multi,Level variation,3500000,8400000,70,5,7,Medium,20,Medium
WK0570,Head of Content Writer,Technology & Software,Executive,Multi,Level variation,3500000,8400000,70,5,7,Medium,20,Medium
WK0571,Junior Graphic Designer,Design & User Experience,Junior,Multi,Level variation,500000,1200000,70,7,7,Medium,20,Medium
WK0572,Associate Graphic Designer,Design & User Experience,Junior,Multi,Level variation,500000,1200000,70,7,7,Medium,20,Medium
WK0573,Graphic Designer,Design & User Experience,Mid-Level,Multi,Level variation,900000,2160000,70,7,7,High,20,Medium
WK0574,Specialist Graphic Designer,Design & User Experience,Mid-Level,Multi,Level variation,900000,2160000,70,7,7,High,20,Medium
WK0575,Senior Graphic Designer,Design & User Experience,Senior,Multi,Level variation,1500000,3600000,70,5,7,High,20,Medium
WK0576,Lead Graphic Designer,Design & User Experience,Senior,Multi,Level variation,1500000,3600000,70,5,7,High,20,Medium
WK0577,Manager Graphic Designer,Design & User Experience,Management,Multi,Level variation,2250000,5400000,70,5,7,Medium,20,Medium
WK0578,Senior Manager Graphic Designer,Design & User Experience,Management,Multi,Level variation,2250000,5400000,70,5,7,Medium,20,Medium
WK0579,VP Graphic Designer,Design & User Experience,Executive,Multi,Level variation,3500000,8400000,70,5,7,Medium,20,Medium
WK0580,Head of Graphic Designer,Design & User Experience,Executive,Multi,Level variation,3500000,8400000,70,5,7,Medium,20,Medium
WK0581,Junior HR Manager,Human Resources,Junior,Multi,Level variation,500000,1200000,70,7,7,Medium,20,Medium
WK0582,Associate HR Manager,Human Resources,Junior,Multi,Level variation,500000,1200000,70,7,7,Medium,20,Medium
WK0583,HR Manager,Human Resources,Mid-Level,Multi,Level variation,900000,2160000,70,7,7,High,20,Medium
WK0584,Specialist HR Manager,Human Resources,Mid-Level,Multi,Level variation,900000,2160000,70,7,7,High,20,Medium
WK0585,Senior HR Manager,Human Resources,Senior,Multi,Level variation,1500000,3600000,70,5,7,High,20,Medium
WK0586,Lead HR Manager,Human Resources,Senior,Multi,Level variation,1500000,3600000,70,5,7,High,20,Medium
WK0587,Manager HR Manager,Human Resources,Management,Multi,Level variation,2250000,5400000,70,5,7,Medium,20,Medium
WK0588,Senior Manager HR Manager,Human Resources,Management,Multi,Level variation,2250000,5400000,70,5,7,Medium,20,Medium
WK0589,VP HR Manager,Human Resources,Executive,Multi,Level variation,3500000,8400000,70,5,7,Medium,20,Medium
WK0590,Head of HR Manager,Human Resources,Executive,Multi,Level variation,3500000,8400000,70,5,7,Medium,20,Medium
WK0591,Junior Financial Analyst,Data & Analytics,Junior,Multi,Level variation,500000,1200000,70,7,7,Medium,20,Medium
WK0592,Associate Financial Analyst,Data & Analytics,Junior,Multi,Level variation,500000,1200000,70,7,7,Medium,20,Medium
WK0593,Financial Analyst,Data & Analytics,Mid-Level,Multi,Level variation,900000,2160000,70,7,7,High,20,Medium
WK0594,Specialist Financial Analyst,Data & Analytics,Mid-Level,Multi,Level variation,900000,2160000,70,7,7,High,20,Medium
WK0595,Senior Financial Analyst,Data & Analytics,Senior,Multi,Level variation,1500000,3600000,70,5,7,High,20,Medium
WK0596,Lead Financial Analyst,Data & Analytics,Senior,Multi,Level variation,1500000,3600000,70,5,7,High,20,Medium
WK0597,Manager Financial Analyst,Data & Analytics,Management,Multi,Level variation,2250000,5400000,70,5,7,Medium,20,Medium
WK0598,Senior Manager Financial Analyst,Data & Analytics,Management,Multi,Level variation,2250000,5400000,70,5,7,Medium,20,Medium
WK0599,VP Financial Analyst,Data & Analytics,Executive,Multi,Level variation,3500000,8400000,70,5,7,Medium,20,Medium
WK0600,Head of Financial Analyst,Data & Analytics,Executive,Multi,Level variation,3500000,8400000,70,5,7,Medium,20,Medium
WK0601,Junior Account Manager,Sales & Business Development,Junior,Multi,Level variation,500000,1200000,70,7,7,Medium,20,Medium
WK0602,Associate Account Manager,Sales & Business Development,Junior,Multi,Level variation,500000,1200000,70,7,7,Medium,20,Medium
WK0603,Account Manager,Sales & Business Development,Mid-Level,Multi,Level variation,900000,2160000,70,7,7,High,20,Medium
WK0604,Specialist Account Manager,Sales & Business Development,Mid-Level,Multi,Level variation,900000,2160000,70,7,7,High,20,Medium
WK0605,Senior Account Manager,Sales & Business Development,Senior,Multi,Level variation,1500000,3600000,70,5,7,High,20,Medium
WK0606,Lead Account Manager,Sales & Business Development,Senior,Multi,Level variation,1500000,3600000,70,5,7,High,20,Medium
WK0607,Manager Account Manager,Sales & Business Development,Management,Multi,Level variation,2250000,5400000,70,5,7,Medium,20,Medium
WK0608,Senior Manager Account Manager,Sales & Business Development,Management,Multi,Level variation,2250000,5400000,70,5,7,Medium,20,Medium
WK0609,VP Account Manager,Sales & Business Development,Executive,Multi,Level variation,3500000,8400000,70,5,7,Medium,20,Medium
WK0610,Head of Account Manager,Sales & Business Development,Executive,Multi,Level variation,3500000,8400000,70,5,7,Medium,20,Medium
WK0611,Junior Operations Manager,Technology & Software,Junior,Multi,Level variation,500000,1200000,70,7,7,Medium,20,Medium
WK0612,Associate Operations Manager,Technology & Software,Junior,Multi,Level variation,500000,1200000,70,7,7,Medium,20,Medium
WK0613,Operations Manager,Technology & Software,Mid-Level,Multi,Level variation,900000,2160000,70,7,7,High,20,Medium
WK0614,Specialist Operations Manager,Technology & Software,Mid-Level,Multi,Level variation,900000,2160000,70,7,7,High,20,Medium
WK0615,Senior Operations Manager,Technology & Software,Senior,Multi,Level variation,1500000,3600000,70,5,7,High,20,Medium
WK0616,Lead Operations Manager,Technology & Software,Senior,Multi,Level variation,1500000,3600000,70,5,7,High,20,Medium
WK0617,Manager Operations Manager,Technology & Software,Management,Multi,Level variation,2250000,5400000,70,5,7,Medium,20,Medium
WK0618,Senior Manager Operations Manager,Technology & Software,Management,Multi,Level variation,2250000,5400000,70,5,7,Medium,20,Medium
WK0619,VP Operations Manager,Technology & Software,Executive,Multi,Level variation,3500000,8400000,70,5,7,Medium,20,Medium
WK0620,Head of Operations Manager,Technology & Software,Executive,Multi,Level variation,3500000,8400000,70,5,7,Medium,20,Medium
WK0621,Junior DevOps Engineer,Technology & Software,Junior,Multi,Level variation,500000,1200000,70,7,7,Medium,20,Medium
WK0622,Associate DevOps Engineer,Technology & Software,Junior,Multi,Level variation,500000,1200000,70,7,7,Medium,20,Medium
WK0623,DevOps Engineer,Technology & Software,Mid-Level,Multi,Level variation,900000,2160000,70,7,7,High,20,Medium
WK0624,Specialist DevOps Engineer,Technology & Software,Mid-Level,Multi,Level variation,900000,2160000,70,7,7,High,20,Medium
WK0625,Senior DevOps Engineer,Technology & Software,Senior,Multi,Level variation,1500000,3600000,70,5,7,High,20,Medium
WK0626,Lead DevOps Engineer,Technology & Software,Senior,Multi,Level variation,1500000,3600000,70,5,7,High,20,Medium
WK0627,Manager DevOps Engineer,Technology & Software,Management,Multi,Level variation,2250000,5400000,70,5,7,Medium,20,Medium
WK0628,Senior Manager DevOps Engineer,Technology & Software,Management,Multi,Level variation,2250000,5400000,70,5,7,Medium,20,Medium
WK0629,VP DevOps Engineer,Technology & Software,Executive,Multi,Level variation,3500000,8400000,70,5,7,Medium,20,Medium
WK0630,Head of DevOps Engineer,Technology & Software,Executive,Multi,Level variation,3500000,8400000,70,5,7,Medium,20,Medium
WK0631,AWS Solutions Architect,Technology & Software,Senior,Specialized,Domain-specific,1500000,3500000,50,6,7,Medium-High,18,Medium
WK0632,Azure DevOps Engineer,Technology & Software,Mid-Level,Specialized,Domain-specific,1000000,2200000,50,6,7,Medium-High,18,Medium
WK0633,Google Cloud Architect,Technology & Software,Senior,Specialized,Domain-specific,1400000,3200000,50,6,7,Medium-High,18,Medium
WK0634,Multi-Cloud Engineer,Technology & Software,Senior,Specialized,Domain-specific,1600000,3600000,50,6,7,Medium-High,18,Medium
WK0635,Python Developer,Technology & Software,Mid-Level,Specialized,Domain-specific,700000,1600000,50,6,7,Medium-High,18,Medium
WK0636,Java Developer,Technology & Software,Mid-Level,Specialized,Domain-specific,700000,1600000,50,6,7,Medium-High,18,Medium
WK0637,JavaScript Developer,Technology & Software,Mid-Level,Specialized,Domain-specific,600000,1500000,50,6,7,Medium-High,18,Medium
WK0638,Go Developer,Technology & Software,Mid-Level,Specialized,Domain-specific,900000,2000000,50,6,7,Medium-High,18,Medium
WK0639,Rust Developer,Technology & Software,Senior,Specialized,Domain-specific,1200000,2800000,50,6,7,Medium-High,18,Medium
WK0640,Kotlin Developer,Technology & Software,Mid-Level,Specialized,Domain-specific,800000,1800000,50,6,7,Medium-High,18,Medium
WK0641,Swift Developer,Technology & Software,Mid-Level,Specialized,Domain-specific,800000,1900000,50,6,7,Medium-High,18,Medium
WK0642,C++ Developer,Technology & Software,Mid-Level,Specialized,Domain-specific,700000,1700000,50,6,7,Medium-High,18,Medium
WK0643,.NET Developer,Technology & Software,Mid-Level,Specialized,Domain-specific,600000,1400000,50,6,7,Medium-High,18,Medium
WK0644,PHP Developer,Technology & Software,Mid-Level,Specialized,Domain-specific,500000,1200000,50,6,7,Medium-High,18,Medium
WK0645,Ruby Developer,Technology & Software,Mid-Level,Specialized,Domain-specific,700000,1600000,50,6,7,Medium-High,18,Medium
WK0646,Database Administrator,Technology & Software,Mid-Level,Specialized,Domain-specific,700000,1500000,50,6,7,Medium-High,18,Medium
WK0647,MongoDB Developer,Technology & Software,Mid-Level,Specialized,Domain-specific,800000,1700000,50,6,7,Medium-High,18,Medium
WK0648,PostgreSQL Expert,Technology & Software,Senior,Specialized,Domain-specific,1000000,2200000,50,6,7,Medium-High,18,Medium
WK0649,Oracle DBA,Technology & Software,Senior,Specialized,Domain-specific,900000,2000000,50,6,7,Medium-High,18,Medium
WK0650,Redis Specialist,Technology & Software,Mid-Level,Specialized,Domain-specific,800000,1800000,50,6,7,Medium-High,18,Medium
WK0651,Elasticsearch Developer,Technology & Software,Mid-Level,Specialized,Domain-specific,900000,1900000,50,6,7,Medium-High,18,Medium
WK0652,React Developer,Technology & Software,Mid-Level,Specialized,Domain-specific,700000,1600000,50,6,7,Medium-High,18,Medium
WK0653,Angular Developer,Technology & Software,Mid-Level,Specialized,Domain-specific,650000,1500000,50,6,7,Medium-High,18,Medium
WK0654,Vue.js Developer,Technology & Software,Mid-Level,Specialized,Domain-specific,700000,1600000,50,6,7,Medium-High,18,Medium
WK0655,Node.js Developer,Technology & Software,Mid-Level,Specialized,Domain-specific,750000,1700000,50,6,7,Medium-High,18,Medium
WK0656,Django Developer,Technology & Software,Mid-Level,Specialized,Domain-specific,700000,1600000,50,6,7,Medium-High,18,Medium
WK0657,Flask Developer,Technology & Software,Mid-Level,Specialized,Domain-specific,650000,1500000,50,6,7,Medium-High,18,Medium
WK0658,Spring Boot Developer,Technology & Software,Mid-Level,Specialized,Domain-specific,750000,1700000,50,6,7,Medium-High,18,Medium
WK0659,ETL Developer,Data & Analytics,Mid-Level,Specialized,Domain-specific,800000,1700000,50,6,7,Medium-High,18,Medium
WK0660,Data Pipeline Engineer,Data & Analytics,Mid-Level,Specialized,Domain-specific,900000,1900000,50,6,7,Medium-High,18,Medium
WK0661,Apache Airflow Developer,Data & Analytics,Mid-Level,Specialized,Domain-specific,950000,2000000,50,6,7,Medium-High,18,Medium
WK0662,Snowflake Developer,Data & Analytics,Mid-Level,Specialized,Domain-specific,1000000,2200000,50,6,7,Medium-High,18,Medium
WK0663,dbt Developer,Data & Analytics,Mid-Level,Specialized,Domain-specific,900000,1900000,50,6,7,Medium-High,18,Medium
WK0664,TensorFlow Engineer,Data & Analytics,Senior,Specialized,Domain-specific,1400000,3200000,50,6,7,Medium-High,18,Medium
WK0665,PyTorch Engineer,Data & Analytics,Senior,Specialized,Domain-specific,1400000,3200000,50,6,7,Medium-High,18,Medium
WK0666,Hugging Face Specialist,Data & Analytics,Senior,Specialized,Domain-specific,1500000,3500000,50,6,7,Medium-High,18,Medium
WK0667,MLflow Engineer,Data & Analytics,Mid-Level,Specialized,Domain-specific,1000000,2200000,50,6,7,Medium-High,18,Medium
WK0668,Feature Store Engineer,Data & Analytics,Mid-Level,Specialized,Domain-specific,1100000,2400000,50,6,7,Medium-High,18,Medium
WK0669,Emergency Medicine Physician,Healthcare & Medicine,Senior,Specialized,Domain-specific,2000000,5000000,50,6,7,Medium-High,18,Medium
WK0670,Intensivist,Healthcare & Medicine,Senior,Specialized,Domain-specific,2200000,5500000,50,6,7,Medium-High,18,Medium
WK0671,Neonatologist,Healthcare & Medicine,Senior,Specialized,Domain-specific,2000000,5000000,50,6,7,Medium-High,18,Medium
WK0672,Geriatrician,Healthcare & Medicine,Senior,Specialized,Domain-specific,1500000,3500000,50,6,7,Medium-High,18,Medium
WK0673,Sports Medicine Physician,Healthcare & Medicine,Senior,Specialized,Domain-specific,1800000,4000000,50,6,7,Medium-High,18,Medium
WK0674,Pain Management Specialist,Healthcare & Medicine,Senior,Specialized,Domain-specific,1800000,4500000,50,6,7,Medium-High,18,Medium
WK0675,Palliative Care Physician,Healthcare & Medicine,Senior,Specialized,Domain-specific,1500000,3500000,50,6,7,Medium-High,18,Medium
WK0676,Telemedicine Doctor,Healthcare & Medicine,Mid-Level,Specialized,Domain-specific,1000000,2500000,50,6,7,Medium-High,18,Medium
WK0677,Medical Writer,Healthcare & Medicine,Mid-Level,Specialized,Domain-specific,600000,1400000,50,6,7,Medium-High,18,Medium
WK0678,Clinical Research Associate,Healthcare & Medicine,Mid-Level,Specialized,Domain-specific,500000,1200000,50,6,7,Medium-High,18,Medium
WK0679,Medical Affairs Manager,Healthcare & Medicine,Senior,Specialized,Domain-specific,1200000,2800000,50,6,7,Medium-High,18,Medium
WK0680,Healthcare Quality Manager,Healthcare & Medicine,Senior,Specialized,Domain-specific,1000000,2200000,50,6,7,Medium-High,18,Medium
WK0681,Infection Control Officer,Healthcare & Medicine,Mid-Level,Specialized,Domain-specific,700000,1600000,50,6,7,Medium-High,18,Medium
WK0682,Medical Equipment Specialist,Healthcare & Medicine,Mid-Level,Specialized,Domain-specific,600000,1400000,50,6,7,Medium-High,18,Medium
WK0683,Construction Manager,Engineering (Non-IT),Senior,Specialized,Domain-specific,1000000,2500000,50,6,7,Medium-High,18,Medium
WK0684,Highway Engineer,Engineering (Non-IT),Mid-Level,Specialized,Domain-specific,600000,1400000,50,6,7,Medium-High,18,Medium
WK0685,Bridge Engineer,Engineering (Non-IT),Senior,Specialized,Domain-specific,900000,2000000,50,6,7,Medium-High,18,Medium
WK0686,Water Resources Engineer,Engineering (Non-IT),Mid-Level,Specialized,Domain-specific,650000,1500000,50,6,7,Medium-High,18,Medium
WK0687,Environmental Engineer,Engineering (Non-IT),Mid-Level,Specialized,Domain-specific,600000,1400000,50,6,7,Medium-High,18,Medium
WK0688,Geotechnical Engineer,Engineering (Non-IT),Senior,Specialized,Domain-specific,800000,1800000,50,6,7,Medium-High,18,Medium
WK0689,Transportation Engineer,Engineering (Non-IT),Mid-Level,Specialized,Domain-specific,650000,1500000,50,6,7,Medium-High,18,Medium
WK0690,HVAC Engineer,Engineering (Non-IT),Mid-Level,Specialized,Domain-specific,600000,1400000,50,6,7,Medium-High,18,Medium
WK0691,Fire Safety Engineer,Engineering (Non-IT),Mid-Level,Specialized,Domain-specific,600000,1400000,50,6,7,Medium-High,18,Medium
WK0692,Building Services Engineer,Engineering (Non-IT),Mid-Level,Specialized,Domain-specific,650000,1500000,50,6,7,Medium-High,18,Medium
WK0693,Quantity Surveyor,Engineering (Non-IT),Mid-Level,Specialized,Domain-specific,550000,1300000,50,6,7,Medium-High,18,Medium
WK0694,Instrumentation Engineer,Engineering (Non-IT),Mid-Level,Specialized,Domain-specific,600000,1400000,50,6,7,Medium-High,18,Medium
WK0695,Control Systems Engineer,Engineering (Non-IT),Mid-Level,Specialized,Domain-specific,700000,1600000,50,6,7,Medium-High,18,Medium
WK0696,Packaging Engineer,Engineering (Non-IT),Mid-Level,Specialized,Domain-specific,500000,1200000,50,6,7,Medium-High,18,Medium
WK0697,Food Processing Engineer,Engineering (Non-IT),Mid-Level,Specialized,Domain-specific,550000,1300000,50,6,7,Medium-High,18,Medium
WK0698,Textile Engineer,Engineering (Non-IT),Mid-Level,Specialized,Domain-specific,450000,1100000,50,6,7,Medium-High,18,Medium
WK0699,Mining Engineer,Engineering (Non-IT),Mid-Level,Specialized,Domain-specific,700000,1600000,50,6,7,Medium-High,18,Medium
WK0700,Petroleum Engineer,Engineering (Non-IT),Senior,Specialized,Domain-specific,1200000,3000000,50,6,7,Medium-High,18,Medium
WK0701,Color Grading Specialist,Creative Arts & Media,Mid-Level,Specialized,Domain-specific,500000,1200000,50,6,7,Medium-High,18,Medium
WK0702,Foley Artist,Creative Arts & Media,Mid-Level,Specialized,Domain-specific,400000,1000000,50,6,7,Medium-High,18,Medium
WK0703,Mixing Engineer,Creative Arts & Media,Mid-Level,Specialized,Domain-specific,450000,1100000,50,6,7,Medium-High,18,Medium
WK0704,Mastering Engineer,Creative Arts & Media,Senior,Specialized,Domain-specific,600000,1500000,50,6,7,Medium-High,18,Medium
WK0705,Live Sound Engineer,Creative Arts & Media,Mid-Level,Specialized,Domain-specific,400000,1000000,50,6,7,Medium-High,18,Medium
WK0706,Lighting Designer,Creative Arts & Media,Mid-Level,Specialized,Domain-specific,450000,1100000,50,6,7,Medium-High,18,Medium
WK0707,Set Designer,Creative Arts & Media,Mid-Level,Specialized,Domain-specific,400000,1000000,50,6,7,Medium-High,18,Medium
WK0708,Costume Designer,Creative Arts & Media,Mid-Level,Specialized,Domain-specific,400000,1000000,50,6,7,Medium-High,18,Medium
WK0709,Makeup Artist,Creative Arts & Media,Mid-Level,Specialized,Domain-specific,300000,800000,50,6,7,Medium-High,18,Medium
WK0710,Prop Master,Creative Arts & Media,Mid-Level,Specialized,Domain-specific,350000,900000,50,6,7,Medium-High,18,Medium
WK0711,Gaffer,Creative Arts & Media,Mid-Level,Specialized,Domain-specific,400000,1000000,50,6,7,Medium-High,18,Medium
WK0712,Grip,Creative Arts & Media,Junior,Specialized,Domain-specific,250000,600000,50,6,7,Medium-High,18,Medium
WK0713,Script Supervisor,Creative Arts & Media,Mid-Level,Specialized,Domain-specific,400000,1000000,50,6,7,Medium-High,18,Medium
WK0714,Casting Director,Creative Arts & Media,Senior,Specialized,Domain-specific,600000,1500000,50,6,7,Medium-High,18,Medium
WK0715,Production Designer,Creative Arts & Media,Senior,Specialized,Domain-specific,700000,1800000,50,6,7,Medium-High,18,Medium
WK0716,Storyboard Artist,Creative Arts & Media,Mid-Level,Specialized,Domain-specific,400000,1000000,50,6,7,Medium-High,18,Medium
WK0717,Character Designer,Creative Arts & Media,Mid-Level,Specialized,Domain-specific,500000,1200000,50,6,7,Medium-High,18,Medium
WK0718,Background Artist,Creative Arts & Media,Mid-Level,Specialized,Domain-specific,400000,1000000,50,6,7,Medium-High,18,Medium
WK0719,Texture Artist,Creative Arts & Media,Mid-Level,Specialized,Domain-specific,500000,1200000,50,6,7,Medium-High,18,Medium
WK0720,Rigging Artist,Creative Arts & Media,Mid-Level,Specialized,Domain-specific,550000,1300000,50,6,7,Medium-High,18,Medium
WK0721,Wealth Manager,Finance & Accounting,Senior,Specialized,Domain-specific,1200000,3000000,50,6,7,Medium-High,18,Medium
WK0722,Private Banker,Finance & Accounting,Senior,Specialized,Domain-specific,1000000,2500000,50,6,7,Medium-High,18,Medium
WK0723,Mutual Fund Manager,Finance & Accounting,Senior,Specialized,Domain-specific,1500000,4000000,50,6,7,Medium-High,18,Medium
WK0724,Hedge Fund Analyst,Finance & Accounting,Senior,Specialized,Domain-specific,2000000,5000000,50,6,7,Medium-High,18,Medium
WK0725,Derivatives Trader,Finance & Accounting,Senior,Specialized,Domain-specific,1800000,4500000,50,6,7,Medium-High,18,Medium
WK0726,Fixed Income Analyst,Finance & Accounting,Mid-Level,Specialized,Domain-specific,900000,2000000,50,6,7,Medium-High,18,Medium
WK0727,Credit Risk Analyst,Finance & Accounting,Mid-Level,Specialized,Domain-specific,700000,1600000,50,6,7,Medium-High,18,Medium
WK0728,Market Risk Analyst,Finance & Accounting,Mid-Level,Specialized,Domain-specific,800000,1800000,50,6,7,Medium-High,18,Medium
WK0729,Operational Risk Manager,Finance & Accounting,Senior,Specialized,Domain-specific,1200000,2800000,50,6,7,Medium-High,18,Medium
WK0730,Compliance Analyst,Finance & Accounting,Mid-Level,Specialized,Domain-specific,600000,1400000,50,6,7,Medium-High,18,Medium
WK0731,Anti-Money Laundering Analyst,Finance & Accounting,Mid-Level,Specialized,Domain-specific,600000,1400000,50,6,7,Medium-High,18,Medium
WK0732,Fraud Analyst,Finance & Accounting,Mid-Level,Specialized,Domain-specific,550000,1300000,50,6,7,Medium-High,18,Medium
WK0733,Tax Manager,Finance & Accounting,Senior,Specialized,Domain-specific,1000000,2200000,50,6,7,Medium-High,18,Medium
WK0734,GST Consultant,Finance & Accounting,Mid-Level,Specialized,Domain-specific,600000,1400000,50,6,7,Medium-High,18,Medium
WK0735,Transfer Pricing Specialist,Finance & Accounting,Senior,Specialized,Domain-specific,1200000,2800000,50,6,7,Medium-High,18,Medium
WK0736,Forensic Accountant,Finance & Accounting,Senior,Specialized,Domain-specific,1000000,2400000,50,6,7,Medium-High,18,Medium
WK0737,Internal Auditor,Finance & Accounting,Mid-Level,Specialized,Domain-specific,600000,1400000,50,6,7,Medium-High,18,Medium
WK0738,External Auditor,Finance & Accounting,Mid-Level,Specialized,Domain-specific,600000,1400000,50,6,7,Medium-High,18,Medium
WK0739,Montessori Teacher,Education & Training,Mid-Level,Specialized,Domain-specific,300000,700000,50,6,7,Medium-High,18,Medium
WK0740,Special Education Teacher,Education & Training,Mid-Level,Specialized,Domain-specific,350000,800000,50,6,7,Medium-High,18,Medium
WK0741,School Counselor,Education & Training,Mid-Level,Specialized,Domain-specific,400000,900000,50,6,7,Medium-High,18,Medium
WK0742,Career Counselor,Education & Training,Mid-Level,Specialized,Domain-specific,400000,1000000,50,6,7,Medium-High,18,Medium
WK0743,Academic Advisor,Education & Training,Mid-Level,Specialized,Domain-specific,400000,900000,50,6,7,Medium-High,18,Medium
WK0744,Curriculum Developer,Education & Training,Senior,Specialized,Domain-specific,600000,1400000,50,6,7,Medium-High,18,Medium
WK0745,Instructional Coach,Education & Training,Senior,Specialized,Domain-specific,550000,1300000,50,6,7,Medium-High,18,Medium
WK0746,Education Technology Specialist,Education & Training,Mid-Level,Specialized,Domain-specific,500000,1200000,50,6,7,Medium-High,18,Medium
WK0747,Assessment Specialist,Education & Training,Mid-Level,Specialized,Domain-specific,450000,1100000,50,6,7,Medium-High,18,Medium
WK0748,School Administrator,Education & Training,Senior,Specialized,Domain-specific,700000,1600000,50,6,7,Medium-High,18,Medium
WK0749,Academic Dean,Education & Training,Executive,Specialized,Domain-specific,1000000,2500000,50,6,7,Medium-High,18,Medium
WK0750,University Professor,Education & Training,Senior,Specialized,Domain-specific,800000,2000000,50,6,7,Medium-High,18,Medium
WK0751,Research Fellow,Education & Training,Mid-Level,Specialized,Domain-specific,500000,1200000,50,6,7,Medium-High,18,Medium
WK0752,Online Course Designer,Education & Training,Mid-Level,Specialized,Domain-specific,500000,1200000,50,6,7,Medium-High,18,Medium
WK0753,Learning Management System Administrator,Education & Training,Mid-Level,Specialized,Domain-specific,450000,1100000,50,6,7,Medium-High,18,Medium
WK0754,IAS Officer,Government & Public Sector,Executive,Leader,Public Service,800000,2000000,10,6,8,Stable,5,Very Low
WK0755,IPS Officer,Government & Public Sector,Executive,Leader,Public Service,800000,2000000,10,6,8,Stable,5,Very Low
WK0756,IFS Officer,Government & Public Sector,Executive,Leader,Public Service,800000,2000000,10,6,8,Stable,5,Very Low
WK0757,Civil Services Officer,Government & Public Sector,Executive,Leader,Public Service,700000,1800000,10,6,8,Stable,5,Very Low
WK0758,Public Policy Analyst,Government & Public Sector,Mid-Level,Leader,Public Service,600000,1400000,10,6,8,Stable,5,Very Low
WK0759,Government Program Manager,Government & Public Sector,Senior,Leader,Public Service,700000,1600000,10,6,8,Stable,5,Very Low
WK0760,Municipal Commissioner,Government & Public Sector,Executive,Leader,Public Service,1000000,2500000,10,6,8,Stable,5,Very Low
WK0761,District Magistrate,Government & Public Sector,Executive,Leader,Public Service,900000,2200000,10,6,8,Stable,5,Very Low
WK0762,Public Health Officer,Healthcare & Medicine,Senior,Leader,Public Service,700000,1600000,10,6,8,Stable,5,Very Low
WK0763,Food Safety Officer,Government & Public Sector,Mid-Level,Leader,Public Service,500000,1200000,10,6,8,Stable,5,Very Low
WK0764,Forest Officer,Government & Public Sector,Mid-Level,Leader,Public Service,600000,1400000,10,6,8,Stable,5,Very Low
WK0765,Agricultural Officer,Government & Public Sector,Mid-Level,Leader,Public Service,500000,1200000,10,6,8,Stable,5,Very Low
WK0766,Urban Planner,Architecture & Urban Planning,Senior,Leader,Public Service,700000,1600000,10,6,8,Stable,5,Very Low
WK0767,Transport Officer,Government & Public Sector,Mid-Level,Leader,Public Service,500000,1200000,10,6,8,Stable,5,Very Low
WK0768,Hotel General Manager,Hospitality & Tourism,Executive,Connector,Service-oriented,1000000,2500000,5,5,7,Medium,12,Medium
WK0769,Restaurant Manager,Hospitality & Tourism,Senior,Connector,Service-oriented,500000,1200000,5,5,7,Medium,12,Medium
WK0770,Executive Chef,Hospitality & Tourism,Senior,Connector,Service-oriented,700000,1800000,5,5,7,Medium,12,Medium
WK0771,Sous Chef,Hospitality & Tourism,Mid-Level,Connector,Service-oriented,400000,900000,5,5,7,Medium,12,Medium
WK0772,Pastry Chef,Hospitality & Tourism,Mid-Level,Connector,Service-oriented,350000,800000,5,5,7,Medium,12,Medium
WK0773,Banquet Manager,Hospitality & Tourism,Mid-Level,Connector,Service-oriented,450000,1000000,5,5,7,Medium,12,Medium
WK0774,Front Office Manager,Hospitality & Tourism,Mid-Level,Connector,Service-oriented,400000,900000,5,5,7,Medium,12,Medium
WK0775,Housekeeping Manager,Hospitality & Tourism,Mid-Level,Connector,Service-oriented,350000,800000,5,5,7,Medium,12,Medium
WK0776,F&B Manager,Hospitality & Tourism,Senior,Connector,Service-oriented,600000,1400000,5,5,7,Medium,12,Medium
WK0777,Event Coordinator,Hospitality & Tourism,Mid-Level,Connector,Service-oriented,400000,1000000,5,5,7,Medium,12,Medium
WK0778,Wedding Planner,Hospitality & Tourism,Mid-Level,Connector,Service-oriented,350000,900000,5,5,7,Medium,12,Medium
WK0779,Travel Consultant,Hospitality & Tourism,Mid-Level,Connector,Service-oriented,300000,700000,5,5,7,Medium,12,Medium
WK0780,Tour Guide,Hospitality & Tourism,Junior,Connector,Service-oriented,250000,600000,5,5,7,Medium,12,Medium
WK0781,Cruise Director,Hospitality & Tourism,Senior,Connector,Service-oriented,800000,2000000,5,5,7,Medium,12,Medium
WK0782,Revenue Manager (Hotel),Hospitality & Tourism,Senior,Connector,Service-oriented,700000,1600000,5,5,7,Medium,12,Medium
WK0783,Guest Relations Manager,Hospitality & Tourism,Mid-Level,Connector,Service-oriented,400000,1000000,5,5,7,Medium,12,Medium
WK0784,Concierge,Hospitality & Tourism,Mid-Level,Connector,Service-oriented,300000,700000,5,5,7,Medium,12,Medium
WK0785,Sommelier,Hospitality & Tourism,Mid-Level,Connector,Service-oriented,400000,1000000,5,5,7,Medium,12,Medium
WK0786,Bartender,Hospitality & Tourism,Junior,Connector,Service-oriented,250000,600000,5,5,7,Medium,12,Medium
WK0787,Catering Manager,Hospitality & Tourism,Senior,Connector,Service-oriented,500000,1200000,5,5,7,Medium,12,Medium
WK0788,NGO Program Director,Social Work & NGO,Executive,Connector,Impact-driven,800000,1800000,30,6,9,Medium,10,Low
WK0789,Project Coordinator (NGO),Social Work & NGO,Mid-Level,Connector,Impact-driven,400000,900000,30,6,9,Medium,10,Low
WK0790,Field Officer,Social Work & NGO,Junior,Connector,Impact-driven,300000,600000,30,6,9,Medium,10,Low
WK0791,Community Mobilizer,Social Work & NGO,Mid-Level,Connector,Impact-driven,350000,700000,30,6,9,Medium,10,Low
WK0792,Grant Writer,Social Work & NGO,Mid-Level,Connector,Impact-driven,400000,1000000,30,6,9,Medium,10,Low
WK0793,Fundraising Manager,Social Work & NGO,Senior,Connector,Impact-driven,600000,1400000,30,6,9,Medium,10,Low
WK0794,Impact Assessment Specialist,Social Work & NGO,Senior,Connector,Impact-driven,700000,1600000,30,6,9,Medium,10,Low
WK0795,M&E Officer,Social Work & NGO,Mid-Level,Connector,Impact-driven,500000,1200000,30,6,9,Medium,10,Low
WK0796,CSR Manager,Social Work & NGO,Senior,Connector,Impact-driven,800000,1800000,30,6,9,Medium,10,Low
WK0797,Sustainability Manager,Social Work & NGO,Senior,Connector,Impact-driven,900000,2000000,30,6,9,Medium,10,Low
WK0798,Development Consultant,Social Work & NGO,Senior,Connector,Impact-driven,700000,1600000,30,6,9,Medium,10,Low
WK0799,Social Worker,Social Work & NGO,Mid-Level,Connector,Impact-driven,300000,700000,30,6,9,Medium,10,Low
WK0800,Counselor (NGO),Social Work & NGO,Mid-Level,Connector,Impact-driven,350000,800000,30,6,9,Medium,10,Low
WK0801,Child Protection Officer,Social Work & NGO,Mid-Level,Connector,Impact-driven,400000,900000,30,6,9,Medium,10,Low
WK0802,Women Empowerment Coordinator,Social Work & NGO,Mid-Level,Connector,Impact-driven,350000,800000,30,6,9,Medium,10,Low
WK0803,Livelihood Coordinator,Social Work & NGO,Mid-Level,Connector,Impact-driven,400000,900000,30,6,9,Medium,10,Low
WK0804,Advocacy Manager,Social Work & NGO,Senior,Connector,Impact-driven,600000,1400000,30,6,9,Medium,10,Low
WK0805,Technical Support Engineer,Technology & Software,Junior,Varied,Entry-level friendly,300000,600000,40,6,7,Medium-High,15,Medium
WK0806,Help Desk Analyst,Technology & Software,Junior,Varied,Entry-level friendly,250000,500000,40,6,7,Medium-High,15,Medium
WK0807,IT Support Specialist,Technology & Software,Junior,Varied,Entry-level friendly,300000,600000,40,6,7,Medium-High,15,Medium
WK0808,Systems Administrator,Technology & Software,Mid-Level,Varied,Entry-level friendly,500000,1100000,40,6,7,Medium-High,15,Medium
WK0809,Network Administrator,Technology & Software,Mid-Level,Varied,Entry-level friendly,500000,1100000,40,6,7,Medium-High,15,Medium
WK0810,Linux Administrator,Technology & Software,Mid-Level,Varied,Entry-level friendly,600000,1300000,40,6,7,Medium-High,15,Medium
WK0811,Windows Administrator,Technology & Software,Mid-Level,Varied,Entry-level friendly,550000,1200000,40,6,7,Medium-High,15,Medium
WK0812,Application Support Engineer,Technology & Software,Mid-Level,Varied,Entry-level friendly,500000,1100000,40,6,7,Medium-High,15,Medium
WK0813,Release Manager,Technology & Software,Senior,Varied,Entry-level friendly,1000000,2200000,40,6,7,Medium-High,15,Medium
WK0814,Configuration Manager,Technology & Software,Mid-Level,Varied,Entry-level friendly,700000,1500000,40,6,7,Medium-High,15,Medium
WK0815,Operations Manager,Engineering (Non-IT),Senior,Varied,Entry-level friendly,700000,1600000,40,6,7,Medium-High,15,Medium
WK0816,Office Manager,Human Resources,Mid-Level,Varied,Entry-level friendly,400000,900000,40,6,7,Medium-High,15,Medium
WK0817,Executive Assistant,Human Resources,Mid-Level,Varied,Entry-level friendly,400000,900000,40,6,7,Medium-High,15,Medium
WK0818,Administrative Assistant,Human Resources,Junior,Varied,Entry-level friendly,250000,500000,40,6,7,Medium-High,15,Medium
WK0819,Receptionist,Human Resources,Junior,Varied,Entry-level friendly,180000,400000,40,6,7,Medium-High,15,Medium
WK0820,Office Administrator,Human Resources,Mid-Level,Varied,Entry-level friendly,350000,700000,40,6,7,Medium-High,15,Medium
WK0821,Facilities Manager,Human Resources,Senior,Varied,Entry-level friendly,600000,1400000,40,6,7,Medium-High,15,Medium
WK0822,Vendor Manager,Engineering (Non-IT),Mid-Level,Varied,Entry-level friendly,500000,1200000,40,6,7,Medium-High,15,Medium
WK0823,Procurement Manager,Engineering (Non-IT),Senior,Varied,Entry-level friendly,700000,1600000,40,6,7,Medium-High,15,Medium
WK0824,Supply Chain Analyst,Engineering (Non-IT),Mid-Level,Varied,Entry-level friendly,500000,1200000,40,6,7,Medium-High,15,Medium
WK0825,Logistics Coordinator,Engineering (Non-IT),Mid-Level,Varied,Entry-level friendly,400000,1000000,40,6,7,Medium-High,15,Medium
WK0826,Warehouse Manager,Engineering (Non-IT),Mid-Level,Varied,Entry-level friendly,450000,1000000,40,6,7,Medium-High,15,Medium
WK0827,Inventory Manager,Engineering (Non-IT),Mid-Level,Varied,Entry-level friendly,450000,1000000,40,6,7,Medium-High,15,Medium
WK0828,Quality Assurance Manager,Engineering (Non-IT),Senior,Varied,Entry-level friendly,700000,1600000,40,6,7,Medium-High,15,Medium
WK0829,Process Improvement Specialist,Engineering (Non-IT),Mid-Level,Varied,Entry-level friendly,600000,1400000,40,6,7,Medium-High,15,Medium
WK0830,Lean Six Sigma Specialist,Consulting & Strategy,Senior,Varied,Entry-level friendly,900000,2000000,40,6,7,Medium-High,15,Medium
WK0831,Store Manager,Sales & Business Development,Mid-Level,Varied,Entry-level friendly,400000,900000,40,6,7,Medium-High,15,Medium
WK0832,Assistant Store Manager,Sales & Business Development,Junior,Varied,Entry-level friendly,300000,600000,40,6,7,Medium-High,15,Medium
WK0833,Retail Operations Manager,Sales & Business Development,Senior,Varied,Entry-level friendly,600000,1400000,40,6,7,Medium-High,15,Medium
WK0834,Visual Merchandiser,Creative Arts & Media,Mid-Level,Varied,Entry-level friendly,350000,800000,40,6,7,Medium-High,15,Medium
WK0835,Category Manager,Product Management,Senior,Varied,Entry-level friendly,900000,2000000,40,6,7,Medium-High,15,Medium
WK0836,Buying Manager,Product Management,Senior,Varied,Entry-level friendly,800000,1800000,40,6,7,Medium-High,15,Medium
WK0837,Merchandising Manager,Product Management,Senior,Varied,Entry-level friendly,700000,1600000,40,6,7,Medium-High,15,Medium
WK0838,E-commerce Manager,Product Management,Senior,Varied,Entry-level friendly,900000,2000000,40,6,7,Medium-High,15,Medium
WK0839,Marketplace Manager,Product Management,Senior,Varied,Entry-level friendly,900000,2000000,40,6,7,Medium-High,15,Medium
WK0840,Inventory Planner,Engineering (Non-IT),Mid-Level,Varied,Entry-level friendly,500000,1200000,40,6,7,Medium-High,15,Medium
WK0841,Demand Planner,Data & Analytics,Mid-Level,Varied,Entry-level friendly,600000,1400000,40,6,7,Medium-High,15,Medium
WK0842,Supply Planner,Engineering (Non-IT),Mid-Level,Varied,Entry-level friendly,550000,1300000,40,6,7,Medium-High,15,Medium
WK0843,Customer Service Representative,Sales & Business Development,Junior,Varied,Entry-level friendly,250000,500000,40,6,7,Medium-High,15,Medium
WK0844,Customer Support Specialist,Sales & Business Development,Junior,Varied,Entry-level friendly,300000,600000,40,6,7,Medium-High,15,Medium
WK0845,Call Center Agent,Sales & Business Development,Junior,Varied,Entry-level friendly,200000,450000,40,6,7,Medium-High,15,Medium
WK0846,Customer Experience Manager,Product Management,Senior,Varied,Entry-level friendly,800000,1800000,40,6,7,Medium-High,15,Medium
WK0847,Voice of Customer Analyst,Data & Analytics,Mid-Level,Varied,Entry-level friendly,600000,1400000,40,6,7,Medium-High,15,Medium
WK0848,Customer Operations Manager,Sales & Business Development,Senior,Varied,Entry-level friendly,700000,1600000,40,6,7,Medium-High,15,Medium
WK0849,Support Team Lead,Sales & Business Development,Mid-Level,Varied,Entry-level friendly,500000,1200000,40,6,7,Medium-High,15,Medium
WK0850,Technical Support Manager,Technology & Software,Senior,Varied,Entry-level friendly,800000,1800000,40,6,7,Medium-High,15,Medium
WK0851,Corporate Counsel,Legal & Compliance,Senior,Varied,Entry-level friendly,1200000,3000000,40,6,7,Medium-High,15,Medium
WK0852,Legal Associate,Legal & Compliance,Mid-Level,Varied,Entry-level friendly,600000,1400000,40,6,7,Medium-High,15,Medium
WK0853,Legal Consultant,Legal & Compliance,Senior,Varied,Entry-level friendly,1000000,2500000,40,6,7,Medium-High,15,Medium
WK0854,Contract Manager,Legal & Compliance,Mid-Level,Varied,Entry-level friendly,700000,1600000,40,6,7,Medium-High,15,Medium
WK0855,Paralegal,Legal & Compliance,Junior,Varied,Entry-level friendly,350000,700000,40,6,7,Medium-High,15,Medium
WK0856,Legal Researcher,Legal & Compliance,Junior,Varied,Entry-level friendly,350000,700000,40,6,7,Medium-High,15,Medium
WK0857,Intellectual Property Manager,Legal & Compliance,Senior,Varied,Entry-level friendly,1200000,2800000,40,6,7,Medium-High,15,Medium
WK0858,Patent Attorney,Legal & Compliance,Senior,Varied,Entry-level friendly,1400000,3500000,40,6,7,Medium-High,15,Medium
WK0859,Trademark Attorney,Legal & Compliance,Senior,Varied,Entry-level friendly,1200000,3000000,40,6,7,Medium-High,15,Medium
WK0860,Compliance Manager,Legal & Compliance,Senior,Varied,Entry-level friendly,1000000,2400000,40,6,7,Medium-High,15,Medium
WK0861,Regulatory Affairs Manager,Legal & Compliance,Senior,Varied,Entry-level friendly,1100000,2600000,40,6,7,Medium-High,15,Medium
WK0862,Data Privacy Officer,Legal & Compliance,Senior,Varied,Entry-level friendly,1200000,2800000,40,6,7,Medium-High,15,Medium
WK0863,GDPR Compliance Officer,Legal & Compliance,Mid-Level,Varied,Entry-level friendly,800000,1800000,40,6,7,Medium-High,15,Medium
WK0864,News Reporter,Journalism & Media,Mid-Level,Varied,Entry-level friendly,300000,700000,40,6,7,Medium-High,15,Medium
WK0865,News Editor,Journalism & Media,Senior,Varied,Entry-level friendly,500000,1200000,40,6,7,Medium-High,15,Medium
WK0866,Video Journalist,Journalism & Media,Mid-Level,Varied,Entry-level friendly,350000,800000,40,6,7,Medium-High,15,Medium
WK0867,Anchor,Journalism & Media,Senior,Varied,Entry-level friendly,600000,1500000,40,6,7,Medium-High,15,Medium
WK0868,Radio Jockey,Journalism & Media,Mid-Level,Varied,Entry-level friendly,300000,800000,40,6,7,Medium-High,15,Medium
WK0869,Content Producer,Creative Arts & Media,Mid-Level,Varied,Entry-level friendly,400000,1000000,40,6,7,Medium-High,15,Medium
WK0870,News Producer,Journalism & Media,Senior,Varied,Entry-level friendly,600000,1400000,40,6,7,Medium-High,15,Medium
WK0871,Assignment Editor,Journalism & Media,Mid-Level,Varied,Entry-level friendly,400000,1000000,40,6,7,Medium-High,15,Medium
WK0872,Chief Editor,Journalism & Media,Executive,Varied,Entry-level friendly,1000000,2500000,40,6,7,Medium-High,15,Medium
WK0873,Investigative Journalist,Journalism & Media,Senior,Varied,Entry-level friendly,500000,1200000,40,6,7,Medium-High,15,Medium
WK0874,Political Reporter,Journalism & Media,Mid-Level,Varied,Entry-level friendly,400000,1000000,40,6,7,Medium-High,15,Medium
WK0875,Business Journalist,Journalism & Media,Mid-Level,Varied,Entry-level friendly,450000,1100000,40,6,7,Medium-High,15,Medium
WK0876,Sports Journalist,Journalism & Media,Mid-Level,Varied,Entry-level friendly,350000,900000,40,6,7,Medium-High,15,Medium
WK0877,Entertainment Reporter,Journalism & Media,Mid-Level,Varied,Entry-level friendly,350000,900000,40,6,7,Medium-High,15,Medium
WK0878,Social Media Journalist,Journalism & Media,Mid-Level,Varied,Entry-level friendly,400000,1000000,40,6,7,Medium-High,15,Medium
WK0879,Architect,Architecture & Urban Planning,Senior,Varied,Entry-level friendly,700000,1800000,40,6,7,Medium-High,15,Medium
WK0880,Junior Architect,Architecture & Urban Planning,Junior,Varied,Entry-level friendly,350000,700000,40,6,7,Medium-High,15,Medium
WK0881,Interior Designer,Architecture & Urban Planning,Mid-Level,Varied,Entry-level friendly,400000,1000000,40,6,7,Medium-High,15,Medium
WK0882,Landscape Architect,Architecture & Urban Planning,Mid-Level,Varied,Entry-level friendly,500000,1200000,40,6,7,Medium-High,15,Medium
WK0883,Urban Designer,Architecture & Urban Planning,Senior,Varied,Entry-level friendly,700000,1600000,40,6,7,Medium-High,15,Medium
WK0884,3D Visualizer,Creative Arts & Media,Mid-Level,Varied,Entry-level friendly,400000,1000000,40,6,7,Medium-High,15,Medium
WK0885,BIM Manager,Architecture & Urban Planning,Senior,Varied,Entry-level friendly,800000,1800000,40,6,7,Medium-High,15,Medium
WK0886,Real Estate Agent,Sales & Business Development,Mid-Level,Varied,Entry-level friendly,400000,1200000,40,6,7,Medium-High,15,Medium
WK0887,Real Estate Broker,Sales & Business Development,Senior,Varied,Entry-level friendly,600000,1800000,40,6,7,Medium-High,15,Medium
WK0888,Property Manager,Sales & Business Development,Mid-Level,Varied,Entry-level friendly,500000,1200000,40,6,7,Medium-High,15,Medium
WK0889,Real Estate Analyst,Finance & Accounting,Mid-Level,Varied,Entry-level friendly,600000,1400000,40,6,7,Medium-High,15,Medium
WK0890,Real Estate Developer,Entrepreneurship & Startups,Executive,Varied,Entry-level friendly,1500000,5000000,40,6,7,Medium-High,15,Medium
WK0891,Personal Trainer,Sports & Fitness,Mid-Level,Varied,Entry-level friendly,300000,800000,40,6,7,Medium-High,15,Medium
WK0892,Gym Instructor,Sports & Fitness,Junior,Varied,Entry-level friendly,200000,500000,40,6,7,Medium-High,15,Medium
WK0893,Yoga Instructor,Sports & Fitness,Mid-Level,Varied,Entry-level friendly,300000,700000,40,6,7,Medium-High,15,Medium
WK0894,Pilates Instructor,Sports & Fitness,Mid-Level,Varied,Entry-level friendly,300000,700000,40,6,7,Medium-High,15,Medium
WK0895,Zumba Instructor,Sports & Fitness,Junior,Varied,Entry-level friendly,200000,500000,40,6,7,Medium-High,15,Medium
WK0896,Nutritionist,Sports & Fitness,Mid-Level,Varied,Entry-level friendly,400000,900000,40,6,7,Medium-High,15,Medium
WK0897,Dietitian,Healthcare & Medicine,Mid-Level,Varied,Entry-level friendly,400000,1000000,40,6,7,Medium-High,15,Medium
WK0898,Sports Coach,Sports & Fitness,Mid-Level,Varied,Entry-level friendly,400000,1000000,40,6,7,Medium-High,15,Medium
WK0899,Athletic Trainer,Sports & Fitness,Mid-Level,Varied,Entry-level friendly,400000,1000000,40,6,7,Medium-High,15,Medium
WK0900,Sports Physiotherapist,Healthcare & Medicine,Mid-Level,Varied,Entry-level friendly,500000,1200000,40,6,7,Medium-High,15,Medium
WK0901,Wellness Coach,Sports & Fitness,Mid-Level,Varied,Entry-level friendly,400000,1000000,40,6,7,Medium-High,15,Medium
WK0902,Life Coach,Sports & Fitness,Mid-Level,Varied,Entry-level friendly,400000,1200000,40,6,7,Medium-High,15,Medium
WK0903,Mental Health Coach,Healthcare & Medicine,Mid-Level,Varied,Entry-level friendly,500000,1200000,40,6,7,Medium-High,15,Medium
WK0904,Mindfulness Instructor,Sports & Fitness,Mid-Level,Varied,Entry-level friendly,300000,800000,40,6,7,Medium-High,15,Medium
WK0905,Meditation Teacher,Sports & Fitness,Mid-Level,Varied,Entry-level friendly,250000,700000,40,6,7,Medium-High,15,Medium
WK0906,Dental Assistant,Healthcare & Medicine,Entry,Caregiver,"Caregiver: 3, Caregiver: 2",250000,450000,20,7,7,High,15,Low
WK0907,Dentist (General Practice),Healthcare & Medicine,Senior,Caregiver,"Caregiver: 3, Caregiver: 2",800000,2000000,30,7,8,High,12,Medium
WK0908,Periodontist,Healthcare & Medicine,Senior,Caregiver,"Caregiver: 3, Caregiver: 2",1100000,3000000,20,7,8,Medium,12,Low
WK0909,Endodontist,Healthcare & Medicine,Senior,Caregiver,"Caregiver: 3, Caregiver: 2",1100000,2800000,20,7,8,Medium,11,Low
WK0910,Prosthodontist,Healthcare & Medicine,Senior,Caregiver,"Caregiver: 3, Caregiver: 2",1200000,3200000,20,7,8,Medium,13,Low
WK0911,Oral and Maxillofacial Surgeon,Healthcare & Medicine,Senior,Caregiver,"Caregiver: 3, Caregiver: 2",1500000,4000000,10,5,9,High,15,Low
WK0912,Pediatric Dentist,Healthcare & Medicine,Senior,Caregiver,"Caregiver: 3, Caregiver: 2",1000000,2500000,20,7,9,High,16,Low
WK0913,Dental Hygienist,Healthcare & Medicine,Mid-Level,Caregiver,"Caregiver: 3, Caregiver: 2",400000,800000,20,8,7,High,14,Low
WK0914,Dental Laboratory Technician,Healthcare & Medicine,Mid-Level,Builder,"Builder: 3, Caregiver: 2",350000,700000,30,8,7,High,12,Medium
WK0915,Cosmetic Dentist,Healthcare & Medicine,Senior,Caregiver,"Caregiver: 3, Caregiver: 2",1300000,3500000,20,7,9,Very High,18,Low
WK0916,Dental Implant Specialist,Healthcare & Medicine,Senior,Caregiver,"Caregiver: 3, Caregiver: 2",1400000,3800000,20,6,9,Very High,20,Low
WK0917,Oral Pathologist,Healthcare & Medicine,Senior,Thinker,"Thinker: 3, Caregiver: 2",1000000,2400000,40,7,8,Medium,10,Low
WK0918,Dental Public Health Specialist,Healthcare & Medicine,Senior,Advocate,"Advocate: 3, Caregiver: 2",800000,1800000,50,8,8,Medium,12,Low
WK0919,Forensic Odontologist,Healthcare & Medicine,Senior,Thinker,"Thinker: 3, Caregiver: 2",900000,2200000,40,7,9,Low,8,Medium
WK0920,Pediatric Cardiac Surgeon,Healthcare & Medicine,Senior,Caregiver,"Caregiver: 3, Caregiver: 2",2200000,5500000,0,3,10,Medium,12,None
WK0921,Cardiothoracic Surgeon,Healthcare & Medicine,Senior,Caregiver,"Caregiver: 3, Caregiver: 2",2100000,5200000,0,3,9,High,11,None
WK0922,Pediatric Neurosurgeon,Healthcare & Medicine,Senior,Caregiver,"Caregiver: 3, Caregiver: 2",2600000,6500000,0,2,10,Low,14,None
WK0923,Spine Surgeon,Healthcare & Medicine,Senior,Caregiver,"Caregiver: 3, Caregiver: 2",2000000,5000000,0,4,9,High,15,None
WK0924,Sports Medicine Surgeon,Healthcare & Medicine,Senior,Caregiver,"Caregiver: 3, Caregiver: 2",1900000,4800000,0,5,10,High,18,None
WK0925,Hand Surgeon,Healthcare & Medicine,Senior,Caregiver,"Caregiver: 3, Caregiver: 2",1700000,4200000,0,5,9,Medium,12,None
WK0926,Joint Replacement Surgeon,Healthcare & Medicine,Senior,Caregiver,"Caregiver: 3, Caregiver: 2",1900000,4600000,0,4,9,Very High,16,None
WK0927,Trauma Surgeon,Healthcare & Medicine,Senior,Caregiver,"Caregiver: 3, Caregiver: 2",1800000,4500000,0,2,8,High,12,None
WK0928,Burn Surgeon,Healthcare & Medicine,Senior,Caregiver,"Caregiver: 3, Caregiver: 2",1700000,4300000,0,3,8,Medium,10,None
WK0929,Transplant Surgeon,Healthcare & Medicine,Senior,Caregiver,"Caregiver: 3, Caregiver: 2",2200000,5500000,0,2,10,Medium,11,None
WK0930,Bariatric Surgeon,Healthcare & Medicine,Senior,Caregiver,"Caregiver: 3, Caregiver: 2",1800000,4500000,0,5,9,Very High,22,None
WK0931,Vascular Surgeon,Healthcare & Medicine,Senior,Caregiver,"Caregiver: 3, Caregiver: 2",1900000,4800000,0,4,9,High,13,None
WK0932,Thoracic Surgeon,Healthcare & Medicine,Senior,Caregiver,"Caregiver: 3, Caregiver: 2",2000000,5000000,0,3,9,High,11,None
WK0933,Colorectal Surgeon,Healthcare & Medicine,Senior,Caregiver,"Caregiver: 3, Caregiver: 2",1700000,4200000,0,5,8,High,12,None
WK0934,Hepatobiliary Surgeon,Healthcare & Medicine,Senior,Caregiver,"Caregiver: 3, Caregiver: 2",2000000,5000000,0,3,9,Medium,10,None
WK0935,Surgical Oncologist,Healthcare & Medicine,Senior,Caregiver,"Caregiver: 3, Caregiver: 2",1900000,4800000,0,4,9,High,14,None
WK0936,Breast Surgical Oncologist,Healthcare & Medicine,Senior,Caregiver,"Caregiver: 3, Caregiver: 2",1800000,4500000,0,5,9,High,15,None
WK0937,Head and Neck Surgeon,Healthcare & Medicine,Senior,Caregiver,"Caregiver: 3, Caregiver: 2",1700000,4300000,0,5,9,Medium,11,None
WK0938,Reconstructive Surgeon,Healthcare & Medicine,Senior,Caregiver,"Caregiver: 3, Caregiver: 2",1900000,4800000,0,5,9,High,14,None
WK0939,Craniofacial Surgeon,Healthcare & Medicine,Senior,Caregiver,"Caregiver: 3, Caregiver: 2",2100000,5200000,0,4,10,Low,12,None
WK0940,Microsurgery Specialist,Healthcare & Medicine,Senior,Caregiver,"Caregiver: 3, Caregiver: 2",2000000,5000000,0,4,10,Medium,16,None
WK0941,Pediatric Surgeon,Healthcare & Medicine,Senior,Caregiver,"Caregiver: 3, Caregiver: 2",1900000,4800000,0,4,10,High,13,None
WK0942,Neonatal Surgeon,Healthcare & Medicine,Senior,Caregiver,"Caregiver: 3, Caregiver: 2",2100000,5300000,0,3,10,Low,11,None
WK0943,Fetal Surgeon,Healthcare & Medicine,Senior,Caregiver,"Caregiver: 3, Caregiver: 2",2300000,5800000,0,3,10,Very Low,15,None
WK0944,Urologic Surgeon,Healthcare & Medicine,Senior,Caregiver,"Caregiver: 3, Caregiver: 2",1800000,4500000,0,5,9,High,13,None
WK0945,Robotic Surgeon,Healthcare & Medicine,Senior,Caregiver,"Caregiver: 3, Caregiver: 2",2200000,5500000,0,5,10,Very High,25,None
WK0946,Interventional Cardiologist,Healthcare & Medicine,Senior,Caregiver,"Caregiver: 3, Caregiver: 2",1800000,4500000,0,4,9,Very High,16,None
WK0947,Electrophysiologist,Healthcare & Medicine,Senior,Caregiver,"Caregiver: 3, Caregiver: 2",2000000,5000000,0,5,9,High,18,None
WK0948,Pediatric Cardiologist,Healthcare & Medicine,Senior,Caregiver,"Caregiver: 3, Caregiver: 2",1600000,4000000,10,6,9,High,14,None
WK0949,Heart Failure Specialist,Healthcare & Medicine,Senior,Caregiver,"Caregiver: 3, Caregiver: 2",1700000,4200000,10,5,9,High,15,None
WK0950,Preventive Cardiologist,Healthcare & Medicine,Senior,Caregiver,"Caregiver: 3, Caregiver: 2",1400000,3500000,20,7,8,High,20,Low
WK0951,Medical Oncologist,Healthcare & Medicine,Senior,Caregiver,"Caregiver: 3, Caregiver: 2",1600000,4000000,10,5,8,Very High,17,None
WK0952,Radiation Oncologist,Healthcare & Medicine,Senior,Caregiver,"Caregiver: 3, Caregiver: 2",1700000,4300000,10,5,8,High,14,None
WK0953,Pediatric Oncologist,Healthcare & Medicine,Senior,Caregiver,"Caregiver: 3, Caregiver: 2",1700000,4200000,10,5,9,High,16,None
WK0954,Hematologist-Oncologist,Healthcare & Medicine,Senior,Caregiver,"Caregiver: 3, Caregiver: 2",1700000,4300000,10,5,9,High,15,None
WK0955,Gynecologic Oncologist,Healthcare & Medicine,Senior,Caregiver,"Caregiver: 3, Caregiver: 2",1800000,4500000,0,4,9,High,14,None
WK0956,Neuro-Oncologist,Healthcare & Medicine,Senior,Caregiver,"Caregiver: 3, Caregiver: 2",1800000,4600000,10,5,9,Medium,16,None
WK0957,Hepatologist,Healthcare & Medicine,Senior,Caregiver,"Caregiver: 3, Caregiver: 2",1600000,4000000,10,6,8,Medium,12,None
WK0958,Critical Care Pulmonologist,Healthcare & Medicine,Senior,Caregiver,"Caregiver: 3, Caregiver: 2",1500000,3800000,0,3,8,High,15,None
WK0959,Interventional Nephrologist,Healthcare & Medicine,Senior,Caregiver,"Caregiver: 3, Caregiver: 2",1500000,3800000,10,5,8,High,15,None
WK0960,Reproductive Endocrinologist,Healthcare & Medicine,Senior,Caregiver,"Caregiver: 3, Caregiver: 2",1600000,4200000,10,6,9,Very High,20,None
WK0961,Allergist-Immunologist,Healthcare & Medicine,Senior,Caregiver,"Caregiver: 3, Caregiver: 2",1200000,3000000,30,7,8,High,15,Low
WK0962,Infectious Disease Specialist,Healthcare & Medicine,Senior,Caregiver,"Caregiver: 3, Caregiver: 2",1400000,3500000,20,6,8,High,18,None
WK0963,Hospitalist,Healthcare & Medicine,Senior,Caregiver,"Caregiver: 3, Caregiver: 2",1300000,3200000,10,5,7,Very High,16,None
WK0964,Sleep Medicine Specialist,Healthcare & Medicine,Senior,Caregiver,"Caregiver: 3, Caregiver: 2",1300000,3300000,30,7,8,High,22,Low
WK0965,Obstetrician-Gynecologist,Healthcare & Medicine,Senior,Caregiver,"Caregiver: 3, Caregiver: 2",1400000,3600000,10,4,8,Very High,14,None
WK0966,Maternal-Fetal Medicine Specialist,Healthcare & Medicine,Senior,Caregiver,"Caregiver: 3, Caregiver: 2",1600000,4000000,10,4,9,High,15,None
WK0967,Pediatric Intensivist,Healthcare & Medicine,Senior,Caregiver,"Caregiver: 3, Caregiver: 2",1600000,4000000,0,2,8,High,14,None
WK0968,Interventional Radiologist,Healthcare & Medicine,Senior,Caregiver,"Caregiver: 3, Caregiver: 2",1800000,4500000,10,6,9,Very High,18,None
WK0969,Neuroradiologist,Healthcare & Medicine,Senior,Thinker,"Thinker: 3, Caregiver: 2",1600000,4000000,20,7,9,High,15,None
WK0970,Nuclear Medicine Physician,Healthcare & Medicine,Senior,Thinker,"Thinker: 3, Caregiver: 2",1400000,3500000,20,7,8,High,14,None
WK0971,Forensic Pathologist,Healthcare & Medicine,Senior,Thinker,"Thinker: 3, Caregiver: 2",1400000,3500000,30,7,9,Medium,10,None
WK0972,Child and Adolescent Psychiatrist,Healthcare & Medicine,Senior,Caregiver,"Caregiver: 3, Caregiver: 2",1200000,3000000,40,7,9,Very High,22,Medium
WK0973,Addiction Psychiatrist,Healthcare & Medicine,Senior,Caregiver,"Caregiver: 3, Caregiver: 2",1200000,3000000,30,6,8,Very High,25,Low
WK0974,Cardiac Anesthesiologist,Healthcare & Medicine,Senior,Caregiver,"Caregiver: 3, Caregiver: 2",1700000,4300000,0,4,8,High,13,None
WK0975,Pediatric Anesthesiologist,Healthcare & Medicine,Senior,Caregiver,"Caregiver: 3, Caregiver: 2",1600000,4000000,0,4,9,High,14,None
WK0976,ICU Registered Nurse,Healthcare & Medicine,Mid-Level,Caregiver,"Caregiver: 3, Caregiver: 2",500000,1200000,10,5,8,Very High,16,Low
WK0977,Emergency Room Nurse,Healthcare & Medicine,Mid-Level,Caregiver,"Caregiver: 3, Caregiver: 2",500000,1200000,10,4,8,Very High,15,Low
WK0978,Pediatric ICU Nurse,Healthcare & Medicine,Mid-Level,Caregiver,"Caregiver: 3, Caregiver: 2",500000,1200000,10,5,9,Very High,17,Low
WK0979,Neonatal ICU Nurse,Healthcare & Medicine,Mid-Level,Caregiver,"Caregiver: 3, Caregiver: 2",520000,1250000,10,5,9,Very High,18,Low
WK0980,Oncology Nurse,Healthcare & Medicine,Mid-Level,Caregiver,"Caregiver: 3, Caregiver: 2",480000,1150000,20,6,8,Very High,19,Low
WK0981,Operating Room Nurse,Healthcare & Medicine,Mid-Level,Caregiver,"Caregiver: 3, Caregiver: 2",500000,1200000,0,6,8,Very High,14,None
WK0982,Labor and Delivery Nurse,Healthcare & Medicine,Mid-Level,Caregiver,"Caregiver: 3, Caregiver: 2",480000,1150000,10,5,9,Very High,14,Low
WK0983,Psychiatric Nurse,Healthcare & Medicine,Mid-Level,Caregiver,"Caregiver: 3, Caregiver: 2",450000,1100000,20,6,8,High,20,Low
WK0984,Travel Nurse,Healthcare & Medicine,Mid-Level,Adventurer,"Adventurer: 3, Caregiver: 2",600000,1500000,0,5,9,Very High,25,None
WK0985,Flight Nurse,Healthcare & Medicine,Mid-Level,Adventurer,"Adventurer: 3, Caregiver: 2",700000,1600000,0,4,10,High,18,None
WK0986,Nurse Anesthetist (CRNA),Healthcare & Medicine,Senior,Caregiver,"Caregiver: 3, Caregiver: 2",1200000,2800000,0,5,9,Very High,20,None
WK0987,Nurse Practitioner (Family),Healthcare & Medicine,Senior,Caregiver,"Caregiver: 3, Caregiver: 2",800000,2000000,30,7,9,Very High,28,Low
WK0988,Pediatric Nurse Practitioner,Healthcare & Medicine,Senior,Caregiver,"Caregiver: 3, Caregiver: 2",800000,2000000,30,7,9,Very High,26,Low
WK0989,Psychiatric Nurse Practitioner,Healthcare & Medicine,Senior,Caregiver,"Caregiver: 3, Caregiver: 2",850000,2100000,40,7,9,Very High,32,Medium
WK0990,Clinical Nurse Specialist,Healthcare & Medicine,Senior,Caregiver,"Caregiver: 3, Caregiver: 2",700000,1800000,30,7,8,High,18,Low
WK0991,Nurse Midwife,Healthcare & Medicine,Senior,Caregiver,"Caregiver: 3, Caregiver: 2",800000,2000000,20,7,9,High,19,Low
WK0992,Nurse Informaticist,Healthcare & Medicine,Senior,Thinker,"Thinker: 3, Caregiver: 2",800000,2000000,70,8,8,Very High,30,Medium
WK0993,Legal Nurse Consultant,Healthcare & Medicine,Senior,Thinker,"Thinker: 3, Caregiver: 2",700000,1800000,80,8,8,High,20,High
WK0994,Case Management Nurse,Healthcare & Medicine,Mid-Level,Organizer,"Organizer: 3, Caregiver: 2",500000,1200000,50,8,7,High,18,Low
WK0995,Infection Control Nurse,Healthcare & Medicine,Mid-Level,Organizer,"Organizer: 3, Caregiver: 2",480000,1150000,30,7,8,Very High,22,Low
WK0996,Sports Physical Therapist,Healthcare & Medicine,Mid-Level,Caregiver,"Caregiver: 3, Caregiver: 2",500000,1200000,30,7,9,Very High,20,Medium
WK0997,Orthopedic Physical Therapist,Healthcare & Medicine,Mid-Level,Caregiver,"Caregiver: 3, Caregiver: 2",480000,1150000,30,7,8,Very High,18,Medium
WK0998,Neurological Physical Therapist,Healthcare & Medicine,Mid-Level,Caregiver,"Caregiver: 3, Caregiver: 2",500000,1200000,30,7,9,High,17,Low
WK0999,Pediatric Physical Therapist,Healthcare & Medicine,Mid-Level,Caregiver,"Caregiver: 3, Caregiver: 2",480000,1150000,30,7,9,High,19,Low
WK1000,Geriatric Physical Therapist,Healthcare & Medicine,Mid-Level,Caregiver,"Caregiver: 3, Caregiver: 2",450000,1100000,30,8,8,Very High,24,Low
WK1001,Pelvic Floor Physical Therapist,Healthcare & Medicine,Mid-Level,Caregiver,"Caregiver: 3, Caregiver: 2",520000,1250000,40,8,9,Very High,28,Medium
WK1002,Pediatric Occupational Therapist,Healthcare & Medicine,Mid-Level,Caregiver,"Caregiver: 3, Caregiver: 2",480000,1150000,30,7,9,Very High,22,Low
WK1003,Hand Therapist (OT),Healthcare & Medicine,Mid-Level,Caregiver,"Caregiver: 3, Caregiver: 2",500000,1200000,30,7,8,High,18,Medium
WK1004,Mental Health Occupational Therapist,Healthcare & Medicine,Mid-Level,Caregiver,"Caregiver: 3, Caregiver: 2",450000,1100000,40,7,9,High,24,Low
WK1005,Speech-Language Pathologist,Healthcare & Medicine,Mid-Level,Caregiver,"Caregiver: 3, Caregiver: 2",480000,1150000,40,8,9,Very High,24,Medium
WK1006,Swallowing and Dysphagia Specialist,Healthcare & Medicine,Mid-Level,Caregiver,"Caregiver: 3, Caregiver: 2",520000,1250000,30,7,9,Very High,22,Low
WK1007,Clinical Psychologist,Healthcare & Medicine,Senior,Caregiver,"Caregiver: 3, Caregiver: 2",700000,1800000,60,8,9,Very High,22,High
WK1008,Neuropsychologist,Healthcare & Medicine,Senior,Thinker,"Thinker: 3, Caregiver: 2",900000,2200000,50,7,9,High,19,Medium
WK1009,Sports Psychologist,Healthcare & Medicine,Senior,Caregiver,"Caregiver: 3, Caregiver: 2",700000,1800000,50,8,9,High,24,Medium
WK1010,Applied Behavior Analyst (BCBA),Healthcare & Medicine,Senior,Thinker,"Thinker: 3, Caregiver: 2",700000,1700000,50,7,9,Very High,32,Medium
WK1011,Astronaut,Space & Aerospace,Senior,Adventurer,"Adventurer: 3, Thinker: 2",1500000,3500000,0,7,10,Low,5,None
WK1012,Astronomer,Space & Aerospace,Senior,Thinker,"Thinker: 3, Thinker: 2",800000,1800000,40,8,9,Medium,12,Low
WK1013,Astrophysicist,Space & Aerospace,Senior,Thinker,"Thinker: 3, Thinker: 2",900000,2000000,50,8,9,Medium,14,Low
WK1014,Satellite Engineer,Space & Aerospace,Mid-Level,Builder,"Builder: 3, Thinker: 2",1000000,2200000,40,6,8,High,20,Low
WK1015,Launch Vehicle Engineer,Space & Aerospace,Senior,Builder,"Builder: 3, Thinker: 2",1300000,2800000,20,5,8,High,22,Low
WK1016,Payload Integration Engineer,Space & Aerospace,Mid-Level,Builder,"Builder: 3, Thinker: 2",1000000,2100000,30,6,7,High,19,Low
WK1017,Mission Control Operator,Space & Aerospace,Mid-Level,Organizer,"Organizer: 3, Thinker: 2",900000,1900000,10,7,8,Medium,15,Low
WK1018,Flight Dynamics Engineer,Space & Aerospace,Senior,Thinker,"Thinker: 3, Thinker: 2",1100000,2400000,40,6,8,High,17,Low
WK1019,Orbital Mechanics Specialist,Space & Aerospace,Senior,Thinker,"Thinker: 3, Thinker: 2",1200000,2600000,50,7,9,Medium,16,Low
WK1020,Satellite Communications Engineer,Space & Aerospace,Mid-Level,Builder,"Builder: 3, Thinker: 2",1000000,2200000,40,6,8,Very High,25,Low
WK1021,Remote Sensing Scientist,Space & Aerospace,Senior,Thinker,"Thinker: 3, Thinker: 2",950000,2100000,50,7,8,High,22,Medium
WK1022,Satellite Ground Station Engineer,Space & Aerospace,Mid-Level,Builder,"Builder: 3, Thinker: 2",900000,2000000,30,7,7,High,20,Low
WK1023,Satellite Navigation Engineer,Space & Aerospace,Senior,Builder,"Builder: 3, Thinker: 2",1100000,2500000,40,6,8,High,18,Low
WK1024,Earth Observation Analyst,Space & Aerospace,Mid-Level,Thinker,"Thinker: 3, Thinker: 2",800000,1800000,60,7,8,Very High,28,Medium
WK1025,Mission Planner,Space & Aerospace,Senior,Organizer,"Organizer: 3, Thinker: 2",1000000,2200000,40,7,8,High,17,Low
WK1026,Space Mission Architect,Space & Aerospace,Senior,Thinker,"Thinker: 3, Thinker: 2",1300000,2800000,40,7,9,Medium,15,Low
WK1027,Trajectory Design Engineer,Space & Aerospace,Senior,Thinker,"Thinker: 3, Thinker: 2",1100000,2400000,50,7,8,High,19,Low
WK1028,Mars Mission Specialist,Space & Aerospace,Senior,Adventurer,"Adventurer: 3, Thinker: 2",1400000,3000000,20,6,10,Low,35,None
WK1029,Lunar Operations Specialist,Space & Aerospace,Senior,Adventurer,"Adventurer: 3, Thinker: 2",1300000,2900000,20,6,9,Medium,30,None
WK1030,Space Propulsion Engineer,Space & Aerospace,Senior,Builder,"Builder: 3, Thinker: 2",1200000,2600000,30,6,8,High,20,Low
WK1031,Ion Propulsion Specialist,Space & Aerospace,Senior,Builder,"Builder: 3, Thinker: 2",1300000,2700000,40,6,9,Medium,25,Low
WK1032,Space Power Systems Engineer,Space & Aerospace,Mid-Level,Builder,"Builder: 3, Thinker: 2",1000000,2200000,40,6,7,High,18,Low
WK1033,Thermal Control Engineer (Space),Space & Aerospace,Mid-Level,Builder,"Builder: 3, Thinker: 2",950000,2100000,40,6,7,High,17,Low
WK1034,Space Materials Scientist,Space & Aerospace,Senior,Thinker,"Thinker: 3, Thinker: 2",1100000,2500000,50,7,9,Medium,20,Low
WK1035,Space Debris Analyst,Space & Aerospace,Mid-Level,Thinker,"Thinker: 3, Thinker: 2",900000,2000000,60,7,8,High,32,Medium
WK1036,Space Traffic Management Specialist,Space & Aerospace,Senior,Organizer,"Organizer: 3, Thinker: 2",1000000,2300000,50,7,8,Very High,40,Low
WK1037,Space Weather Forecaster,Space & Aerospace,Mid-Level,Thinker,"Thinker: 3, Thinker: 2",850000,1900000,60,7,8,High,24,Medium
WK1038,Space Lawyer,Space & Aerospace,Senior,Advocate,"Advocate: 3, Thinker: 2",1200000,3000000,70,8,9,High,35,Medium
WK1039,Space Policy Analyst,Space & Aerospace,Senior,Thinker,"Thinker: 3, Thinker: 2",1000000,2200000,60,8,8,Medium,28,Medium
WK1040,Space Medical Doctor,Space & Aerospace,Senior,Caregiver,"Caregiver: 3, Thinker: 2",1500000,3500000,30,6,9,Low,25,None
WK1041,Space Physiologist,Space & Aerospace,Senior,Thinker,"Thinker: 3, Thinker: 2",1100000,2400000,50,7,9,Low,22,Low
WK1042,Life Support Systems Engineer,Space & Aerospace,Senior,Builder,"Builder: 3, Thinker: 2",1200000,2600000,30,6,8,High,21,Low
WK1043,Space Psychologist,Space & Aerospace,Senior,Caregiver,"Caregiver: 3, Thinker: 2",1000000,2300000,60,8,9,Low,18,Low
WK1044,Space Tourism Guide,Space & Aerospace,Mid-Level,Adventurer,"Adventurer: 3, Thinker: 2",800000,2000000,10,7,10,Medium,45,Low
WK1045,Commercial Space Operations Manager,Space & Aerospace,Senior,Organizer,"Organizer: 3, Thinker: 2",1300000,2800000,40,6,8,High,38,Low
WK1046,Spaceport Operations Manager,Space & Aerospace,Senior,Organizer,"Organizer: 3, Thinker: 2",1200000,2600000,20,6,7,High,35,Low
WK1047,Space Mining Engineer,Space & Aerospace,Senior,Builder,"Builder: 3, Thinker: 2",1400000,3200000,30,5,9,Low,50,None
WK1048,Asteroid Resource Specialist,Space & Aerospace,Senior,Thinker,"Thinker: 3, Thinker: 2",1300000,3000000,50,6,10,Low,55,Low
WK1049,CubeSat Developer,Space & Aerospace,Mid-Level,Builder,"Builder: 3, Thinker: 2",850000,1900000,50,7,8,Very High,30,Medium
WK1050,Space Robotics Engineer,Space & Aerospace,Senior,Builder,"Builder: 3, Thinker: 2",1200000,2700000,40,6,9,Very High,35,Low
WK1051,Space Junk Recycler,Space & Aerospace,Mid-Level,Builder,"Builder: 3, Thinker: 2",900000,2100000,40,7,8,Medium,38,Low
WK1052,In-Orbit Servicing Specialist,Space & Aerospace,Senior,Builder,"Builder: 3, Thinker: 2",1300000,2900000,30,6,9,Medium,42,Low
WK1053,Space Station Engineer,Space & Aerospace,Senior,Builder,"Builder: 3, Thinker: 2",1400000,3000000,20,5,8,Low,20,None
WK1054,Planetary Scientist,Space & Aerospace,Senior,Thinker,"Thinker: 3, Thinker: 2",1000000,2300000,60,8,9,Medium,18,Low
WK1055,Cosmologist,Space & Aerospace,Senior,Thinker,"Thinker: 3, Thinker: 2",950000,2200000,70,8,10,Low,12,Low
WK1056,Radio Astronomy Engineer,Space & Aerospace,Senior,Builder,"Builder: 3, Thinker: 2",1000000,2200000,40,7,8,Medium,15,Low
WK1057,Space Telescope Operator,Space & Aerospace,Mid-Level,Organizer,"Organizer: 3, Thinker: 2",900000,2000000,50,7,8,Medium,14,Low
WK1058,Astrobiology Researcher,Space & Aerospace,Senior,Thinker,"Thinker: 3, Thinker: 2",1000000,2400000,60,8,10,Medium,28,Low
WK1059,Exoplanet Hunter,Space & Aerospace,Senior,Thinker,"Thinker: 3, Thinker: 2",950000,2300000,70,8,10,Medium,25,Low
WK1060,Spacecraft Systems Engineer,Space & Aerospace,Senior,Builder,"Builder: 3, Thinker: 2",1200000,2700000,40,6,8,High,19,Low
WK1061,Avionics Engineer (Space),Space & Aerospace,Senior,Builder,"Builder: 3, Thinker: 2",1150000,2500000,30,6,8,High,17,Low
WK1062,Guidance Navigation Control Engineer,Space & Aerospace,Senior,Builder,"Builder: 3, Thinker: 2",1200000,2600000,40,6,8,High,20,Low
WK1063,Space Systems Test Engineer,Space & Aerospace,Mid-Level,Builder,"Builder: 3, Thinker: 2",950000,2100000,30,7,7,High,16,Low
WK1064,Satellite Operations Engineer,Space & Aerospace,Mid-Level,Organizer,"Organizer: 3, Thinker: 2",900000,2000000,40,7,7,Very High,24,Low
WK1065,Space Industry Consultant,Space & Aerospace,Senior,Thinker,"Thinker: 3, Thinker: 2",1300000,3000000,80,8,9,High,32,High
WK1066,NewSpace Venture Capitalist,Space & Aerospace,Senior,Entrepreneur,"Entrepreneur: 3, Thinker: 2",1500000,4000000,70,7,9,High,40,Low
WK1067,Space Technology Transfer Specialist,Space & Aerospace,Senior,Connector,"Connector: 3, Thinker: 2",1000000,2300000,60,7,8,Medium,25,Medium
WK1068,Space Insurance Underwriter,Space & Aerospace,Senior,Thinker,"Thinker: 3, Thinker: 2",1100000,2600000,80,8,8,High,30,Low
WK1069,Space Educator,Space & Aerospace,Mid-Level,Caregiver,"Caregiver: 3, Thinker: 2",500000,1200000,50,8,9,High,22,Medium
WK1070,Space Software Engineer,Space & Aerospace,Senior,Builder,"Builder: 3, Thinker: 2",1300000,3000000,60,7,9,Very High,36,Medium
WK1071,Space Environment Specialist,Space & Aerospace,Senior,Thinker,"Thinker: 3, Thinker: 2",1000000,2300000,50,7,8,Medium,20,Low
WK1072,Space Food Scientist,Space & Aerospace,Mid-Level,Thinker,"Thinker: 3, Thinker: 2",800000,1900000,60,8,8,Low,15,Low
WK1073,Natural Language Processing Engineer,Technology & Software,Senior,Builder,"Builder: 3, Thinker: 2",1500000,3500000,80,7,9,Very High,42,Medium
WK1074,AI Research Scientist,Technology & Software,Senior,Thinker,"Thinker: 3, Thinker: 2",1800000,4500000,70,7,10,Very High,40,Low
WK1075,Reinforcement Learning Engineer,Technology & Software,Senior,Builder,"Builder: 3, Thinker: 2",1600000,3800000,80,7,9,High,38,Low
WK1076,MLOps Engineer,Technology & Software,Senior,Builder,"Builder: 3, Thinker: 2",1400000,3200000,80,7,8,Very High,48,Medium
WK1077,Generative AI Engineer,Technology & Software,Senior,Builder,"Builder: 3, Thinker: 2",1700000,4000000,80,7,10,Very High,60,Medium
WK1078,Edge AI Engineer,Technology & Software,Senior,Builder,"Builder: 3, Thinker: 2",1500000,3500000,70,7,9,Very High,44,Low
WK1079,Robotics AI Engineer,Technology & Software,Senior,Builder,"Builder: 3, Thinker: 2",1600000,3800000,60,6,9,Very High,42,Low
WK1080,Speech Recognition Engineer,Technology & Software,Senior,Builder,"Builder: 3, Thinker: 2",1500000,3500000,80,7,9,High,38,Medium
WK1081,Autonomous Vehicle AI Engineer,Technology & Software,Senior,Builder,"Builder: 3, Thinker: 2",1700000,4200000,60,6,9,Very High,40,Low
WK1082,Recommendation Systems Engineer,Technology & Software,Senior,Builder,"Builder: 3, Thinker: 2",1500000,3500000,80,7,9,Very High,38,Medium
WK1083,Conversational AI Engineer,Technology & Software,Senior,Builder,"Builder: 3, Thinker: 2",1500000,3500000,80,7,9,Very High,46,Medium
WK1084,DeFi Protocol Engineer,Technology & Software,Senior,Builder,"Builder: 3, Thinker: 2",1700000,4200000,90,7,10,High,48,Medium
WK1085,NFT Platform Developer,Technology & Software,Mid-Level,Builder,"Builder: 3, Thinker: 2",1200000,3000000,90,7,9,High,35,Medium
WK1086,Blockchain Architect,Technology & Software,Senior,Builder,"Builder: 3, Thinker: 2",1800000,4500000,80,7,9,Very High,40,Low
WK1087,DAO Developer,Technology & Software,Senior,Builder,"Builder: 3, Thinker: 2",1600000,4000000,90,8,9,Medium,45,High
WK1088,Web3 Frontend Developer,Technology & Software,Mid-Level,Builder,"Builder: 3, Thinker: 2",1100000,2800000,90,8,9,Very High,44,High
WK1089,Blockchain Security Auditor,Technology & Software,Senior,Thinker,"Thinker: 3, Thinker: 2",1800000,4500000,90,8,10,Very High,50,High
WK1090,Solidity Developer,Technology & Software,Senior,Builder,"Builder: 3, Thinker: 2",1600000,4000000,90,7,9,Very High,44,High
WK1091,MetaVerse Developer,Technology & Software,Senior,Builder,"Builder: 3, Thinker: 2",1500000,3800000,80,7,10,High,42,Medium
WK1092,Site Reliability Engineer (SRE),Technology & Software,Senior,Builder,"Builder: 3, Thinker: 2",1400000,3200000,80,6,8,Very High,38,Low
WK1093,Cloud Architect (AWS),Technology & Software,Senior,Builder,"Builder: 3, Thinker: 2",1600000,3800000,80,7,9,Very High,36,Low
WK1094,Cloud Architect (Azure),Technology & Software,Senior,Builder,"Builder: 3, Thinker: 2",1600000,3800000,80,7,9,Very High,38,Low
WK1095,Cloud Architect (GCP),Technology & Software,Senior,Builder,"Builder: 3, Thinker: 2",1600000,3800000,80,7,9,Very High,36,Low
WK1096,Multi-Cloud Architect,Technology & Software,Senior,Builder,"Builder: 3, Thinker: 2",1800000,4200000,80,7,9,Very High,42,Low
WK1097,Kubernetes Engineer,Technology & Software,Senior,Builder,"Builder: 3, Thinker: 2",1500000,3500000,80,7,8,Very High,44,Medium
WK1098,Infrastructure as Code Engineer,Technology & Software,Senior,Builder,"Builder: 3, Thinker: 2",1400000,3200000,80,7,8,Very High,40,Medium
WK1099,Serverless Architect,Technology & Software,Senior,Builder,"Builder: 3, Thinker: 2",1500000,3500000,80,7,9,Very High,46,Medium
WK1100,DevSecOps Engineer,Technology & Software,Senior,Builder,"Builder: 3, Thinker: 2",1500000,3500000,80,7,9,Very High,46,Medium
WK1101,Penetration Tester,Technology & Software,Senior,Thinker,"Thinker: 3, Thinker: 2",1300000,3200000,70,7,9,Very High,38,High
WK1102,Ethical Hacker,Technology & Software,Senior,Thinker,"Thinker: 3, Thinker: 2",1400000,3500000,70,7,10,Very High,40,High
WK1103,Red Team Specialist,Technology & Software,Senior,Thinker,"Thinker: 3, Thinker: 2",1500000,3800000,70,7,10,Very High,42,Medium
WK1104,Blue Team Analyst,Technology & Software,Mid-Level,Thinker,"Thinker: 3, Thinker: 2",1000000,2500000,70,7,8,Very High,38,Low
WK1105,Bug Bounty Hunter,Technology & Software,Mid-Level,Thinker,"Thinker: 3, Thinker: 2",800000,2500000,100,9,10,High,36,Very High
WK1106,Security Operations Center Analyst,Technology & Software,Mid-Level,Organizer,"Organizer: 3, Thinker: 2",800000,2000000,60,6,7,Very High,36,Low
WK1107,Threat Intelligence Analyst,Technology & Software,Senior,Thinker,"Thinker: 3, Thinker: 2",1200000,3000000,80,7,9,Very High,42,Medium
WK1108,Malware Analyst,Technology & Software,Senior,Thinker,"Thinker: 3, Thinker: 2",1300000,3200000,80,7,9,Very High,38,Low
WK1109,Security Architect,Technology & Software,Senior,Builder,"Builder: 3, Thinker: 2",1700000,4200000,70,7,9,Very High,40,Low
WK1110,Zero Trust Security Engineer,Technology & Software,Senior,Builder,"Builder: 3, Thinker: 2",1600000,4000000,80,7,9,Very High,48,Low
WK1111,iOS Lead Developer,Technology & Software,Senior,Builder,"Builder: 3, Thinker: 2",1300000,3200000,70,7,9,Very High,30,Medium
WK1112,Android Lead Developer,Technology & Software,Senior,Builder,"Builder: 3, Thinker: 2",1300000,3200000,70,7,9,Very High,32,Medium
WK1113,Mobile AR Developer,Technology & Software,Senior,Builder,"Builder: 3, Thinker: 2",1300000,3200000,70,7,9,Very High,44,Medium
WK1114,Wearable Technology Developer,Technology & Software,Senior,Builder,"Builder: 3, Thinker: 2",1200000,3000000,70,7,9,High,38,Medium
WK1115,Graphics Programmer,Technology & Software,Senior,Builder,"Builder: 3, Thinker: 2",1400000,3500000,70,7,10,High,32,Low
WK1116,Gameplay Programmer,Technology & Software,Mid-Level,Builder,"Builder: 3, Thinker: 2",1000000,2500000,70,7,9,Very High,34,Low
WK1117,Game AI Programmer,Technology & Software,Senior,Builder,"Builder: 3, Thinker: 2",1300000,3200000,70,7,9,High,36,Low
WK1118,VR Game Developer,Technology & Software,Senior,Builder,"Builder: 3, Thinker: 2",1300000,3200000,70,7,10,Very High,42,Medium
WK1119,AR Game Developer,Technology & Software,Senior,Builder,"Builder: 3, Thinker: 2",1300000,3200000,70,7,9,Very High,40,Medium
WK1120,Multiplayer Network Engineer,Technology & Software,Senior,Builder,"Builder: 3, Thinker: 2",1400000,3400000,70,6,8,Very High,36,Low
WK1121,IoT Solutions Architect,Technology & Software,Senior,Builder,"Builder: 3, Thinker: 2",1400000,3200000,70,7,9,Very High,40,Low
WK1122,5G Network Engineer,Technology & Software,Senior,Builder,"Builder: 3, Thinker: 2",1400000,3200000,60,7,8,Very High,38,Low
WK1123,Digital Twin Engineer,Technology & Software,Senior,Builder,"Builder: 3, Thinker: 2",1500000,3500000,70,7,9,Very High,48,Low
WK1124,Neuromorphic Computing Specialist,Technology & Software,Senior,Thinker,"Thinker: 3, Thinker: 2",1700000,4000000,80,7,10,Medium,60,Low
WK1125,Microservices Architect,Technology & Software,Senior,Builder,"Builder: 3, Thinker: 2",1600000,3800000,80,7,9,Very High,40,Medium
WK1126,API Architect,Technology & Software,Senior,Builder,"Builder: 3, Thinker: 2",1500000,3500000,80,7,9,Very High,38,Medium
WK1127,System Design Engineer,Technology & Software,Senior,Builder,"Builder: 3, Thinker: 2",1500000,3500000,80,7,9,Very High,36,Low
WK1128,Compiler Engineer,Technology & Software,Senior,Builder,"Builder: 3, Thinker: 2",1600000,3800000,80,7,10,High,30,Low
WK1129,Performance Engineer,Technology & Software,Senior,Builder,"Builder: 3, Thinker: 2",1400000,3200000,80,7,9,High,34,Medium
WK1130,Reverse Engineer,Technology & Software,Senior,Thinker,"Thinker: 3, Thinker: 2",1400000,3500000,80,7,10,High,36,Medium
WK1131,Low-Level Systems Programmer,Technology & Software,Senior,Builder,"Builder: 3, Thinker: 2",1500000,3500000,70,7,9,High,32,Low
WK1132,FPGA Engineer,Technology & Software,Senior,Builder,"Builder: 3, Thinker: 2",1400000,3200000,50,7,9,High,34,Low
WK1133,DSP Engineer,Technology & Software,Senior,Builder,"Builder: 3, Thinker: 2",1300000,3000000,60,7,8,High,30,Low
WK1134,Real-Time Systems Engineer,Technology & Software,Senior,Builder,"Builder: 3, Thinker: 2",1400000,3200000,60,7,9,High,32,Low
WK1135,Automation Test Architect,Technology & Software,Senior,Builder,"Builder: 3, Thinker: 2",1200000,2800000,80,8,8,Very High,32,Medium
WK1136,Security Test Engineer,Technology & Software,Senior,Thinker,"Thinker: 3, Thinker: 2",1200000,2800000,80,7,8,Very High,36,Medium
WK1137,Chaos Engineer,Technology & Software,Senior,Builder,"Builder: 3, Thinker: 2",1400000,3200000,80,7,9,High,38,Medium
WK1138,Test Data Management Specialist,Technology & Software,Mid-Level,Organizer,"Organizer: 3, Thinker: 2",800000,2000000,80,8,7,High,28,Medium
WK1139,Build Engineer,Technology & Software,Mid-Level,Builder,"Builder: 3, Thinker: 2",1000000,2400000,80,7,7,High,30,Medium
WK1140,CI/CD Pipeline Engineer,Technology & Software,Senior,Builder,"Builder: 3, Thinker: 2",1300000,3000000,80,7,8,Very High,38,Medium
WK1141,Configuration Management Specialist,Technology & Software,Mid-Level,Organizer,"Organizer: 3, Thinker: 2",1000000,2400000,80,7,7,High,32,Medium
WK1142,GitOps Engineer,Technology & Software,Senior,Builder,"Builder: 3, Thinker: 2",1300000,3000000,80,7,8,Very High,40,Medium
WK1143,Database Architect,Technology & Software,Senior,Builder,"Builder: 3, Thinker: 2",1500000,3500000,70,7,9,Very High,34,Low
WK1144,NoSQL Database Specialist,Technology & Software,Senior,Builder,"Builder: 3, Thinker: 2",1300000,3000000,80,7,8,Very High,36,Medium
WK1145,Graph Database Engineer,Technology & Software,Senior,Builder,"Builder: 3, Thinker: 2",1400000,3200000,80,7,9,High,38,Medium
WK1146,Time-Series Database Engineer,Technology & Software,Senior,Builder,"Builder: 3, Thinker: 2",1300000,3000000,80,7,8,High,36,Low
WK1147,Vector Database Engineer,Technology & Software,Senior,Builder,"Builder: 3, Thinker: 2",1500000,3500000,80,7,9,Very High,50,Medium
WK1148,Search Engine Engineer,Technology & Software,Senior,Builder,"Builder: 3, Thinker: 2",1400000,3200000,80,7,9,Very High,38,Medium
WK1149,Caching Architect,Technology & Software,Senior,Builder,"Builder: 3, Thinker: 2",1300000,3000000,80,7,8,High,34,Low
WK1150,API Gateway Engineer,Technology & Software,Senior,Builder,"Builder: 3, Thinker: 2",1300000,3000000,80,7,8,Very High,36,Medium
WK1151,Micro-Frontend Architect,Technology & Software,Senior,Builder,"Builder: 3, Thinker: 2",1400000,3200000,80,7,9,Very High,40,Medium
WK1152,Accessibility Engineer,Technology & Software,Mid-Level,Builder,"Builder: 3, Thinker: 2",1000000,2400000,90,8,9,High,42,Medium
WK1153,WebAssembly Engineer,Technology & Software,Senior,Builder,"Builder: 3, Thinker: 2",1400000,3200000,80,7,9,High,44,Medium
WK1154,JAMstack Developer,Technology & Software,Mid-Level,Builder,"Builder: 3, Thinker: 2",1000000,2500000,90,8,8,Very High,38,High
WK1155,Headless CMS Developer,Technology & Software,Mid-Level,Builder,"Builder: 3, Thinker: 2",1000000,2400000,80,7,8,High,34,Medium
WK1156,Junior Software Engineer,Technology & Software,Junior,Phase 1,Generalist,400000,800000,70,7,7,High,30,Medium
WK1157,Software Engineer,Technology & Software,Mid-Level,Phase 1,Generalist,800000,1800000,75,7,8,High,32,Medium
WK1158,Senior Software Engineer,Technology & Software,Senior,Phase 1,Generalist,1200000,2800000,75,7,8,Very High,35,Medium
WK1159,Lead Software Engineer,Technology & Software,Senior,Phase 1,Generalist,1600000,3500000,70,6,8,Very High,30,Low
WK1160,Junior Frontend Developer,Technology & Software,Junior,Phase 1,Generalist,400000,800000,70,7,7,High,30,Medium
WK1161,Frontend Developer,Technology & Software,Mid-Level,Phase 1,Generalist,800000,1800000,75,7,8,High,32,Medium
WK1162,Senior Frontend Developer,Technology & Software,Senior,Phase 1,Generalist,1200000,2800000,75,7,8,Very High,35,Medium
WK1163,Lead Frontend Developer,Technology & Software,Senior,Phase 1,Generalist,1600000,3500000,70,6,8,Very High,30,Low
WK1164,Junior Backend Developer,Technology & Software,Junior,Phase 1,Generalist,400000,800000,70,7,7,High,30,Medium
WK1165,Backend Developer,Technology & Software,Mid-Level,Phase 1,Generalist,800000,1800000,75,7,8,High,32,Medium
WK1166,Senior Backend Developer,Technology & Software,Senior,Phase 1,Generalist,1200000,2800000,75,7,8,Very High,35,Medium
WK1167,Lead Backend Developer,Technology & Software,Senior,Phase 1,Generalist,1600000,3500000,70,6,8,Very High,30,Low
WK1168,Junior Full Stack Developer,Technology & Software,Junior,Phase 1,Generalist,400000,800000,70,7,7,High,30,Medium
WK1169,Full Stack Developer,Technology & Software,Mid-Level,Phase 1,Generalist,800000,1800000,75,7,8,High,32,Medium
WK1170,Senior Full Stack Developer,Technology & Software,Senior,Phase 1,Generalist,1200000,2800000,75,7,8,Very High,35,Medium
WK1171,Lead Full Stack Developer,Technology & Software,Senior,Phase 1,Generalist,1600000,3500000,70,6,8,Very High,30,Low
WK1172,Junior DevOps Engineer,Technology & Software,Junior,Phase 1,Generalist,400000,800000,70,7,7,High,30,Medium
WK1173,DevOps Engineer,Technology & Software,Mid-Level,Phase 1,Generalist,800000,1800000,75,7,8,High,32,Medium
WK1174,Senior DevOps Engineer,Technology & Software,Senior,Phase 1,Generalist,1200000,2800000,75,7,8,Very High,35,Medium
WK1175,Lead DevOps Engineer,Technology & Software,Senior,Phase 1,Generalist,1600000,3500000,70,6,8,Very High,30,Low
WK1176,Junior QA Engineer,Technology & Software,Junior,Phase 1,Generalist,400000,800000,70,7,7,High,30,Medium
WK1177,QA Engineer,Technology & Software,Mid-Level,Phase 1,Generalist,800000,1800000,75,7,8,High,32,Medium
WK1178,Senior QA Engineer,Technology & Software,Senior,Phase 1,Generalist,1200000,2800000,75,7,8,Very High,35,Medium
WK1179,Lead QA Engineer,Technology & Software,Senior,Phase 1,Generalist,1600000,3500000,70,6,8,Very High,30,Low
WK1180,Junior Mobile Developer,Technology & Software,Junior,Phase 1,Generalist,400000,800000,70,7,7,High,30,Medium
WK1181,Mobile Developer,Technology & Software,Mid-Level,Phase 1,Generalist,800000,1800000,75,7,8,High,32,Medium
WK1182,Senior Mobile Developer,Technology & Software,Senior,Phase 1,Generalist,1200000,2800000,75,7,8,Very High,35,Medium
WK1183,Lead Mobile Developer,Technology & Software,Senior,Phase 1,Generalist,1600000,3500000,70,6,8,Very High,30,Low
WK1184,Junior Data Engineer,Technology & Software,Junior,Phase 1,Generalist,400000,800000,70,7,7,High,30,Medium
WK1185,Data Engineer,Technology & Software,Mid-Level,Phase 1,Generalist,800000,1800000,75,7,8,High,32,Medium
WK1186,Senior Data Engineer,Technology & Software,Senior,Phase 1,Generalist,1200000,2800000,75,7,8,Very High,35,Medium
WK1187,Lead Data Engineer,Technology & Software,Senior,Phase 1,Generalist,1600000,3500000,70,6,8,Very High,30,Low
WK1188,Junior Cloud Engineer,Technology & Software,Junior,Phase 1,Generalist,400000,800000,70,7,7,High,30,Medium
WK1189,Cloud Engineer,Technology & Software,Mid-Level,Phase 1,Generalist,800000,1800000,75,7,8,High,32,Medium
WK1190,Senior Cloud Engineer,Technology & Software,Senior,Phase 1,Generalist,1200000,2800000,75,7,8,Very High,35,Medium
WK1191,Lead Cloud Engineer,Technology & Software,Senior,Phase 1,Generalist,1600000,3500000,70,6,8,Very High,30,Low
WK1192,Junior Security Engineer,Technology & Software,Junior,Phase 1,Generalist,400000,800000,70,7,7,High,30,Medium
WK1193,Security Engineer,Technology & Software,Mid-Level,Phase 1,Generalist,800000,1800000,75,7,8,High,32,Medium
WK1194,Senior Security Engineer,Technology & Software,Senior,Phase 1,Generalist,1200000,2800000,75,7,8,Very High,35,Medium
WK1195,Lead Security Engineer,Technology & Software,Senior,Phase 1,Generalist,1600000,3500000,70,6,8,Very High,30,Low
WK1196,Junior API Developer,Technology & Software,Junior,Phase 1,Generalist,400000,800000,70,7,7,High,30,Medium
WK1197,API Developer,Technology & Software,Mid-Level,Phase 1,Generalist,800000,1800000,75,7,8,High,32,Medium
WK1198,Senior API Developer,Technology & Software,Senior,Phase 1,Generalist,1200000,2800000,75,7,8,Very High,35,Medium
WK1199,Lead API Developer,Technology & Software,Senior,Phase 1,Generalist,1600000,3500000,70,6,8,Very High,30,Low
WK1200,Junior Database Administrator,Technology & Software,Junior,Phase 1,Generalist,400000,800000,70,7,7,High,30,Medium
WK1201,Database Administrator,Technology & Software,Mid-Level,Phase 1,Generalist,800000,1800000,75,7,8,High,32,Medium
WK1202,Senior Database Administrator,Technology & Software,Senior,Phase 1,Generalist,1200000,2800000,75,7,8,Very High,35,Medium
WK1203,Lead Database Administrator,Technology & Software,Senior,Phase 1,Generalist,1600000,3500000,70,6,8,Very High,30,Low
WK1204,Junior System Administrator,Technology & Software,Junior,Phase 1,Generalist,400000,800000,70,7,7,High,30,Medium
WK1205,System Administrator,Technology & Software,Mid-Level,Phase 1,Generalist,800000,1800000,75,7,8,High,32,Medium
WK1206,Senior System Administrator,Technology & Software,Senior,Phase 1,Generalist,1200000,2800000,75,7,8,Very High,35,Medium
WK1207,Lead System Administrator,Technology & Software,Senior,Phase 1,Generalist,1600000,3500000,70,6,8,Very High,30,Low
WK1208,Junior Data Scientist,Data & Analytics,Junior,Phase 1,Generalist,400000,900000,75,7,7,High,28,Medium
WK1209,Data Scientist,Data & Analytics,Mid-Level,Phase 1,Generalist,700000,1800000,80,7,8,Very High,32,Medium
WK1210,Senior Data Scientist,Data & Analytics,Senior,Phase 1,Generalist,1200000,2800000,80,7,8,Very High,35,Medium
WK1211,Principal Data Scientist,Data & Analytics,Senior,Phase 1,Generalist,1800000,4000000,75,6,9,High,30,Low
WK1212,Junior Data Analyst,Data & Analytics,Junior,Phase 1,Generalist,400000,900000,75,7,7,High,28,Medium
WK1213,Data Analyst,Data & Analytics,Mid-Level,Phase 1,Generalist,700000,1800000,80,7,8,Very High,32,Medium
WK1214,Senior Data Analyst,Data & Analytics,Senior,Phase 1,Generalist,1200000,2800000,80,7,8,Very High,35,Medium
WK1215,Principal Data Analyst,Data & Analytics,Senior,Phase 1,Generalist,1800000,4000000,75,6,9,High,30,Low
WK1216,Junior Business Analyst,Data & Analytics,Junior,Phase 1,Generalist,400000,900000,75,7,7,High,28,Medium
WK1217,Business Analyst,Data & Analytics,Mid-Level,Phase 1,Generalist,700000,1800000,80,7,8,Very High,32,Medium
WK1218,Senior Business Analyst,Data & Analytics,Senior,Phase 1,Generalist,1200000,2800000,80,7,8,Very High,35,Medium
WK1219,Principal Business Analyst,Data & Analytics,Senior,Phase 1,Generalist,1800000,4000000,75,6,9,High,30,Low
WK1220,Junior ML Engineer,Data & Analytics,Junior,Phase 1,Generalist,400000,900000,75,7,7,High,28,Medium
WK1221,ML Engineer,Data & Analytics,Mid-Level,Phase 1,Generalist,700000,1800000,80,7,8,Very High,32,Medium
WK1222,Senior ML Engineer,Data & Analytics,Senior,Phase 1,Generalist,1200000,2800000,80,7,8,Very High,35,Medium
WK1223,Principal ML Engineer,Data & Analytics,Senior,Phase 1,Generalist,1800000,4000000,75,6,9,High,30,Low
WK1224,Junior Analytics Manager,Data & Analytics,Junior,Phase 1,Generalist,400000,900000,75,7,7,High,28,Medium
WK1225,Analytics Manager,Data & Analytics,Mid-Level,Phase 1,Generalist,700000,1800000,80,7,8,Very High,32,Medium
WK1226,Senior Analytics Manager,Data & Analytics,Senior,Phase 1,Generalist,1200000,2800000,80,7,8,Very High,35,Medium
WK1227,Principal Analytics Manager,Data & Analytics,Senior,Phase 1,Generalist,1800000,4000000,75,6,9,High,30,Low
WK1228,Junior BI Developer,Data & Analytics,Junior,Phase 1,Generalist,400000,900000,75,7,7,High,28,Medium
WK1229,BI Developer,Data & Analytics,Mid-Level,Phase 1,Generalist,700000,1800000,80,7,8,Very High,32,Medium
WK1230,Senior BI Developer,Data & Analytics,Senior,Phase 1,Generalist,1200000,2800000,80,7,8,Very High,35,Medium
WK1231,Principal BI Developer,Data & Analytics,Senior,Phase 1,Generalist,1800000,4000000,75,6,9,High,30,Low
WK1232,Junior Data Architect,Data & Analytics,Junior,Phase 1,Generalist,400000,900000,75,7,7,High,28,Medium
WK1233,Data Architect,Data & Analytics,Mid-Level,Phase 1,Generalist,700000,1800000,80,7,8,Very High,32,Medium
WK1234,Senior Data Architect,Data & Analytics,Senior,Phase 1,Generalist,1200000,2800000,80,7,8,Very High,35,Medium
WK1235,Principal Data Architect,Data & Analytics,Senior,Phase 1,Generalist,1800000,4000000,75,6,9,High,30,Low
WK1236,Junior Quantitative Analyst,Data & Analytics,Junior,Phase 1,Generalist,400000,900000,75,7,7,High,28,Medium
WK1237,Quantitative Analyst,Data & Analytics,Mid-Level,Phase 1,Generalist,700000,1800000,80,7,8,Very High,32,Medium
WK1238,Senior Quantitative Analyst,Data & Analytics,Senior,Phase 1,Generalist,1200000,2800000,80,7,8,Very High,35,Medium
WK1239,Principal Quantitative Analyst,Data & Analytics,Senior,Phase 1,Generalist,1800000,4000000,75,6,9,High,30,Low
WK1240,Data Engineer,Data & Analytics,Mid-Level,Phase 1,Generalist,700000,1600000,75,7,7,High,30,Medium
WK1241,Senior Data Engineer,Data & Analytics,Senior,Phase 1,Generalist,1100000,2400000,75,7,8,High,32,Medium
WK1242,ETL Developer,Data & Analytics,Mid-Level,Phase 1,Generalist,700000,1600000,75,7,7,High,30,Medium
WK1243,Senior ETL Developer,Data & Analytics,Senior,Phase 1,Generalist,1100000,2400000,75,7,8,High,32,Medium
WK1244,Big Data Engineer,Data & Analytics,Mid-Level,Phase 1,Generalist,700000,1600000,75,7,7,High,30,Medium
WK1245,Senior Big Data Engineer,Data & Analytics,Senior,Phase 1,Generalist,1100000,2400000,75,7,8,High,32,Medium
WK1246,Hadoop Developer,Data & Analytics,Mid-Level,Phase 1,Generalist,700000,1600000,75,7,7,High,30,Medium
WK1247,Senior Hadoop Developer,Data & Analytics,Senior,Phase 1,Generalist,1100000,2400000,75,7,8,High,32,Medium
WK1248,Spark Developer,Data & Analytics,Mid-Level,Phase 1,Generalist,700000,1600000,75,7,7,High,30,Medium
WK1249,Senior Spark Developer,Data & Analytics,Senior,Phase 1,Generalist,1100000,2400000,75,7,8,High,32,Medium
WK1250,Tableau Developer,Data & Analytics,Mid-Level,Phase 1,Generalist,700000,1600000,75,7,7,High,30,Medium
WK1251,Senior Tableau Developer,Data & Analytics,Senior,Phase 1,Generalist,1100000,2400000,75,7,8,High,32,Medium
WK1252,Power BI Developer,Data & Analytics,Mid-Level,Phase 1,Generalist,700000,1600000,75,7,7,High,30,Medium
WK1253,Senior Power BI Developer,Data & Analytics,Senior,Phase 1,Generalist,1100000,2400000,75,7,8,High,32,Medium
WK1254,Data Governance Analyst,Data & Analytics,Mid-Level,Phase 1,Generalist,700000,1600000,75,7,7,High,30,Medium
WK1255,Senior Data Governance Analyst,Data & Analytics,Senior,Phase 1,Generalist,1100000,2400000,75,7,8,High,32,Medium
WK1256,General Physician,Healthcare & Medicine,Senior,Phase 1,Generalist,800000,2000000,20,6,8,Very High,18,Low
WK1257,Registered Nurse,Healthcare & Medicine,Mid-Level,Phase 1,Generalist,400000,900000,10,6,8,Very High,20,Low
WK1258,Medical Officer,Healthcare & Medicine,Mid-Level,Phase 1,Generalist,600000,1400000,15,6,8,High,20,Low
WK1259,Staff Nurse,Healthcare & Medicine,Junior,Phase 1,Generalist,300000,600000,10,6,7,Very High,20,Low
WK1260,Pharmacist,Healthcare & Medicine,Mid-Level,Phase 1,Generalist,400000,900000,20,7,7,High,18,Low
WK1261,Medical Technologist,Healthcare & Medicine,Mid-Level,Phase 1,Generalist,350000,800000,15,7,7,High,20,Low
WK1262,Physiotherapist,Healthcare & Medicine,Mid-Level,Phase 1,Generalist,400000,900000,20,7,8,High,22,Low
WK1263,Occupational Therapist,Healthcare & Medicine,Mid-Level,Phase 1,Generalist,400000,850000,20,7,8,High,20,Low
WK1264,Nutritionist,Healthcare & Medicine,Mid-Level,Phase 1,Generalist,350000,800000,40,7,8,High,24,High
WK1265,Clinical Psychologist,Healthcare & Medicine,Senior,Phase 1,Generalist,500000,1400000,60,7,8,High,26,High
WK1266,Cardiologist,Healthcare & Medicine,Senior,Phase 1,Generalist,1500000,4000000,15,5,9,High,20,Low
WK1267,Assistant Cardiologist,Healthcare & Medicine,Mid-Level,Phase 1,Generalist,800000,1800000,15,6,8,High,22,Low
WK1268,Neurologist,Healthcare & Medicine,Senior,Phase 1,Generalist,1500000,4000000,15,5,9,High,20,Low
WK1269,Assistant Neurologist,Healthcare & Medicine,Mid-Level,Phase 1,Generalist,800000,1800000,15,6,8,High,22,Low
WK1270,Pediatrician,Healthcare & Medicine,Senior,Phase 1,Generalist,1500000,4000000,15,5,9,High,20,Low
WK1271,Assistant Pediatrician,Healthcare & Medicine,Mid-Level,Phase 1,Generalist,800000,1800000,15,6,8,High,22,Low
WK1272,Gynecologist,Healthcare & Medicine,Senior,Phase 1,Generalist,1500000,4000000,15,5,9,High,20,Low
WK1273,Assistant Gynecologist,Healthcare & Medicine,Mid-Level,Phase 1,Generalist,800000,1800000,15,6,8,High,22,Low
WK1274,Orthopedic Surgeon,Healthcare & Medicine,Senior,Phase 1,Generalist,1500000,4000000,15,5,9,High,20,Low
WK1275,Assistant Orthopedic Surgeon,Healthcare & Medicine,Mid-Level,Phase 1,Generalist,800000,1800000,15,6,8,High,22,Low
WK1276,Radiologist,Healthcare & Medicine,Senior,Phase 1,Generalist,1500000,4000000,15,5,9,High,20,Low
WK1277,Assistant Radiologist,Healthcare & Medicine,Mid-Level,Phase 1,Generalist,800000,1800000,15,6,8,High,22,Low
WK1278,Anesthesiologist,Healthcare & Medicine,Senior,Phase 1,Generalist,1500000,4000000,15,5,9,High,20,Low
WK1279,Assistant Anesthesiologist,Healthcare & Medicine,Mid-Level,Phase 1,Generalist,800000,1800000,15,6,8,High,22,Low
WK1280,Pathologist,Healthcare & Medicine,Senior,Phase 1,Generalist,1500000,4000000,15,5,9,High,20,Low
WK1281,Assistant Pathologist,Healthcare & Medicine,Mid-Level,Phase 1,Generalist,800000,1800000,15,6,8,High,22,Low
WK1282,ICU Nurse,Healthcare & Medicine,Mid-Level,Phase 1,Generalist,400000,900000,10,6,8,High,20,Low
WK1283,Emergency Nurse,Healthcare & Medicine,Mid-Level,Phase 1,Generalist,400000,900000,10,6,8,High,20,Low
WK1284,Surgical Nurse,Healthcare & Medicine,Mid-Level,Phase 1,Generalist,400000,900000,10,6,8,High,20,Low
WK1285,Community Health Nurse,Healthcare & Medicine,Mid-Level,Phase 1,Generalist,400000,900000,10,6,8,High,20,Low
WK1286,Pediatric Nurse,Healthcare & Medicine,Mid-Level,Phase 1,Generalist,400000,900000,10,6,8,High,20,Low
WK1287,Geriatric Nurse,Healthcare & Medicine,Mid-Level,Phase 1,Generalist,400000,900000,10,6,8,High,20,Low
WK1288,Mental Health Nurse,Healthcare & Medicine,Mid-Level,Phase 1,Generalist,400000,900000,10,6,8,High,20,Low
WK1289,Junior UX Designer,Design & User Experience,Junior,Phase 1,Generalist,350000,700000,85,7,8,High,28,High
WK1290,UX Designer,Design & User Experience,Mid-Level,Phase 1,Generalist,600000,1500000,85,7,8,High,30,High
WK1291,Senior UX Designer,Design & User Experience,Senior,Phase 1,Generalist,1000000,2500000,80,7,9,High,32,Medium
WK1292,Junior UI Designer,Design & User Experience,Junior,Phase 1,Generalist,350000,700000,85,7,8,High,28,High
WK1293,UI Designer,Design & User Experience,Mid-Level,Phase 1,Generalist,600000,1500000,85,7,8,High,30,High
WK1294,Senior UI Designer,Design & User Experience,Senior,Phase 1,Generalist,1000000,2500000,80,7,9,High,32,Medium
WK1295,Junior Product Designer,Design & User Experience,Junior,Phase 1,Generalist,350000,700000,85,7,8,High,28,High
WK1296,Product Designer,Design & User Experience,Mid-Level,Phase 1,Generalist,600000,1500000,85,7,8,High,30,High
WK1297,Senior Product Designer,Design & User Experience,Senior,Phase 1,Generalist,1000000,2500000,80,7,9,High,32,Medium
WK1298,Junior Graphic Designer,Design & User Experience,Junior,Phase 1,Generalist,350000,700000,85,7,8,High,28,High
WK1299,Graphic Designer,Design & User Experience,Mid-Level,Phase 1,Generalist,600000,1500000,85,7,8,High,30,High
WK1300,Senior Graphic Designer,Design & User Experience,Senior,Phase 1,Generalist,1000000,2500000,80,7,9,High,32,Medium
WK1301,Junior Visual Designer,Design & User Experience,Junior,Phase 1,Generalist,350000,700000,85,7,8,High,28,High
WK1302,Visual Designer,Design & User Experience,Mid-Level,Phase 1,Generalist,600000,1500000,85,7,8,High,30,High
WK1303,Senior Visual Designer,Design & User Experience,Senior,Phase 1,Generalist,1000000,2500000,80,7,9,High,32,Medium
WK1304,Junior Interaction Designer,Design & User Experience,Junior,Phase 1,Generalist,350000,700000,85,7,8,High,28,High
WK1305,Interaction Designer,Design & User Experience,Mid-Level,Phase 1,Generalist,600000,1500000,85,7,8,High,30,High
WK1306,Senior Interaction Designer,Design & User Experience,Senior,Phase 1,Generalist,1000000,2500000,80,7,9,High,32,Medium
WK1307,Junior UX Researcher,Design & User Experience,Junior,Phase 1,Generalist,350000,700000,85,7,8,High,28,High
WK1308,UX Researcher,Design & User Experience,Mid-Level,Phase 1,Generalist,600000,1500000,85,7,8,High,30,High
WK1309,Senior UX Researcher,Design & User Experience,Senior,Phase 1,Generalist,1000000,2500000,80,7,9,High,32,Medium
WK1310,Product Manager,Product Management,Mid-Level,Phase 1,Generalist,800000,2000000,70,6,8,Very High,32,Low
WK1311,Senior Product Manager,Product Management,Senior,Phase 1,Generalist,1400000,3500000,70,6,9,Very High,35,Low
WK1312,Associate Product Manager,Product Management,Mid-Level,Phase 1,Generalist,800000,2000000,70,6,8,Very High,32,Low
WK1313,Senior Associate Product Manager,Product Management,Senior,Phase 1,Generalist,1400000,3500000,70,6,9,Very High,35,Low
WK1314,Product Owner,Product Management,Mid-Level,Phase 1,Generalist,800000,2000000,70,6,8,Very High,32,Low
WK1315,Senior Product Owner,Product Management,Senior,Phase 1,Generalist,1400000,3500000,70,6,9,Very High,35,Low
WK1316,Technical Product Manager,Product Management,Mid-Level,Phase 1,Generalist,800000,2000000,70,6,8,Very High,32,Low
WK1317,Senior Technical Product Manager,Product Management,Senior,Phase 1,Generalist,1400000,3500000,70,6,9,Very High,35,Low
WK1318,Product Marketing Manager,Product Management,Mid-Level,Phase 1,Generalist,800000,2000000,70,6,8,Very High,32,Low
WK1319,Senior Product Marketing Manager,Product Management,Senior,Phase 1,Generalist,1400000,3500000,70,6,9,Very High,35,Low
WK1320,Product Analyst,Product Management,Mid-Level,Phase 1,Generalist,800000,2000000,70,6,8,Very High,32,Low
WK1321,Senior Product Analyst,Product Management,Senior,Phase 1,Generalist,1400000,3500000,70,6,9,Very High,35,Low
WK1322,Growth Product Manager,Product Management,Mid-Level,Phase 1,Generalist,800000,2000000,70,6,8,Very High,32,Low
WK1323,Senior Growth Product Manager,Product Management,Senior,Phase 1,Generalist,1400000,3500000,70,6,9,Very High,35,Low
WK1324,Junior Digital Marketing Manager,Marketing & Growth,Junior,Phase 1,Generalist,300000,600000,80,7,7,High,26,High
WK1325,Digital Marketing Manager,Marketing & Growth,Mid-Level,Phase 1,Generalist,500000,1200000,80,7,8,High,28,High
WK1326,Senior Digital Marketing Manager,Marketing & Growth,Senior,Phase 1,Generalist,900000,2200000,75,7,8,High,30,Medium
WK1327,Junior Content Marketing Manager,Marketing & Growth,Junior,Phase 1,Generalist,300000,600000,80,7,7,High,26,High
WK1328,Content Marketing Manager,Marketing & Growth,Mid-Level,Phase 1,Generalist,500000,1200000,80,7,8,High,28,High
WK1329,Senior Content Marketing Manager,Marketing & Growth,Senior,Phase 1,Generalist,900000,2200000,75,7,8,High,30,Medium
WK1330,Junior SEO Specialist,Marketing & Growth,Junior,Phase 1,Generalist,300000,600000,80,7,7,High,26,High
WK1331,SEO Specialist,Marketing & Growth,Mid-Level,Phase 1,Generalist,500000,1200000,80,7,8,High,28,High
WK1332,Senior SEO Specialist,Marketing & Growth,Senior,Phase 1,Generalist,900000,2200000,75,7,8,High,30,Medium
WK1333,Junior Social Media Manager,Marketing & Growth,Junior,Phase 1,Generalist,300000,600000,80,7,7,High,26,High
WK1334,Social Media Manager,Marketing & Growth,Mid-Level,Phase 1,Generalist,500000,1200000,80,7,8,High,28,High
WK1335,Senior Social Media Manager,Marketing & Growth,Senior,Phase 1,Generalist,900000,2200000,75,7,8,High,30,Medium
WK1336,Junior Brand Manager,Marketing & Growth,Junior,Phase 1,Generalist,300000,600000,80,7,7,High,26,High
WK1337,Brand Manager,Marketing & Growth,Mid-Level,Phase 1,Generalist,500000,1200000,80,7,8,High,28,High
WK1338,Senior Brand Manager,Marketing & Growth,Senior,Phase 1,Generalist,900000,2200000,75,7,8,High,30,Medium
WK1339,Junior Marketing Analyst,Marketing & Growth,Junior,Phase 1,Generalist,300000,600000,80,7,7,High,26,High
WK1340,Marketing Analyst,Marketing & Growth,Mid-Level,Phase 1,Generalist,500000,1200000,80,7,8,High,28,High
WK1341,Senior Marketing Analyst,Marketing & Growth,Senior,Phase 1,Generalist,900000,2200000,75,7,8,High,30,Medium
WK1342,Junior Email Marketing Specialist,Marketing & Growth,Junior,Phase 1,Generalist,300000,600000,80,7,7,High,26,High
WK1343,Email Marketing Specialist,Marketing & Growth,Mid-Level,Phase 1,Generalist,500000,1200000,80,7,8,High,28,High
WK1344,Senior Email Marketing Specialist,Marketing & Growth,Senior,Phase 1,Generalist,900000,2200000,75,7,8,High,30,Medium
WK1345,Junior Performance Marketer,Marketing & Growth,Junior,Phase 1,Generalist,300000,600000,80,7,7,High,26,High
WK1346,Performance Marketer,Marketing & Growth,Mid-Level,Phase 1,Generalist,500000,1200000,80,7,8,High,28,High
WK1347,Senior Performance Marketer,Marketing & Growth,Senior,Phase 1,Generalist,900000,2200000,75,7,8,High,30,Medium
WK1348,Junior Growth Marketer,Marketing & Growth,Junior,Phase 1,Generalist,300000,600000,80,7,7,High,26,High
WK1349,Growth Marketer,Marketing & Growth,Mid-Level,Phase 1,Generalist,500000,1200000,80,7,8,High,28,High
WK1350,Senior Growth Marketer,Marketing & Growth,Senior,Phase 1,Generalist,900000,2200000,75,7,8,High,30,Medium
WK1351,Sales Executive,Sales & Business Development,Mid-Level,Phase 1,Generalist,400000,1000000,30,6,7,High,24,Low
WK1352,Senior Sales Executive,Sales & Business Development,Senior,Phase 1,Generalist,700000,1800000,40,6,7,High,26,Low
WK1353,Business Development Manager,Sales & Business Development,Mid-Level,Phase 1,Generalist,400000,1000000,30,6,7,High,24,Low
WK1354,Senior Business Development Manager,Sales & Business Development,Senior,Phase 1,Generalist,700000,1800000,40,6,7,High,26,Low
WK1355,Account Manager,Sales & Business Development,Mid-Level,Phase 1,Generalist,400000,1000000,30,6,7,High,24,Low
WK1356,Senior Account Manager,Sales & Business Development,Senior,Phase 1,Generalist,700000,1800000,40,6,7,High,26,Low
WK1357,Sales Manager,Sales & Business Development,Mid-Level,Phase 1,Generalist,400000,1000000,30,6,7,High,24,Low
WK1358,Senior Sales Manager,Sales & Business Development,Senior,Phase 1,Generalist,700000,1800000,40,6,7,High,26,Low
WK1359,Key Account Manager,Sales & Business Development,Mid-Level,Phase 1,Generalist,400000,1000000,30,6,7,High,24,Low
WK1360,Senior Key Account Manager,Sales & Business Development,Senior,Phase 1,Generalist,700000,1800000,40,6,7,High,26,Low
WK1361,Inside Sales Representative,Sales & Business Development,Mid-Level,Phase 1,Generalist,400000,1000000,30,6,7,High,24,Low
WK1362,Senior Inside Sales Representative,Sales & Business Development,Senior,Phase 1,Generalist,700000,1800000,40,6,7,High,26,Low
WK1363,Customer Success Manager,Sales & Business Development,Mid-Level,Phase 1,Generalist,400000,1000000,30,6,7,High,24,Low
WK1364,Senior Customer Success Manager,Sales & Business Development,Senior,Phase 1,Generalist,700000,1800000,40,6,7,High,26,Low
WK1365,Junior Civil Engineer,Engineering (Non-IT),Junior,Phase 1,Generalist,300000,600000,20,6,7,High,20,Low
WK1366,Civil Engineer,Engineering (Non-IT),Mid-Level,Phase 1,Generalist,500000,1200000,25,6,7,High,22,Low
WK1367,Senior Civil Engineer,Engineering (Non-IT),Senior,Phase 1,Generalist,800000,2000000,30,6,8,High,24,Low
WK1368,Junior Mechanical Engineer,Engineering (Non-IT),Junior,Phase 1,Generalist,300000,600000,20,6,7,High,20,Low
WK1369,Mechanical Engineer,Engineering (Non-IT),Mid-Level,Phase 1,Generalist,500000,1200000,25,6,7,High,22,Low
WK1370,Senior Mechanical Engineer,Engineering (Non-IT),Senior,Phase 1,Generalist,800000,2000000,30,6,8,High,24,Low
WK1371,Junior Electrical Engineer,Engineering (Non-IT),Junior,Phase 1,Generalist,300000,600000,20,6,7,High,20,Low
WK1372,Electrical Engineer,Engineering (Non-IT),Mid-Level,Phase 1,Generalist,500000,1200000,25,6,7,High,22,Low
WK1373,Senior Electrical Engineer,Engineering (Non-IT),Senior,Phase 1,Generalist,800000,2000000,30,6,8,High,24,Low
WK1374,Junior Electronics Engineer,Engineering (Non-IT),Junior,Phase 1,Generalist,300000,600000,20,6,7,High,20,Low
WK1375,Electronics Engineer,Engineering (Non-IT),Mid-Level,Phase 1,Generalist,500000,1200000,25,6,7,High,22,Low
WK1376,Senior Electronics Engineer,Engineering (Non-IT),Senior,Phase 1,Generalist,800000,2000000,30,6,8,High,24,Low
WK1377,Junior Chemical Engineer,Engineering (Non-IT),Junior,Phase 1,Generalist,300000,600000,20,6,7,High,20,Low
WK1378,Chemical Engineer,Engineering (Non-IT),Mid-Level,Phase 1,Generalist,500000,1200000,25,6,7,High,22,Low
WK1379,Senior Chemical Engineer,Engineering (Non-IT),Senior,Phase 1,Generalist,800000,2000000,30,6,8,High,24,Low
WK1380,Junior Instrumentation Engineer,Engineering (Non-IT),Junior,Phase 1,Generalist,300000,600000,20,6,7,High,20,Low
WK1381,Instrumentation Engineer,Engineering (Non-IT),Mid-Level,Phase 1,Generalist,500000,1200000,25,6,7,High,22,Low
WK1382,Senior Instrumentation Engineer,Engineering (Non-IT),Senior,Phase 1,Generalist,800000,2000000,30,6,8,High,24,Low
WK1383,Junior Production Engineer,Engineering (Non-IT),Junior,Phase 1,Generalist,300000,600000,20,6,7,High,20,Low
WK1384,Production Engineer,Engineering (Non-IT),Mid-Level,Phase 1,Generalist,500000,1200000,25,6,7,High,22,Low
WK1385,Senior Production Engineer,Engineering (Non-IT),Senior,Phase 1,Generalist,800000,2000000,30,6,8,High,24,Low
WK1386,Junior Quality Engineer,Engineering (Non-IT),Junior,Phase 1,Generalist,300000,600000,20,6,7,High,20,Low
WK1387,Quality Engineer,Engineering (Non-IT),Mid-Level,Phase 1,Generalist,500000,1200000,25,6,7,High,22,Low
WK1388,Senior Quality Engineer,Engineering (Non-IT),Senior,Phase 1,Generalist,800000,2000000,30,6,8,High,24,Low
WK1389,Junior Project Engineer,Engineering (Non-IT),Junior,Phase 1,Generalist,300000,600000,20,6,7,High,20,Low
WK1390,Project Engineer,Engineering (Non-IT),Mid-Level,Phase 1,Generalist,500000,1200000,25,6,7,High,22,Low
WK1391,Senior Project Engineer,Engineering (Non-IT),Senior,Phase 1,Generalist,800000,2000000,30,6,8,High,24,Low
WK1392,Junior Financial Analyst,Finance & Accounting,Junior,Phase 1,Generalist,300000,700000,40,6,7,High,18,Medium
WK1393,Financial Analyst,Finance & Accounting,Mid-Level,Phase 1,Generalist,600000,1400000,50,6,7,High,20,Medium
WK1394,Senior Financial Analyst,Finance & Accounting,Senior,Phase 1,Generalist,1000000,2500000,50,6,8,High,22,Low
WK1395,Junior Accountant,Finance & Accounting,Junior,Phase 1,Generalist,300000,700000,40,6,7,High,18,Medium
WK1396,Accountant,Finance & Accounting,Mid-Level,Phase 1,Generalist,600000,1400000,50,6,7,High,20,Medium
WK1397,Senior Accountant,Finance & Accounting,Senior,Phase 1,Generalist,1000000,2500000,50,6,8,High,22,Low
WK1398,Junior Chartered Accountant,Finance & Accounting,Junior,Phase 1,Generalist,300000,700000,40,6,7,High,18,Medium
WK1399,Chartered Accountant,Finance & Accounting,Mid-Level,Phase 1,Generalist,600000,1400000,50,6,7,High,20,Medium
WK1400,Senior Chartered Accountant,Finance & Accounting,Senior,Phase 1,Generalist,1000000,2500000,50,6,8,High,22,Low
WK1401,Junior Finance Manager,Finance & Accounting,Junior,Phase 1,Generalist,300000,700000,40,6,7,High,18,Medium
WK1402,Finance Manager,Finance & Accounting,Mid-Level,Phase 1,Generalist,600000,1400000,50,6,7,High,20,Medium
WK1403,Senior Finance Manager,Finance & Accounting,Senior,Phase 1,Generalist,1000000,2500000,50,6,8,High,22,Low
WK1404,Junior Tax Consultant,Finance & Accounting,Junior,Phase 1,Generalist,300000,700000,40,6,7,High,18,Medium
WK1405,Tax Consultant,Finance & Accounting,Mid-Level,Phase 1,Generalist,600000,1400000,50,6,7,High,20,Medium
WK1406,Senior Tax Consultant,Finance & Accounting,Senior,Phase 1,Generalist,1000000,2500000,50,6,8,High,22,Low
WK1407,Junior Auditor,Finance & Accounting,Junior,Phase 1,Generalist,300000,700000,40,6,7,High,18,Medium
WK1408,Auditor,Finance & Accounting,Mid-Level,Phase 1,Generalist,600000,1400000,50,6,7,High,20,Medium
WK1409,Senior Auditor,Finance & Accounting,Senior,Phase 1,Generalist,1000000,2500000,50,6,8,High,22,Low
WK1410,Junior Investment Analyst,Finance & Accounting,Junior,Phase 1,Generalist,300000,700000,40,6,7,High,18,Medium
WK1411,Investment Analyst,Finance & Accounting,Mid-Level,Phase 1,Generalist,600000,1400000,50,6,7,High,20,Medium
WK1412,Senior Investment Analyst,Finance & Accounting,Senior,Phase 1,Generalist,1000000,2500000,50,6,8,High,22,Low
WK1413,Junior Treasury Manager,Finance & Accounting,Junior,Phase 1,Generalist,300000,700000,40,6,7,High,18,Medium
WK1414,Treasury Manager,Finance & Accounting,Mid-Level,Phase 1,Generalist,600000,1400000,50,6,7,High,20,Medium
WK1415,Senior Treasury Manager,Finance & Accounting,Senior,Phase 1,Generalist,1000000,2500000,50,6,8,High,22,Low
WK1416,Content Writer,Creative Arts & Media,Mid-Level,Phase 1,Generalist,300000,800000,90,8,9,High,26,Very High
WK1417,Senior Content Writer,Creative Arts & Media,Senior,Phase 1,Generalist,600000,1500000,85,7,9,High,28,High
WK1418,Copywriter,Creative Arts & Media,Mid-Level,Phase 1,Generalist,300000,800000,90,8,9,High,26,Very High
WK1419,Senior Copywriter,Creative Arts & Media,Senior,Phase 1,Generalist,600000,1500000,85,7,9,High,28,High
WK1420,Video Editor,Creative Arts & Media,Mid-Level,Phase 1,Generalist,300000,800000,90,8,9,High,26,Very High
WK1421,Senior Video Editor,Creative Arts & Media,Senior,Phase 1,Generalist,600000,1500000,85,7,9,High,28,High
WK1422,Photographer,Creative Arts & Media,Mid-Level,Phase 1,Generalist,300000,800000,90,8,9,High,26,Very High
WK1423,Senior Photographer,Creative Arts & Media,Senior,Phase 1,Generalist,600000,1500000,85,7,9,High,28,High
WK1424,Graphic Artist,Creative Arts & Media,Mid-Level,Phase 1,Generalist,300000,800000,90,8,9,High,26,Very High
WK1425,Senior Graphic Artist,Creative Arts & Media,Senior,Phase 1,Generalist,600000,1500000,85,7,9,High,28,High
WK1426,Social Media Content Creator,Creative Arts & Media,Mid-Level,Phase 1,Generalist,300000,800000,90,8,9,High,26,Very High
WK1427,Senior Social Media Content Creator,Creative Arts & Media,Senior,Phase 1,Generalist,600000,1500000,85,7,9,High,28,High
WK1428,Videographer,Creative Arts & Media,Mid-Level,Phase 1,Generalist,300000,800000,90,8,9,High,26,Very High
WK1429,Senior Videographer,Creative Arts & Media,Senior,Phase 1,Generalist,600000,1500000,85,7,9,High,28,High
WK1430,3D Artist,Creative Arts & Media,Mid-Level,Phase 1,Generalist,300000,800000,90,8,9,High,26,Very High
WK1431,Senior 3D Artist,Creative Arts & Media,Senior,Phase 1,Generalist,600000,1500000,85,7,9,High,28,High
WK1432,Teacher,Education & Training,Mid-Level,Phase 1,Generalist,300000,700000,40,7,8,High,20,Medium
WK1433,Senior Teacher,Education & Training,Senior,Phase 1,Generalist,500000,1200000,50,7,8,High,22,Medium
WK1434,Lecturer,Education & Training,Mid-Level,Phase 1,Generalist,300000,700000,40,7,8,High,20,Medium
WK1435,Senior Lecturer,Education & Training,Senior,Phase 1,Generalist,500000,1200000,50,7,8,High,22,Medium
WK1436,Professor,Education & Training,Mid-Level,Phase 1,Generalist,300000,700000,40,7,8,High,20,Medium
WK1437,Senior Professor,Education & Training,Senior,Phase 1,Generalist,500000,1200000,50,7,8,High,22,Medium
WK1438,Training Manager,Education & Training,Mid-Level,Phase 1,Generalist,300000,700000,40,7,8,High,20,Medium
WK1439,Senior Training Manager,Education & Training,Senior,Phase 1,Generalist,500000,1200000,50,7,8,High,22,Medium
WK1440,Corporate Trainer,Education & Training,Mid-Level,Phase 1,Generalist,300000,700000,40,7,8,High,20,Medium
WK1441,Senior Corporate Trainer,Education & Training,Senior,Phase 1,Generalist,500000,1200000,50,7,8,High,22,Medium
WK1442,Curriculum Designer,Education & Training,Mid-Level,Phase 1,Generalist,300000,700000,40,7,8,High,20,Medium
WK1443,Senior Curriculum Designer,Education & Training,Senior,Phase 1,Generalist,500000,1200000,50,7,8,High,22,Medium
WK1444,E-Learning Developer,Education & Training,Mid-Level,Phase 1,Generalist,300000,700000,40,7,8,High,20,Medium
WK1445,Senior E-Learning Developer,Education & Training,Senior,Phase 1,Generalist,500000,1200000,50,7,8,High,22,Medium
WK1446,Academic Counselor,Education & Training,Mid-Level,Phase 1,Generalist,300000,700000,40,7,8,High,20,Medium
WK1447,Senior Academic Counselor,Education & Training,Senior,Phase 1,Generalist,500000,1200000,50,7,8,High,22,Medium
WK1448,Junior Lawyer,Legal & Compliance,Junior,Phase 1,Generalist,400000,900000,50,6,7,High,18,Medium
WK1449,Lawyer,Legal & Compliance,Mid-Level,Phase 1,Generalist,700000,1600000,60,6,7,High,20,Medium
WK1450,Senior Lawyer,Legal & Compliance,Senior,Phase 1,Generalist,1200000,2800000,60,6,8,High,22,Medium
WK1451,Junior Legal Counsel,Legal & Compliance,Junior,Phase 1,Generalist,400000,900000,50,6,7,High,18,Medium
WK1452,Legal Counsel,Legal & Compliance,Mid-Level,Phase 1,Generalist,700000,1600000,60,6,7,High,20,Medium
WK1453,Senior Legal Counsel,Legal & Compliance,Senior,Phase 1,Generalist,1200000,2800000,60,6,8,High,22,Medium
WK1454,Junior Compliance Officer,Legal & Compliance,Junior,Phase 1,Generalist,400000,900000,50,6,7,High,18,Medium
WK1455,Compliance Officer,Legal & Compliance,Mid-Level,Phase 1,Generalist,700000,1600000,60,6,7,High,20,Medium
WK1456,Senior Compliance Officer,Legal & Compliance,Senior,Phase 1,Generalist,1200000,2800000,60,6,8,High,22,Medium
WK1457,Junior Legal Advisor,Legal & Compliance,Junior,Phase 1,Generalist,400000,900000,50,6,7,High,18,Medium
WK1458,Legal Advisor,Legal & Compliance,Mid-Level,Phase 1,Generalist,700000,1600000,60,6,7,High,20,Medium
WK1459,Senior Legal Advisor,Legal & Compliance,Senior,Phase 1,Generalist,1200000,2800000,60,6,8,High,22,Medium
WK1460,Junior Corporate Lawyer,Legal & Compliance,Junior,Phase 1,Generalist,400000,900000,50,6,7,High,18,Medium
WK1461,Corporate Lawyer,Legal & Compliance,Mid-Level,Phase 1,Generalist,700000,1600000,60,6,7,High,20,Medium
WK1462,Senior Corporate Lawyer,Legal & Compliance,Senior,Phase 1,Generalist,1200000,2800000,60,6,8,High,22,Medium
WK1463,Specialist - Architecture & Urban Planning,Architecture & Urban Planning,Junior,Phase 1,Generalist,300000,700000,60,7,7,High,22,Medium
WK1464,Manager - Architecture & Urban Planning,Architecture & Urban Planning,Mid-Level,Phase 1,Generalist,500000,1200000,60,7,7,High,22,Medium
WK1465,Coordinator - Architecture & Urban Planning,Architecture & Urban Planning,Senior,Phase 1,Generalist,800000,2000000,60,7,7,High,22,Medium
WK1466,Consultant - Architecture & Urban Planning,Architecture & Urban Planning,Junior,Phase 1,Generalist,300000,700000,60,7,7,High,22,Medium
WK1467,Analyst - Architecture & Urban Planning,Architecture & Urban Planning,Mid-Level,Phase 1,Generalist,500000,1200000,60,7,7,High,22,Medium
WK1468,Specialist - Architecture & Urban Planning,Architecture & Urban Planning,Senior,Phase 1,Generalist,800000,2000000,60,7,7,High,22,Medium
WK1469,Manager - Architecture & Urban Planning,Architecture & Urban Planning,Junior,Phase 1,Generalist,300000,700000,60,7,7,High,22,Medium
WK1470,Coordinator - Architecture & Urban Planning,Architecture & Urban Planning,Mid-Level,Phase 1,Generalist,500000,1200000,60,7,7,High,22,Medium
WK1471,Consultant - Architecture & Urban Planning,Architecture & Urban Planning,Senior,Phase 1,Generalist,800000,2000000,60,7,7,High,22,Medium
WK1472,Analyst - Architecture & Urban Planning,Architecture & Urban Planning,Junior,Phase 1,Generalist,300000,700000,60,7,7,High,22,Medium
WK1473,Specialist - Architecture & Urban Planning,Architecture & Urban Planning,Mid-Level,Phase 1,Generalist,500000,1200000,60,7,7,High,22,Medium
WK1474,Manager - Architecture & Urban Planning,Architecture & Urban Planning,Senior,Phase 1,Generalist,800000,2000000,60,7,7,High,22,Medium
WK1475,Coordinator - Architecture & Urban Planning,Architecture & Urban Planning,Junior,Phase 1,Generalist,300000,700000,60,7,7,High,22,Medium
WK1476,Consultant - Architecture & Urban Planning,Architecture & Urban Planning,Mid-Level,Phase 1,Generalist,500000,1200000,60,7,7,High,22,Medium
WK1477,Analyst - Architecture & Urban Planning,Architecture & Urban Planning,Senior,Phase 1,Generalist,800000,2000000,60,7,7,High,22,Medium
WK1478,Specialist - Architecture & Urban Planning,Architecture & Urban Planning,Junior,Phase 1,Generalist,300000,700000,60,7,7,High,22,Medium
WK1479,Manager - Architecture & Urban Planning,Architecture & Urban Planning,Mid-Level,Phase 1,Generalist,500000,1200000,60,7,7,High,22,Medium
WK1480,Coordinator - Architecture & Urban Planning,Architecture & Urban Planning,Senior,Phase 1,Generalist,800000,2000000,60,7,7,High,22,Medium
WK1481,Consultant - Architecture & Urban Planning,Architecture & Urban Planning,Junior,Phase 1,Generalist,300000,700000,60,7,7,High,22,Medium
WK1482,Analyst - Architecture & Urban Planning,Architecture & Urban Planning,Mid-Level,Phase 1,Generalist,500000,1200000,60,7,7,High,22,Medium
WK1483,Specialist - Architecture & Urban Planning,Architecture & Urban Planning,Senior,Phase 1,Generalist,800000,2000000,60,7,7,High,22,Medium
WK1484,Manager - Architecture & Urban Planning,Architecture & Urban Planning,Junior,Phase 1,Generalist,300000,700000,60,7,7,High,22,Medium
WK1485,Coordinator - Architecture & Urban Planning,Architecture & Urban Planning,Mid-Level,Phase 1,Generalist,500000,1200000,60,7,7,High,22,Medium
WK1486,Consultant - Architecture & Urban Planning,Architecture & Urban Planning,Senior,Phase 1,Generalist,800000,2000000,60,7,7,High,22,Medium
WK1487,Analyst - Architecture & Urban Planning,Architecture & Urban Planning,Junior,Phase 1,Generalist,300000,700000,60,7,7,High,22,Medium
WK1488,Specialist - Architecture & Urban Planning,Architecture & Urban Planning,Mid-Level,Phase 1,Generalist,500000,1200000,60,7,7,High,22,Medium
WK1489,Manager - Architecture & Urban Planning,Architecture & Urban Planning,Senior,Phase 1,Generalist,800000,2000000,60,7,7,High,22,Medium
WK1490,Coordinator - Architecture & Urban Planning,Architecture & Urban Planning,Junior,Phase 1,Generalist,300000,700000,60,7,7,High,22,Medium
WK1491,Consultant - Architecture & Urban Planning,Architecture & Urban Planning,Mid-Level,Phase 1,Generalist,500000,1200000,60,7,7,High,22,Medium
WK1492,Analyst - Architecture & Urban Planning,Architecture & Urban Planning,Senior,Phase 1,Generalist,800000,2000000,60,7,7,High,22,Medium
WK1493,Specialist - Hospitality & Tourism,Hospitality & Tourism,Junior,Phase 1,Generalist,300000,700000,40,7,7,High,22,Medium
WK1494,Manager - Hospitality & Tourism,Hospitality & Tourism,Mid-Level,Phase 1,Generalist,500000,1200000,40,7,7,High,22,Medium
WK1495,Coordinator - Hospitality & Tourism,Hospitality & Tourism,Senior,Phase 1,Generalist,800000,2000000,40,7,7,High,22,Medium
WK1496,Consultant - Hospitality & Tourism,Hospitality & Tourism,Junior,Phase 1,Generalist,300000,700000,40,7,7,High,22,Medium
WK1497,Analyst - Hospitality & Tourism,Hospitality & Tourism,Mid-Level,Phase 1,Generalist,500000,1200000,40,7,7,High,22,Medium
WK1498,Specialist - Hospitality & Tourism,Hospitality & Tourism,Senior,Phase 1,Generalist,800000,2000000,40,7,7,High,22,Medium
WK1499,Manager - Hospitality & Tourism,Hospitality & Tourism,Junior,Phase 1,Generalist,300000,700000,40,7,7,High,22,Medium
WK1500,Coordinator - Hospitality & Tourism,Hospitality & Tourism,Mid-Level,Phase 1,Generalist,500000,1200000,40,7,7,High,22,Medium
WK1501,Consultant - Hospitality & Tourism,Hospitality & Tourism,Senior,Phase 1,Generalist,800000,2000000,40,7,7,High,22,Medium
WK1502,Analyst - Hospitality & Tourism,Hospitality & Tourism,Junior,Phase 1,Generalist,300000,700000,40,7,7,High,22,Medium
WK1503,Specialist - Hospitality & Tourism,Hospitality & Tourism,Mid-Level,Phase 1,Generalist,500000,1200000,40,7,7,High,22,Medium
WK1504,Manager - Hospitality & Tourism,Hospitality & Tourism,Senior,Phase 1,Generalist,800000,2000000,40,7,7,High,22,Medium
WK1505,Coordinator - Hospitality & Tourism,Hospitality & Tourism,Junior,Phase 1,Generalist,300000,700000,40,7,7,High,22,Medium
WK1506,Consultant - Hospitality & Tourism,Hospitality & Tourism,Mid-Level,Phase 1,Generalist,500000,1200000,40,7,7,High,22,Medium
WK1507,Analyst - Hospitality & Tourism,Hospitality & Tourism,Senior,Phase 1,Generalist,800000,2000000,40,7,7,High,22,Medium
WK1508,Specialist - Hospitality & Tourism,Hospitality & Tourism,Junior,Phase 1,Generalist,300000,700000,40,7,7,High,22,Medium
WK1509,Manager - Hospitality & Tourism,Hospitality & Tourism,Mid-Level,Phase 1,Generalist,500000,1200000,40,7,7,High,22,Medium
WK1510,Coordinator - Hospitality & Tourism,Hospitality & Tourism,Senior,Phase 1,Generalist,800000,2000000,40,7,7,High,22,Medium
WK1511,Consultant - Hospitality & Tourism,Hospitality & Tourism,Junior,Phase 1,Generalist,300000,700000,40,7,7,High,22,Medium
WK1512,Analyst - Hospitality & Tourism,Hospitality & Tourism,Mid-Level,Phase 1,Generalist,500000,1200000,40,7,7,High,22,Medium
WK1513,Specialist - Hospitality & Tourism,Hospitality & Tourism,Senior,Phase 1,Generalist,800000,2000000,40,7,7,High,22,Medium
WK1514,Manager - Hospitality & Tourism,Hospitality & Tourism,Junior,Phase 1,Generalist,300000,700000,40,7,7,High,22,Medium
WK1515,Coordinator - Hospitality & Tourism,Hospitality & Tourism,Mid-Level,Phase 1,Generalist,500000,1200000,40,7,7,High,22,Medium
WK1516,Consultant - Hospitality & Tourism,Hospitality & Tourism,Senior,Phase 1,Generalist,800000,2000000,40,7,7,High,22,Medium
WK1517,Analyst - Hospitality & Tourism,Hospitality & Tourism,Junior,Phase 1,Generalist,300000,700000,40,7,7,High,22,Medium
WK1518,Specialist - Hospitality & Tourism,Hospitality & Tourism,Mid-Level,Phase 1,Generalist,500000,1200000,40,7,7,High,22,Medium
WK1519,Manager - Hospitality & Tourism,Hospitality & Tourism,Senior,Phase 1,Generalist,800000,2000000,40,7,7,High,22,Medium
WK1520,Coordinator - Hospitality & Tourism,Hospitality & Tourism,Junior,Phase 1,Generalist,300000,700000,40,7,7,High,22,Medium
WK1521,Consultant - Hospitality & Tourism,Hospitality & Tourism,Mid-Level,Phase 1,Generalist,500000,1200000,40,7,7,High,22,Medium
WK1522,Analyst - Hospitality & Tourism,Hospitality & Tourism,Senior,Phase 1,Generalist,800000,2000000,40,7,7,High,22,Medium
WK1523,Specialist - Hospitality & Tourism,Hospitality & Tourism,Junior,Phase 1,Generalist,300000,700000,40,7,7,High,22,Medium
WK1524,Manager - Hospitality & Tourism,Hospitality & Tourism,Mid-Level,Phase 1,Generalist,500000,1200000,40,7,7,High,22,Medium
WK1525,Coordinator - Hospitality & Tourism,Hospitality & Tourism,Senior,Phase 1,Generalist,800000,2000000,40,7,7,High,22,Medium
WK1526,Consultant - Hospitality & Tourism,Hospitality & Tourism,Junior,Phase 1,Generalist,300000,700000,40,7,7,High,22,Medium
WK1527,Analyst - Hospitality & Tourism,Hospitality & Tourism,Mid-Level,Phase 1,Generalist,500000,1200000,40,7,7,High,22,Medium
WK1528,Specialist - Social Work & NGO,Social Work & NGO,Junior,Phase 1,Generalist,300000,700000,60,7,7,High,22,Medium
WK1529,Manager - Social Work & NGO,Social Work & NGO,Mid-Level,Phase 1,Generalist,500000,1200000,60,7,7,High,22,Medium
WK1530,Coordinator - Social Work & NGO,Social Work & NGO,Senior,Phase 1,Generalist,800000,2000000,60,7,7,High,22,Medium
WK1531,Consultant - Social Work & NGO,Social Work & NGO,Junior,Phase 1,Generalist,300000,700000,60,7,7,High,22,Medium
WK1532,Analyst - Social Work & NGO,Social Work & NGO,Mid-Level,Phase 1,Generalist,500000,1200000,60,7,7,High,22,Medium
WK1533,Specialist - Social Work & NGO,Social Work & NGO,Senior,Phase 1,Generalist,800000,2000000,60,7,7,High,22,Medium
WK1534,Manager - Social Work & NGO,Social Work & NGO,Junior,Phase 1,Generalist,300000,700000,60,7,7,High,22,Medium
WK1535,Coordinator - Social Work & NGO,Social Work & NGO,Mid-Level,Phase 1,Generalist,500000,1200000,60,7,7,High,22,Medium
WK1536,Consultant - Social Work & NGO,Social Work & NGO,Senior,Phase 1,Generalist,800000,2000000,60,7,7,High,22,Medium
WK1537,Analyst - Social Work & NGO,Social Work & NGO,Junior,Phase 1,Generalist,300000,700000,60,7,7,High,22,Medium
WK1538,Specialist - Social Work & NGO,Social Work & NGO,Mid-Level,Phase 1,Generalist,500000,1200000,60,7,7,High,22,Medium
WK1539,Manager - Social Work & NGO,Social Work & NGO,Senior,Phase 1,Generalist,800000,2000000,60,7,7,High,22,Medium
WK1540,Coordinator - Social Work & NGO,Social Work & NGO,Junior,Phase 1,Generalist,300000,700000,60,7,7,High,22,Medium
WK1541,Consultant - Social Work & NGO,Social Work & NGO,Mid-Level,Phase 1,Generalist,500000,1200000,60,7,7,High,22,Medium
WK1542,Analyst - Social Work & NGO,Social Work & NGO,Senior,Phase 1,Generalist,800000,2000000,60,7,7,High,22,Medium
WK1543,Specialist - Social Work & NGO,Social Work & NGO,Junior,Phase 1,Generalist,300000,700000,60,7,7,High,22,Medium
WK1544,Manager - Social Work & NGO,Social Work & NGO,Mid-Level,Phase 1,Generalist,500000,1200000,60,7,7,High,22,Medium
WK1545,Coordinator - Social Work & NGO,Social Work & NGO,Senior,Phase 1,Generalist,800000,2000000,60,7,7,High,22,Medium
WK1546,Consultant - Social Work & NGO,Social Work & NGO,Junior,Phase 1,Generalist,300000,700000,60,7,7,High,22,Medium
WK1547,Analyst - Social Work & NGO,Social Work & NGO,Mid-Level,Phase 1,Generalist,500000,1200000,60,7,7,High,22,Medium
WK1548,Specialist - Social Work & NGO,Social Work & NGO,Senior,Phase 1,Generalist,800000,2000000,60,7,7,High,22,Medium
WK1549,Manager - Social Work & NGO,Social Work & NGO,Junior,Phase 1,Generalist,300000,700000,60,7,7,High,22,Medium
WK1550,Coordinator - Social Work & NGO,Social Work & NGO,Mid-Level,Phase 1,Generalist,500000,1200000,60,7,7,High,22,Medium
WK1551,Consultant - Social Work & NGO,Social Work & NGO,Senior,Phase 1,Generalist,800000,2000000,60,7,7,High,22,Medium
WK1552,Analyst - Social Work & NGO,Social Work & NGO,Junior,Phase 1,Generalist,300000,700000,60,7,7,High,22,Medium
WK1553,Specialist - Social Work & NGO,Social Work & NGO,Mid-Level,Phase 1,Generalist,500000,1200000,60,7,7,High,22,Medium
WK1554,Manager - Social Work & NGO,Social Work & NGO,Senior,Phase 1,Generalist,800000,2000000,60,7,7,High,22,Medium
WK1555,Coordinator - Social Work & NGO,Social Work & NGO,Junior,Phase 1,Generalist,300000,700000,60,7,7,High,22,Medium
WK1556,Consultant - Social Work & NGO,Social Work & NGO,Mid-Level,Phase 1,Generalist,500000,1200000,60,7,7,High,22,Medium
WK1557,Analyst - Social Work & NGO,Social Work & NGO,Senior,Phase 1,Generalist,800000,2000000,60,7,7,High,22,Medium
WK1558,Specialist - Sports & Fitness,Sports & Fitness,Junior,Phase 1,Generalist,300000,700000,40,7,7,High,22,Medium
WK1559,Manager - Sports & Fitness,Sports & Fitness,Mid-Level,Phase 1,Generalist,500000,1200000,40,7,7,High,22,Medium
WK1560,Coordinator - Sports & Fitness,Sports & Fitness,Senior,Phase 1,Generalist,800000,2000000,40,7,7,High,22,Medium
WK1561,Consultant - Sports & Fitness,Sports & Fitness,Junior,Phase 1,Generalist,300000,700000,40,7,7,High,22,Medium
WK1562,Analyst - Sports & Fitness,Sports & Fitness,Mid-Level,Phase 1,Generalist,500000,1200000,40,7,7,High,22,Medium
WK1563,Specialist - Sports & Fitness,Sports & Fitness,Senior,Phase 1,Generalist,800000,2000000,40,7,7,High,22,Medium
WK1564,Manager - Sports & Fitness,Sports & Fitness,Junior,Phase 1,Generalist,300000,700000,40,7,7,High,22,Medium
WK1565,Coordinator - Sports & Fitness,Sports & Fitness,Mid-Level,Phase 1,Generalist,500000,1200000,40,7,7,High,22,Medium
WK1566,Consultant - Sports & Fitness,Sports & Fitness,Senior,Phase 1,Generalist,800000,2000000,40,7,7,High,22,Medium
WK1567,Analyst - Sports & Fitness,Sports & Fitness,Junior,Phase 1,Generalist,300000,700000,40,7,7,High,22,Medium
WK1568,Specialist - Sports & Fitness,Sports & Fitness,Mid-Level,Phase 1,Generalist,500000,1200000,40,7,7,High,22,Medium
WK1569,Manager - Sports & Fitness,Sports & Fitness,Senior,Phase 1,Generalist,800000,2000000,40,7,7,High,22,Medium
WK1570,Coordinator - Sports & Fitness,Sports & Fitness,Junior,Phase 1,Generalist,300000,700000,40,7,7,High,22,Medium
WK1571,Consultant - Sports & Fitness,Sports & Fitness,Mid-Level,Phase 1,Generalist,500000,1200000,40,7,7,High,22,Medium
WK1572,Analyst - Sports & Fitness,Sports & Fitness,Senior,Phase 1,Generalist,800000,2000000,40,7,7,High,22,Medium
WK1573,Specialist - Sports & Fitness,Sports & Fitness,Junior,Phase 1,Generalist,300000,700000,40,7,7,High,22,Medium
WK1574,Manager - Sports & Fitness,Sports & Fitness,Mid-Level,Phase 1,Generalist,500000,1200000,40,7,7,High,22,Medium
WK1575,Coordinator - Sports & Fitness,Sports & Fitness,Senior,Phase 1,Generalist,800000,2000000,40,7,7,High,22,Medium
WK1576,Consultant - Sports & Fitness,Sports & Fitness,Junior,Phase 1,Generalist,300000,700000,40,7,7,High,22,Medium
WK1577,Analyst - Sports & Fitness,Sports & Fitness,Mid-Level,Phase 1,Generalist,500000,1200000,40,7,7,High,22,Medium
WK1578,Specialist - Sports & Fitness,Sports & Fitness,Senior,Phase 1,Generalist,800000,2000000,40,7,7,High,22,Medium
WK1579,Manager - Sports & Fitness,Sports & Fitness,Junior,Phase 1,Generalist,300000,700000,40,7,7,High,22,Medium
WK1580,Coordinator - Sports & Fitness,Sports & Fitness,Mid-Level,Phase 1,Generalist,500000,1200000,40,7,7,High,22,Medium
WK1581,Consultant - Sports & Fitness,Sports & Fitness,Senior,Phase 1,Generalist,800000,2000000,40,7,7,High,22,Medium
WK1582,Analyst - Sports & Fitness,Sports & Fitness,Junior,Phase 1,Generalist,300000,700000,40,7,7,High,22,Medium
WK1583,Specialist - Journalism & Media,Journalism & Media,Junior,Phase 1,Generalist,300000,700000,60,7,7,High,22,Medium
WK1584,Manager - Journalism & Media,Journalism & Media,Mid-Level,Phase 1,Generalist,500000,1200000,60,7,7,High,22,Medium
WK1585,Coordinator - Journalism & Media,Journalism & Media,Senior,Phase 1,Generalist,800000,2000000,60,7,7,High,22,Medium
WK1586,Consultant - Journalism & Media,Journalism & Media,Junior,Phase 1,Generalist,300000,700000,60,7,7,High,22,Medium
WK1587,Analyst - Journalism & Media,Journalism & Media,Mid-Level,Phase 1,Generalist,500000,1200000,60,7,7,High,22,Medium
WK1588,Specialist - Journalism & Media,Journalism & Media,Senior,Phase 1,Generalist,800000,2000000,60,7,7,High,22,Medium
WK1589,Manager - Journalism & Media,Journalism & Media,Junior,Phase 1,Generalist,300000,700000,60,7,7,High,22,Medium
WK1590,Coordinator - Journalism & Media,Journalism & Media,Mid-Level,Phase 1,Generalist,500000,1200000,60,7,7,High,22,Medium
WK1591,Consultant - Journalism & Media,Journalism & Media,Senior,Phase 1,Generalist,800000,2000000,60,7,7,High,22,Medium
WK1592,Analyst - Journalism & Media,Journalism & Media,Junior,Phase 1,Generalist,300000,700000,60,7,7,High,22,Medium
WK1593,Specialist - Journalism & Media,Journalism & Media,Mid-Level,Phase 1,Generalist,500000,1200000,60,7,7,High,22,Medium
WK1594,Manager - Journalism & Media,Journalism & Media,Senior,Phase 1,Generalist,800000,2000000,60,7,7,High,22,Medium
WK1595,Coordinator - Journalism & Media,Journalism & Media,Junior,Phase 1,Generalist,300000,700000,60,7,7,High,22,Medium
WK1596,Consultant - Journalism & Media,Journalism & Media,Mid-Level,Phase 1,Generalist,500000,1200000,60,7,7,High,22,Medium
WK1597,Analyst - Journalism & Media,Journalism & Media,Senior,Phase 1,Generalist,800000,2000000,60,7,7,High,22,Medium
WK1598,Specialist - Journalism & Media,Journalism & Media,Junior,Phase 1,Generalist,300000,700000,60,7,7,High,22,Medium
WK1599,Manager - Journalism & Media,Journalism & Media,Mid-Level,Phase 1,Generalist,500000,1200000,60,7,7,High,22,Medium
WK1600,Coordinator - Journalism & Media,Journalism & Media,Senior,Phase 1,Generalist,800000,2000000,60,7,7,High,22,Medium
WK1601,Consultant - Journalism & Media,Journalism & Media,Junior,Phase 1,Generalist,300000,700000,60,7,7,High,22,Medium
WK1602,Analyst - Journalism & Media,Journalism & Media,Mid-Level,Phase 1,Generalist,500000,1200000,60,7,7,High,22,Medium
WK1603,Specialist - Journalism & Media,Journalism & Media,Senior,Phase 1,Generalist,800000,2000000,60,7,7,High,22,Medium
WK1604,Manager - Journalism & Media,Journalism & Media,Junior,Phase 1,Generalist,300000,700000,60,7,7,High,22,Medium
WK1605,Coordinator - Journalism & Media,Journalism & Media,Mid-Level,Phase 1,Generalist,500000,1200000,60,7,7,High,22,Medium
WK1606,Consultant - Journalism & Media,Journalism & Media,Senior,Phase 1,Generalist,800000,2000000,60,7,7,High,22,Medium
WK1607,Analyst - Journalism & Media,Journalism & Media,Junior,Phase 1,Generalist,300000,700000,60,7,7,High,22,Medium
WK1608,Specialist - Human Resources,Human Resources,Junior,Phase 1,Generalist,300000,700000,60,7,7,High,22,Medium
WK1609,Manager - Human Resources,Human Resources,Mid-Level,Phase 1,Generalist,500000,1200000,60,7,7,High,22,Medium
WK1610,Coordinator - Human Resources,Human Resources,Senior,Phase 1,Generalist,800000,2000000,60,7,7,High,22,Medium
WK1611,Consultant - Human Resources,Human Resources,Junior,Phase 1,Generalist,300000,700000,60,7,7,High,22,Medium
WK1612,Analyst - Human Resources,Human Resources,Mid-Level,Phase 1,Generalist,500000,1200000,60,7,7,High,22,Medium
WK1613,Specialist - Human Resources,Human Resources,Senior,Phase 1,Generalist,800000,2000000,60,7,7,High,22,Medium
WK1614,Manager - Human Resources,Human Resources,Junior,Phase 1,Generalist,300000,700000,60,7,7,High,22,Medium
WK1615,Coordinator - Human Resources,Human Resources,Mid-Level,Phase 1,Generalist,500000,1200000,60,7,7,High,22,Medium
WK1616,Consultant - Human Resources,Human Resources,Senior,Phase 1,Generalist,800000,2000000,60,7,7,High,22,Medium
WK1617,Analyst - Human Resources,Human Resources,Junior,Phase 1,Generalist,300000,700000,60,7,7,High,22,Medium
WK1618,Specialist - Human Resources,Human Resources,Mid-Level,Phase 1,Generalist,500000,1200000,60,7,7,High,22,Medium
WK1619,Manager - Human Resources,Human Resources,Senior,Phase 1,Generalist,800000,2000000,60,7,7,High,22,Medium
WK1620,Coordinator - Human Resources,Human Resources,Junior,Phase 1,Generalist,300000,700000,60,7,7,High,22,Medium
WK1621,Consultant - Human Resources,Human Resources,Mid-Level,Phase 1,Generalist,500000,1200000,60,7,7,High,22,Medium
WK1622,Analyst - Human Resources,Human Resources,Senior,Phase 1,Generalist,800000,2000000,60,7,7,High,22,Medium
WK1623,Specialist - Human Resources,Human Resources,Junior,Phase 1,Generalist,300000,700000,60,7,7,High,22,Medium
WK1624,Manager - Human Resources,Human Resources,Mid-Level,Phase 1,Generalist,500000,1200000,60,7,7,High,22,Medium
WK1625,Coordinator - Human Resources,Human Resources,Senior,Phase 1,Generalist,800000,2000000,60,7,7,High,22,Medium
WK1626,Consultant - Human Resources,Human Resources,Junior,Phase 1,Generalist,300000,700000,60,7,7,High,22,Medium
WK1627,Analyst - Human Resources,Human Resources,Mid-Level,Phase 1,Generalist,500000,1200000,60,7,7,High,22,Medium
WK1628,Specialist - Human Resources,Human Resources,Senior,Phase 1,Generalist,800000,2000000,60,7,7,High,22,Medium
WK1629,Manager - Human Resources,Human Resources,Junior,Phase 1,Generalist,300000,700000,60,7,7,High,22,Medium
WK1630,Coordinator - Human Resources,Human Resources,Mid-Level,Phase 1,Generalist,500000,1200000,60,7,7,High,22,Medium
WK1631,Consultant - Human Resources,Human Resources,Senior,Phase 1,Generalist,800000,2000000,60,7,7,High,22,Medium
WK1632,Analyst - Human Resources,Human Resources,Junior,Phase 1,Generalist,300000,700000,60,7,7,High,22,Medium
WK1633,Specialist - Human Resources,Human Resources,Mid-Level,Phase 1,Generalist,500000,1200000,60,7,7,High,22,Medium
WK1634,Manager - Human Resources,Human Resources,Senior,Phase 1,Generalist,800000,2000000,60,7,7,High,22,Medium
WK1635,Coordinator - Human Resources,Human Resources,Junior,Phase 1,Generalist,300000,700000,60,7,7,High,22,Medium
WK1636,Consultant - Human Resources,Human Resources,Mid-Level,Phase 1,Generalist,500000,1200000,60,7,7,High,22,Medium
WK1637,Analyst - Human Resources,Human Resources,Senior,Phase 1,Generalist,800000,2000000,60,7,7,High,22,Medium
WK1638,Specialist - Human Resources,Human Resources,Junior,Phase 1,Generalist,300000,700000,60,7,7,High,22,Medium
WK1639,Manager - Human Resources,Human Resources,Mid-Level,Phase 1,Generalist,500000,1200000,60,7,7,High,22,Medium
WK1640,Coordinator - Human Resources,Human Resources,Senior,Phase 1,Generalist,800000,2000000,60,7,7,High,22,Medium
WK1641,Consultant - Human Resources,Human Resources,Junior,Phase 1,Generalist,300000,700000,60,7,7,High,22,Medium
WK1642,Analyst - Human Resources,Human Resources,Mid-Level,Phase 1,Generalist,500000,1200000,60,7,7,High,22,Medium
WK1643,Specialist - Human Resources,Human Resources,Senior,Phase 1,Generalist,800000,2000000,60,7,7,High,22,Medium
WK1644,Manager - Human Resources,Human Resources,Junior,Phase 1,Generalist,300000,700000,60,7,7,High,22,Medium
WK1645,Coordinator - Human Resources,Human Resources,Mid-Level,Phase 1,Generalist,500000,1200000,60,7,7,High,22,Medium
WK1646,Consultant - Human Resources,Human Resources,Senior,Phase 1,Generalist,800000,2000000,60,7,7,High,22,Medium
WK1647,Analyst - Human Resources,Human Resources,Junior,Phase 1,Generalist,300000,700000,60,7,7,High,22,Medium
WK1648,Specialist - Consulting & Strategy,Consulting & Strategy,Junior,Phase 1,Generalist,300000,700000,60,7,7,High,22,Medium
WK1649,Manager - Consulting & Strategy,Consulting & Strategy,Mid-Level,Phase 1,Generalist,500000,1200000,60,7,7,High,22,Medium
WK1650,Coordinator - Consulting & Strategy,Consulting & Strategy,Senior,Phase 1,Generalist,800000,2000000,60,7,7,High,22,Medium
WK1651,Consultant - Consulting & Strategy,Consulting & Strategy,Junior,Phase 1,Generalist,300000,700000,60,7,7,High,22,Medium
WK1652,Analyst - Consulting & Strategy,Consulting & Strategy,Mid-Level,Phase 1,Generalist,500000,1200000,60,7,7,High,22,Medium
WK1653,Specialist - Consulting & Strategy,Consulting & Strategy,Senior,Phase 1,Generalist,800000,2000000,60,7,7,High,22,Medium
WK1654,Manager - Consulting & Strategy,Consulting & Strategy,Junior,Phase 1,Generalist,300000,700000,60,7,7,High,22,Medium
WK1655,Coordinator - Consulting & Strategy,Consulting & Strategy,Mid-Level,Phase 1,Generalist,500000,1200000,60,7,7,High,22,Medium
WK1656,Consultant - Consulting & Strategy,Consulting & Strategy,Senior,Phase 1,Generalist,800000,2000000,60,7,7,High,22,Medium
WK1657,Analyst - Consulting & Strategy,Consulting & Strategy,Junior,Phase 1,Generalist,300000,700000,60,7,7,High,22,Medium
WK1658,Specialist - Consulting & Strategy,Consulting & Strategy,Mid-Level,Phase 1,Generalist,500000,1200000,60,7,7,High,22,Medium
WK1659,Manager - Consulting & Strategy,Consulting & Strategy,Senior,Phase 1,Generalist,800000,2000000,60,7,7,High,22,Medium
WK1660,Coordinator - Consulting & Strategy,Consulting & Strategy,Junior,Phase 1,Generalist,300000,700000,60,7,7,High,22,Medium
WK1661,Consultant - Consulting & Strategy,Consulting & Strategy,Mid-Level,Phase 1,Generalist,500000,1200000,60,7,7,High,22,Medium
WK1662,Analyst - Consulting & Strategy,Consulting & Strategy,Senior,Phase 1,Generalist,800000,2000000,60,7,7,High,22,Medium
WK1663,Specialist - Consulting & Strategy,Consulting & Strategy,Junior,Phase 1,Generalist,300000,700000,60,7,7,High,22,Medium
WK1664,Manager - Consulting & Strategy,Consulting & Strategy,Mid-Level,Phase 1,Generalist,500000,1200000,60,7,7,High,22,Medium
WK1665,Coordinator - Consulting & Strategy,Consulting & Strategy,Senior,Phase 1,Generalist,800000,2000000,60,7,7,High,22,Medium
WK1666,Consultant - Consulting & Strategy,Consulting & Strategy,Junior,Phase 1,Generalist,300000,700000,60,7,7,High,22,Medium
WK1667,Analyst - Consulting & Strategy,Consulting & Strategy,Mid-Level,Phase 1,Generalist,500000,1200000,60,7,7,High,22,Medium
WK1668,Specialist - Consulting & Strategy,Consulting & Strategy,Senior,Phase 1,Generalist,800000,2000000,60,7,7,High,22,Medium
WK1669,Manager - Consulting & Strategy,Consulting & Strategy,Junior,Phase 1,Generalist,300000,700000,60,7,7,High,22,Medium
WK1670,Coordinator - Consulting & Strategy,Consulting & Strategy,Mid-Level,Phase 1,Generalist,500000,1200000,60,7,7,High,22,Medium
WK1671,Consultant - Consulting & Strategy,Consulting & Strategy,Senior,Phase 1,Generalist,800000,2000000,60,7,7,High,22,Medium
WK1672,Analyst - Consulting & Strategy,Consulting & Strategy,Junior,Phase 1,Generalist,300000,700000,60,7,7,High,22,Medium
WK1673,Specialist - Consulting & Strategy,Consulting & Strategy,Mid-Level,Phase 1,Generalist,500000,1200000,60,7,7,High,22,Medium
WK1674,Manager - Consulting & Strategy,Consulting & Strategy,Senior,Phase 1,Generalist,800000,2000000,60,7,7,High,22,Medium
WK1675,Coordinator - Consulting & Strategy,Consulting & Strategy,Junior,Phase 1,Generalist,300000,700000,60,7,7,High,22,Medium
WK1676,Consultant - Consulting & Strategy,Consulting & Strategy,Mid-Level,Phase 1,Generalist,500000,1200000,60,7,7,High,22,Medium
WK1677,Analyst - Consulting & Strategy,Consulting & Strategy,Senior,Phase 1,Generalist,800000,2000000,60,7,7,High,22,Medium
WK1678,Specialist - Government & Public Sector,Government & Public Sector,Junior,Phase 1,Generalist,300000,700000,60,7,7,High,22,Medium
WK1679,Manager - Government & Public Sector,Government & Public Sector,Mid-Level,Phase 1,Generalist,500000,1200000,60,7,7,High,22,Medium
WK1680,Coordinator - Government & Public Sector,Government & Public Sector,Senior,Phase 1,Generalist,800000,2000000,60,7,7,High,22,Medium
WK1681,Consultant - Government & Public Sector,Government & Public Sector,Junior,Phase 1,Generalist,300000,700000,60,7,7,High,22,Medium
WK1682,Analyst - Government & Public Sector,Government & Public Sector,Mid-Level,Phase 1,Generalist,500000,1200000,60,7,7,High,22,Medium
WK1683,Specialist - Government & Public Sector,Government & Public Sector,Senior,Phase 1,Generalist,800000,2000000,60,7,7,High,22,Medium
WK1684,Manager - Government & Public Sector,Government & Public Sector,Junior,Phase 1,Generalist,300000,700000,60,7,7,High,22,Medium
WK1685,Coordinator - Government & Public Sector,Government & Public Sector,Mid-Level,Phase 1,Generalist,500000,1200000,60,7,7,High,22,Medium
WK1686,Consultant - Government & Public Sector,Government & Public Sector,Senior,Phase 1,Generalist,800000,2000000,60,7,7,High,22,Medium
WK1687,Analyst - Government & Public Sector,Government & Public Sector,Junior,Phase 1,Generalist,300000,700000,60,7,7,High,22,Medium
WK1688,Specialist - Government & Public Sector,Government & Public Sector,Mid-Level,Phase 1,Generalist,500000,1200000,60,7,7,High,22,Medium
WK1689,Manager - Government & Public Sector,Government & Public Sector,Senior,Phase 1,Generalist,800000,2000000,60,7,7,High,22,Medium
WK1690,Coordinator - Government & Public Sector,Government & Public Sector,Junior,Phase 1,Generalist,300000,700000,60,7,7,High,22,Medium
WK1691,Consultant - Government & Public Sector,Government & Public Sector,Mid-Level,Phase 1,Generalist,500000,1200000,60,7,7,High,22,Medium
WK1692,Analyst - Government & Public Sector,Government & Public Sector,Senior,Phase 1,Generalist,800000,2000000,60,7,7,High,22,Medium
WK1693,Specialist - Government & Public Sector,Government & Public Sector,Junior,Phase 1,Generalist,300000,700000,60,7,7,High,22,Medium
WK1694,Manager - Government & Public Sector,Government & Public Sector,Mid-Level,Phase 1,Generalist,500000,1200000,60,7,7,High,22,Medium
WK1695,Coordinator - Government & Public Sector,Government & Public Sector,Senior,Phase 1,Generalist,800000,2000000,60,7,7,High,22,Medium
WK1696,Consultant - Government & Public Sector,Government & Public Sector,Junior,Phase 1,Generalist,300000,700000,60,7,7,High,22,Medium
WK1697,Analyst - Government & Public Sector,Government & Public Sector,Mid-Level,Phase 1,Generalist,500000,1200000,60,7,7,High,22,Medium
WK1698,Specialist - Government & Public Sector,Government & Public Sector,Senior,Phase 1,Generalist,800000,2000000,60,7,7,High,22,Medium
WK1699,Manager - Government & Public Sector,Government & Public Sector,Junior,Phase 1,Generalist,300000,700000,60,7,7,High,22,Medium
WK1700,Coordinator - Government & Public Sector,Government & Public Sector,Mid-Level,Phase 1,Generalist,500000,1200000,60,7,7,High,22,Medium
WK1701,Consultant - Government & Public Sector,Government & Public Sector,Senior,Phase 1,Generalist,800000,2000000,60,7,7,High,22,Medium
WK1702,Analyst - Government & Public Sector,Government & Public Sector,Junior,Phase 1,Generalist,300000,700000,60,7,7,High,22,Medium
WK1703,Specialist - Entrepreneurship & Startups,Entrepreneurship & Startups,Junior,Phase 1,Generalist,300000,700000,60,7,7,High,22,Medium
WK1704,Manager - Entrepreneurship & Startups,Entrepreneurship & Startups,Mid-Level,Phase 1,Generalist,500000,1200000,60,7,7,High,22,Medium
WK1705,Coordinator - Entrepreneurship & Startups,Entrepreneurship & Startups,Senior,Phase 1,Generalist,800000,2000000,60,7,7,High,22,Medium
WK1706,Consultant - Entrepreneurship & Startups,Entrepreneurship & Startups,Junior,Phase 1,Generalist,300000,700000,60,7,7,High,22,Medium
WK1707,Analyst - Entrepreneurship & Startups,Entrepreneurship & Startups,Mid-Level,Phase 1,Generalist,500000,1200000,60,7,7,High,22,Medium
WK1708,Specialist - Entrepreneurship & Startups,Entrepreneurship & Startups,Senior,Phase 1,Generalist,800000,2000000,60,7,7,High,22,Medium
WK1709,Manager - Entrepreneurship & Startups,Entrepreneurship & Startups,Junior,Phase 1,Generalist,300000,700000,60,7,7,High,22,Medium
WK1710,Coordinator - Entrepreneurship & Startups,Entrepreneurship & Startups,Mid-Level,Phase 1,Generalist,500000,1200000,60,7,7,High,22,Medium
WK1711,Consultant - Entrepreneurship & Startups,Entrepreneurship & Startups,Senior,Phase 1,Generalist,800000,2000000,60,7,7,High,22,Medium
WK1712,Analyst - Entrepreneurship & Startups,Entrepreneurship & Startups,Junior,Phase 1,Generalist,300000,700000,60,7,7,High,22,Medium
WK1713,Specialist - Entrepreneurship & Startups,Entrepreneurship & Startups,Mid-Level,Phase 1,Generalist,500000,1200000,60,7,7,High,22,Medium
WK1714,Manager - Entrepreneurship & Startups,Entrepreneurship & Startups,Senior,Phase 1,Generalist,800000,2000000,60,7,7,High,22,Medium
WK1715,Coordinator - Entrepreneurship & Startups,Entrepreneurship & Startups,Junior,Phase 1,Generalist,300000,700000,60,7,7,High,22,Medium
WK1716,Consultant - Entrepreneurship & Startups,Entrepreneurship & Startups,Mid-Level,Phase 1,Generalist,500000,1200000,60,7,7,High,22,Medium
WK1717,Analyst - Entrepreneurship & Startups,Entrepreneurship & Startups,Senior,Phase 1,Generalist,800000,2000000,60,7,7,High,22,Medium
WK1718,Specialist - Entrepreneurship & Startups,Entrepreneurship & Startups,Junior,Phase 1,Generalist,300000,700000,60,7,7,High,22,Medium
WK1719,Manager - Entrepreneurship & Startups,Entrepreneurship & Startups,Mid-Level,Phase 1,Generalist,500000,1200000,60,7,7,High,22,Medium
WK1720,Coordinator - Entrepreneurship & Startups,Entrepreneurship & Startups,Senior,Phase 1,Generalist,800000,2000000,60,7,7,High,22,Medium
WK1721,Consultant - Entrepreneurship & Startups,Entrepreneurship & Startups,Junior,Phase 1,Generalist,300000,700000,60,7,7,High,22,Medium
WK1722,Analyst - Entrepreneurship & Startups,Entrepreneurship & Startups,Mid-Level,Phase 1,Generalist,500000,1200000,60,7,7,High,22,Medium
WK1723,Specialist - Entrepreneurship & Startups,Entrepreneurship & Startups,Senior,Phase 1,Generalist,800000,2000000,60,7,7,High,22,Medium
WK1724,Manager - Entrepreneurship & Startups,Entrepreneurship & Startups,Junior,Phase 1,Generalist,300000,700000,60,7,7,High,22,Medium
WK1725,Coordinator - Entrepreneurship & Startups,Entrepreneurship & Startups,Mid-Level,Phase 1,Generalist,500000,1200000,60,7,7,High,22,Medium
WK1726,Consultant - Entrepreneurship & Startups,Entrepreneurship & Startups,Senior,Phase 1,Generalist,800000,2000000,60,7,7,High,22,Medium
WK1727,Analyst - Entrepreneurship & Startups,Entrepreneurship & Startups,Junior,Phase 1,Generalist,300000,700000,60,7,7,High,22,Medium
WK1728,Specialist - Entrepreneurship & Startups,Entrepreneurship & Startups,Mid-Level,Phase 1,Generalist,500000,1200000,60,7,7,High,22,Medium
WK1729,Manager - Entrepreneurship & Startups,Entrepreneurship & Startups,Senior,Phase 1,Generalist,800000,2000000,60,7,7,High,22,Medium
WK1730,Coordinator - Entrepreneurship & Startups,Entrepreneurship & Startups,Junior,Phase 1,Generalist,300000,700000,60,7,7,High,22,Medium
WK1731,Consultant - Entrepreneurship & Startups,Entrepreneurship & Startups,Mid-Level,Phase 1,Generalist,500000,1200000,60,7,7,High,22,Medium
WK1732,Analyst - Entrepreneurship & Startups,Entrepreneurship & Startups,Senior,Phase 1,Generalist,800000,2000000,60,7,7,High,22,Medium
WK1733,Platform Engineer,Technology & Software,Mid-Level,Phase 1,Generalist,700000,1600000,75,7,8,High,30,Medium
WK1734,Senior Platform Engineer,Technology & Software,Senior,Phase 1,Generalist,1200000,2600000,75,7,8,High,32,Medium
WK1735,Infrastructure Engineer,Technology & Software,Mid-Level,Phase 1,Generalist,700000,1600000,75,7,8,High,30,Medium
WK1736,Senior Infrastructure Engineer,Technology & Software,Senior,Phase 1,Generalist,1200000,2600000,75,7,8,High,32,Medium
WK1737,Release Engineer,Technology & Software,Mid-Level,Phase 1,Generalist,700000,1600000,75,7,8,High,30,Medium
WK1738,Senior Release Engineer,Technology & Software,Senior,Phase 1,Generalist,1200000,2600000,75,7,8,High,32,Medium
WK1739,Build Engineer,Technology & Software,Mid-Level,Phase 1,Generalist,700000,1600000,75,7,8,High,30,Medium
WK1740,Senior Build Engineer,Technology & Software,Senior,Phase 1,Generalist,1200000,2600000,75,7,8,High,32,Medium
WK1741,Test Automation Engineer,Technology & Software,Mid-Level,Phase 1,Generalist,700000,1600000,75,7,8,High,30,Medium
WK1742,Senior Test Automation Engineer,Technology & Software,Senior,Phase 1,Generalist,1200000,2600000,75,7,8,High,32,Medium
WK1743,Performance Engineer,Technology & Software,Mid-Level,Phase 1,Generalist,700000,1600000,75,7,8,High,30,Medium
WK1744,Senior Performance Engineer,Technology & Software,Senior,Phase 1,Generalist,1200000,2600000,75,7,8,High,32,Medium
WK1745,Integration Engineer,Technology & Software,Mid-Level,Phase 1,Generalist,700000,1600000,75,7,8,High,30,Medium
WK1746,Senior Integration Engineer,Technology & Software,Senior,Phase 1,Generalist,1200000,2600000,75,7,8,High,32,Medium
WK1747,Solutions Architect,Technology & Software,Mid-Level,Phase 1,Generalist,700000,1600000,75,7,8,High,30,Medium
WK1748,Senior Solutions Architect,Technology & Software,Senior,Phase 1,Generalist,1200000,2600000,75,7,8,High,32,Medium
WK1749,Enterprise Architect,Technology & Software,Mid-Level,Phase 1,Generalist,700000,1600000,75,7,8,High,30,Medium
WK1750,Senior Enterprise Architect,Technology & Software,Senior,Phase 1,Generalist,1200000,2600000,75,7,8,High,32,Medium
WK1751,Technical Architect,Technology & Software,Mid-Level,Phase 1,Generalist,700000,1600000,75,7,8,High,30,Medium
WK1752,Senior Technical Architect,Technology & Software,Senior,Phase 1,Generalist,1200000,2600000,75,7,8,High,32,Medium
WK1753,Software Architect,Technology & Software,Mid-Level,Phase 1,Generalist,700000,1600000,75,7,8,High,30,Medium
WK1754,Senior Software Architect,Technology & Software,Senior,Phase 1,Generalist,1200000,2600000,75,7,8,High,32,Medium
WK1755,Application Developer,Technology & Software,Mid-Level,Phase 1,Generalist,700000,1600000,75,7,8,High,30,Medium
WK1756,Senior Application Developer,Technology & Software,Senior,Phase 1,Generalist,1200000,2600000,75,7,8,High,32,Medium
WK1757,Java Developer,Technology & Software,Mid-Level,Phase 1,Generalist,700000,1600000,75,7,8,High,30,Medium
WK1758,Senior Java Developer,Technology & Software,Senior,Phase 1,Generalist,1200000,2600000,75,7,8,High,32,Medium
WK1759,Python Developer,Technology & Software,Mid-Level,Phase 1,Generalist,700000,1600000,75,7,8,High,30,Medium
WK1760,Senior Python Developer,Technology & Software,Senior,Phase 1,Generalist,1200000,2600000,75,7,8,High,32,Medium
WK1761,.NET Developer,Technology & Software,Mid-Level,Phase 1,Generalist,700000,1600000,75,7,8,High,30,Medium
WK1762,Senior .NET Developer,Technology & Software,Senior,Phase 1,Generalist,1200000,2600000,75,7,8,High,32,Medium
WK1763,PHP Developer,Technology & Software,Mid-Level,Phase 1,Generalist,700000,1600000,75,7,8,High,30,Medium
WK1764,Senior PHP Developer,Technology & Software,Senior,Phase 1,Generalist,1200000,2600000,75,7,8,High,32,Medium
WK1765,Ruby Developer,Technology & Software,Mid-Level,Phase 1,Generalist,700000,1600000,75,7,8,High,30,Medium
WK1766,Senior Ruby Developer,Technology & Software,Senior,Phase 1,Generalist,1200000,2600000,75,7,8,High,32,Medium
WK1767,Go Developer,Technology & Software,Mid-Level,Phase 1,Generalist,700000,1600000,75,7,8,High,30,Medium
WK1768,Senior Go Developer,Technology & Software,Senior,Phase 1,Generalist,1200000,2600000,75,7,8,High,32,Medium
WK1769,Rust Developer,Technology & Software,Mid-Level,Phase 1,Generalist,700000,1600000,75,7,8,High,30,Medium
WK1770,Senior Rust Developer,Technology & Software,Senior,Phase 1,Generalist,1200000,2600000,75,7,8,High,32,Medium
WK1771,C++ Developer,Technology & Software,Mid-Level,Phase 1,Generalist,700000,1600000,75,7,8,High,30,Medium
WK1772,Senior C++ Developer,Technology & Software,Senior,Phase 1,Generalist,1200000,2600000,75,7,8,High,32,Medium
WK1773,React Developer,Technology & Software,Mid-Level,Phase 1,Generalist,700000,1600000,75,7,8,High,30,Medium
WK1774,Senior React Developer,Technology & Software,Senior,Phase 1,Generalist,1200000,2600000,75,7,8,High,32,Medium
WK1775,Angular Developer,Technology & Software,Mid-Level,Phase 1,Generalist,700000,1600000,75,7,8,High,30,Medium
WK1776,Senior Angular Developer,Technology & Software,Senior,Phase 1,Generalist,1200000,2600000,75,7,8,High,32,Medium
WK1777,Vue.js Developer,Technology & Software,Mid-Level,Phase 1,Generalist,700000,1600000,75,7,8,High,30,Medium
WK1778,Senior Vue.js Developer,Technology & Software,Senior,Phase 1,Generalist,1200000,2600000,75,7,8,High,32,Medium
WK1779,Node.js Developer,Technology & Software,Mid-Level,Phase 1,Generalist,700000,1600000,75,7,8,High,30,Medium
WK1780,Senior Node.js Developer,Technology & Software,Senior,Phase 1,Generalist,1200000,2600000,75,7,8,High,32,Medium
WK1781,Django Developer,Technology & Software,Mid-Level,Phase 1,Generalist,700000,1600000,75,7,8,High,30,Medium
WK1782,Senior Django Developer,Technology & Software,Senior,Phase 1,Generalist,1200000,2600000,75,7,8,High,32,Medium
WK1783,Flask Developer,Technology & Software,Mid-Level,Phase 1,Generalist,700000,1600000,75,7,8,High,30,Medium
WK1784,Senior Flask Developer,Technology & Software,Senior,Phase 1,Generalist,1200000,2600000,75,7,8,High,32,Medium
WK1785,Data Warehouse Developer,Data & Analytics,Mid-Level,Phase 1,Generalist,650000,1500000,80,7,8,High,30,Medium
WK1786,Data Modeler,Data & Analytics,Mid-Level,Phase 1,Generalist,650000,1500000,80,7,8,High,30,Medium
WK1787,Statistical Analyst,Data & Analytics,Mid-Level,Phase 1,Generalist,650000,1500000,80,7,8,High,30,Medium
WK1788,Predictive Analyst,Data & Analytics,Mid-Level,Phase 1,Generalist,650000,1500000,80,7,8,High,30,Medium
WK1789,Prescriptive Analyst,Data & Analytics,Mid-Level,Phase 1,Generalist,650000,1500000,80,7,8,High,30,Medium
WK1790,Descriptive Analyst,Data & Analytics,Mid-Level,Phase 1,Generalist,650000,1500000,80,7,8,High,30,Medium
WK1791,Data Mining Specialist,Data & Analytics,Mid-Level,Phase 1,Generalist,650000,1500000,80,7,8,High,30,Medium
WK1792,Data Visualization Expert,Data & Analytics,Mid-Level,Phase 1,Generalist,650000,1500000,80,7,8,High,30,Medium
WK1793,Business Intelligence Analyst,Data & Analytics,Mid-Level,Phase 1,Generalist,650000,1500000,80,7,8,High,30,Medium
WK1794,Marketing Data Analyst,Data & Analytics,Mid-Level,Phase 1,Generalist,650000,1500000,80,7,8,High,30,Medium
WK1795,Financial Data Analyst,Data & Analytics,Mid-Level,Phase 1,Generalist,650000,1500000,80,7,8,High,30,Medium
WK1796,HR Analytics Specialist,Data & Analytics,Mid-Level,Phase 1,Generalist,650000,1500000,80,7,8,High,30,Medium
WK1797,Medical Lab Technician,Healthcare & Medicine,Mid-Level,Phase 1,Generalist,350000,800000,20,7,7,High,20,Low
WK1798,X-Ray Technician,Healthcare & Medicine,Mid-Level,Phase 1,Generalist,350000,800000,20,7,7,High,20,Low
WK1799,Ultrasound Technician,Healthcare & Medicine,Mid-Level,Phase 1,Generalist,350000,800000,20,7,7,High,20,Low
WK1800,ECG Technician,Healthcare & Medicine,Mid-Level,Phase 1,Generalist,350000,800000,20,7,7,High,20,Low
WK1801,Operation Theatre Technician,Healthcare & Medicine,Mid-Level,Phase 1,Generalist,350000,800000,20,7,7,High,20,Low
WK1802,Dialysis Technician,Healthcare & Medicine,Mid-Level,Phase 1,Generalist,350000,800000,20,7,7,High,20,Low
WK1803,Radiology Technician,Healthcare & Medicine,Mid-Level,Phase 1,Generalist,350000,800000,20,7,7,High,20,Low
WK1804,Blood Bank Technician,Healthcare & Medicine,Mid-Level,Phase 1,Generalist,350000,800000,20,7,7,High,20,Low
WK1805,Microbiology Technician,Healthcare & Medicine,Mid-Level,Phase 1,Generalist,350000,800000,20,7,7,High,20,Low
WK1806,Biochemistry Technician,Healthcare & Medicine,Mid-Level,Phase 1,Generalist,350000,800000,20,7,7,High,20,Low
WK1807,Hospital Administrator,Healthcare & Medicine,Mid-Level,Phase 1,Generalist,350000,800000,20,7,7,High,20,Low
WK1808,Healthcare Manager,Healthcare & Medicine,Mid-Level,Phase 1,Generalist,350000,800000,20,7,7,High,20,Low
WK1809,Medical Records Manager,Healthcare & Medicine,Mid-Level,Phase 1,Generalist,350000,800000,20,7,7,High,20,Low
WK1810,Health Information Manager,Healthcare & Medicine,Mid-Level,Phase 1,Generalist,350000,800000,20,7,7,High,20,Low
WK1811,Clinical Research Coordinator,Healthcare & Medicine,Mid-Level,Phase 1,Generalist,350000,800000,20,7,7,High,20,Low
WK1812,Medical Coder,Healthcare & Medicine,Mid-Level,Phase 1,Generalist,350000,800000,20,7,7,High,20,Low
WK1813,Medical Transcriptionist,Healthcare & Medicine,Mid-Level,Phase 1,Generalist,350000,800000,20,7,7,High,20,Low
WK1814,Health Educator,Healthcare & Medicine,Mid-Level,Phase 1,Generalist,350000,800000,20,7,7,High,20,Low
WK1815,Public Health Specialist,Healthcare & Medicine,Mid-Level,Phase 1,Generalist,350000,800000,20,7,7,High,20,Low
WK1816,Motion Designer,Design & User Experience,Mid-Level,Phase 1,Generalist,550000,1300000,85,7,8,High,28,High
WK1817,Animation Designer,Design & User Experience,Mid-Level,Phase 1,Generalist,550000,1300000,85,7,8,High,28,High
WK1818,Illustration Designer,Design & User Experience,Mid-Level,Phase 1,Generalist,550000,1300000,85,7,8,High,28,High
WK1819,Icon Designer,Design & User Experience,Mid-Level,Phase 1,Generalist,550000,1300000,85,7,8,High,28,High
WK1820,Brand Designer,Design & User Experience,Mid-Level,Phase 1,Generalist,550000,1300000,85,7,8,High,28,High
WK1821,Package Designer,Design & User Experience,Mid-Level,Phase 1,Generalist,550000,1300000,85,7,8,High,28,High
WK1822,Web Designer,Design & User Experience,Mid-Level,Phase 1,Generalist,550000,1300000,85,7,8,High,28,High
WK1823,App Designer,Design & User Experience,Mid-Level,Phase 1,Generalist,550000,1300000,85,7,8,High,28,High
WK1824,Game Designer,Design & User Experience,Mid-Level,Phase 1,Generalist,550000,1300000,85,7,8,High,28,High
WK1825,UX Writer,Design & User Experience,Mid-Level,Phase 1,Generalist,550000,1300000,85,7,8,High,28,High
WK1826,Content Designer,Design & User Experience,Mid-Level,Phase 1,Generalist,550000,1300000,85,7,8,High,28,High
WK1827,Design Systems Designer,Design & User Experience,Mid-Level,Phase 1,Generalist,550000,1300000,85,7,8,High,28,High
WK1828,Design Researcher,Design & User Experience,Mid-Level,Phase 1,Generalist,550000,1300000,85,7,8,High,28,High
WK1829,Platform Product Manager,Product Management,Mid-Level,Phase 1,Generalist,900000,2200000,70,6,8,High,32,Low
WK1830,Consumer Product Manager,Product Management,Mid-Level,Phase 1,Generalist,900000,2200000,70,6,8,High,32,Low
WK1831,B2B Product Manager,Product Management,Mid-Level,Phase 1,Generalist,900000,2200000,70,6,8,High,32,Low
WK1832,B2C Product Manager,Product Management,Mid-Level,Phase 1,Generalist,900000,2200000,70,6,8,High,32,Low
WK1833,API Product Manager,Product Management,Mid-Level,Phase 1,Generalist,900000,2200000,70,6,8,High,32,Low
WK1834,Mobile Product Manager,Product Management,Mid-Level,Phase 1,Generalist,900000,2200000,70,6,8,High,32,Low
WK1835,Web Product Manager,Product Management,Mid-Level,Phase 1,Generalist,900000,2200000,70,6,8,High,32,Low
WK1836,Data Product Manager,Product Management,Mid-Level,Phase 1,Generalist,900000,2200000,70,6,8,High,32,Low
WK1837,AI Product Manager,Product Management,Mid-Level,Phase 1,Generalist,900000,2200000,70,6,8,High,32,Low
WK1838,Payments Product Manager,Product Management,Mid-Level,Phase 1,Generalist,900000,2200000,70,6,8,High,32,Low
WK1839,Influencer Marketing Manager,Marketing & Growth,Mid-Level,Phase 1,Generalist,550000,1300000,75,7,8,High,28,High
WK1840,Affiliate Marketing Manager,Marketing & Growth,Mid-Level,Phase 1,Generalist,550000,1300000,75,7,8,High,28,High
WK1841,Partnership Marketing Manager,Marketing & Growth,Mid-Level,Phase 1,Generalist,550000,1300000,75,7,8,High,28,High
WK1842,Community Manager,Marketing & Growth,Mid-Level,Phase 1,Generalist,550000,1300000,75,7,8,High,28,High
WK1843,Brand Strategist,Marketing & Growth,Mid-Level,Phase 1,Generalist,550000,1300000,75,7,8,High,28,High
WK1844,Marketing Automation Specialist,Marketing & Growth,Mid-Level,Phase 1,Generalist,550000,1300000,75,7,8,High,28,High
WK1845,CRM Manager,Marketing & Growth,Mid-Level,Phase 1,Generalist,550000,1300000,75,7,8,High,28,High
WK1846,Marketing Operations Manager,Marketing & Growth,Mid-Level,Phase 1,Generalist,550000,1300000,75,7,8,High,28,High
WK1847,Demand Generation Manager,Marketing & Growth,Mid-Level,Phase 1,Generalist,550000,1300000,75,7,8,High,28,High
WK1848,Field Marketing Manager,Marketing & Growth,Mid-Level,Phase 1,Generalist,550000,1300000,75,7,8,High,28,High
WK1849,Product Marketing Specialist,Marketing & Growth,Mid-Level,Phase 1,Generalist,550000,1300000,75,7,8,High,28,High
WK1850,Content Strategist,Marketing & Growth,Mid-Level,Phase 1,Generalist,550000,1300000,75,7,8,High,28,High
WK1851,Social Media Strategist,Marketing & Growth,Mid-Level,Phase 1,Generalist,550000,1300000,75,7,8,High,28,High
WK1852,Enterprise Sales Executive,Sales & Business Development,Mid-Level,Phase 1,Generalist,450000,1100000,35,6,7,High,24,Low
WK1853,SMB Sales Executive,Sales & Business Development,Mid-Level,Phase 1,Generalist,450000,1100000,35,6,7,High,24,Low
WK1854,Channel Sales Manager,Sales & Business Development,Mid-Level,Phase 1,Generalist,450000,1100000,35,6,7,High,24,Low
WK1855,Regional Sales Manager,Sales & Business Development,Mid-Level,Phase 1,Generalist,450000,1100000,35,6,7,High,24,Low
WK1856,Territory Sales Manager,Sales & Business Development,Mid-Level,Phase 1,Generalist,450000,1100000,35,6,7,High,24,Low
WK1857,Sales Operations Analyst,Sales & Business Development,Mid-Level,Phase 1,Generalist,450000,1100000,35,6,7,High,24,Low
WK1858,Sales Enablement Manager,Sales & Business Development,Mid-Level,Phase 1,Generalist,450000,1100000,35,6,7,High,24,Low
WK1859,Partner Success Manager,Sales & Business Development,Mid-Level,Phase 1,Generalist,450000,1100000,35,6,7,High,24,Low
WK1860,Revenue Operations Manager,Sales & Business Development,Mid-Level,Phase 1,Generalist,450000,1100000,35,6,7,High,24,Low
WK1861,Sales Development Representative,Sales & Business Development,Mid-Level,Phase 1,Generalist,450000,1100000,35,6,7,High,24,Low
WK1862,Account Executive SaaS,Sales & Business Development,Mid-Level,Phase 1,Generalist,450000,1100000,35,6,7,High,24,Low
WK1863,Strategic Account Manager,Sales & Business Development,Mid-Level,Phase 1,Generalist,450000,1100000,35,6,7,High,24,Low
WK1864,Structural Engineer,Engineering (Non-IT),Mid-Level,Phase 1,Generalist,500000,1200000,25,6,7,High,22,Low
WK1865,Construction Engineer,Engineering (Non-IT),Mid-Level,Phase 1,Generalist,500000,1200000,25,6,7,High,22,Low
WK1866,Site Engineer,Engineering (Non-IT),Mid-Level,Phase 1,Generalist,500000,1200000,25,6,7,High,22,Low
WK1867,Design Engineer,Engineering (Non-IT),Mid-Level,Phase 1,Generalist,500000,1200000,25,6,7,High,22,Low
WK1868,R&D Engineer,Engineering (Non-IT),Mid-Level,Phase 1,Generalist,500000,1200000,25,6,7,High,22,Low
WK1869,Process Development Engineer,Engineering (Non-IT),Mid-Level,Phase 1,Generalist,500000,1200000,25,6,7,High,22,Low
WK1870,Automation Engineer,Engineering (Non-IT),Mid-Level,Phase 1,Generalist,500000,1200000,25,6,7,High,22,Low
WK1871,Maintenance Engineer,Engineering (Non-IT),Mid-Level,Phase 1,Generalist,500000,1200000,25,6,7,High,22,Low
WK1872,Safety Engineer,Engineering (Non-IT),Mid-Level,Phase 1,Generalist,500000,1200000,25,6,7,High,22,Low
WK1873,Environmental Engineer,Engineering (Non-IT),Mid-Level,Phase 1,Generalist,500000,1200000,25,6,7,High,22,Low
WK1874,Biomedical Engineer,Engineering (Non-IT),Mid-Level,Phase 1,Generalist,500000,1200000,25,6,7,High,22,Low
WK1875,Aerospace Engineer,Engineering (Non-IT),Mid-Level,Phase 1,Generalist,500000,1200000,25,6,7,High,22,Low
WK1876,Marine Engineer,Engineering (Non-IT),Mid-Level,Phase 1,Generalist,500000,1200000,25,6,7,High,22,Low
WK1877,Petroleum Engineer,Engineering (Non-IT),Mid-Level,Phase 1,Generalist,500000,1200000,25,6,7,High,22,Low
WK1878,Mining Engineer,Engineering (Non-IT),Mid-Level,Phase 1,Generalist,500000,1200000,25,6,7,High,22,Low
WK1879,Textile Engineer,Engineering (Non-IT),Mid-Level,Phase 1,Generalist,500000,1200000,25,6,7,High,22,Low
WK1880,Cost Accountant,Finance & Accounting,Mid-Level,Phase 1,Generalist,600000,1400000,45,6,7,High,20,Medium
WK1881,Management Accountant,Finance & Accounting,Mid-Level,Phase 1,Generalist,600000,1400000,45,6,7,High,20,Medium
WK1882,Forensic Accountant,Finance & Accounting,Mid-Level,Phase 1,Generalist,600000,1400000,45,6,7,High,20,Medium
WK1883,Tax Accountant,Finance & Accounting,Mid-Level,Phase 1,Generalist,600000,1400000,45,6,7,High,20,Medium
WK1884,Financial Planner,Finance & Accounting,Mid-Level,Phase 1,Generalist,600000,1400000,45,6,7,High,20,Medium
WK1885,Wealth Manager,Finance & Accounting,Mid-Level,Phase 1,Generalist,600000,1400000,45,6,7,High,20,Medium
WK1886,Risk Manager,Finance & Accounting,Mid-Level,Phase 1,Generalist,600000,1400000,45,6,7,High,20,Medium
WK1887,Credit Analyst,Finance & Accounting,Mid-Level,Phase 1,Generalist,600000,1400000,45,6,7,High,20,Medium
WK1888,Equity Research Analyst,Finance & Accounting,Mid-Level,Phase 1,Generalist,600000,1400000,45,6,7,High,20,Medium
WK1889,Fixed Income Analyst,Finance & Accounting,Mid-Level,Phase 1,Generalist,600000,1400000,45,6,7,High,20,Medium
WK1890,Portfolio Manager,Finance & Accounting,Mid-Level,Phase 1,Generalist,600000,1400000,45,6,7,High,20,Medium
WK1891,Fund Manager,Finance & Accounting,Mid-Level,Phase 1,Generalist,600000,1400000,45,6,7,High,20,Medium
WK1892,FP&A Analyst,Finance & Accounting,Mid-Level,Phase 1,Generalist,600000,1400000,45,6,7,High,20,Medium
WK1893,Budget Analyst,Finance & Accounting,Mid-Level,Phase 1,Generalist,600000,1400000,45,6,7,High,20,Medium
WK1894,Compliance Analyst,Finance & Accounting,Mid-Level,Phase 1,Generalist,600000,1400000,45,6,7,High,20,Medium
WK1895,Illustrator,Creative Arts & Media,Mid-Level,Phase 1,Generalist,400000,1000000,85,8,9,High,26,High
WK1896,Animator,Creative Arts & Media,Mid-Level,Phase 1,Generalist,400000,1000000,85,8,9,High,26,High
WK1897,Sound Designer,Creative Arts & Media,Mid-Level,Phase 1,Generalist,400000,1000000,85,8,9,High,26,High
WK1898,Music Producer,Creative Arts & Media,Mid-Level,Phase 1,Generalist,400000,1000000,85,8,9,High,26,High
WK1899,Film Editor,Creative Arts & Media,Mid-Level,Phase 1,Generalist,400000,1000000,85,8,9,High,26,High
WK1900,VFX Artist,Creative Arts & Media,Mid-Level,Phase 1,Generalist,400000,1000000,85,8,9,High,26,High
WK1901,Game Artist,Creative Arts & Media,Mid-Level,Phase 1,Generalist,400000,1000000,85,8,9,High,26,High
WK1902,UI Artist,Creative Arts & Media,Mid-Level,Phase 1,Generalist,400000,1000000,85,8,9,High,26,High
WK1903,Concept Artist,Creative Arts & Media,Mid-Level,Phase 1,Generalist,400000,1000000,85,8,9,High,26,High
WK1904,Character Designer,Creative Arts & Media,Mid-Level,Phase 1,Generalist,400000,1000000,85,8,9,High,26,High
WK1905,Environment Artist,Creative Arts & Media,Mid-Level,Phase 1,Generalist,400000,1000000,85,8,9,High,26,High
WK1906,Assistant Professor,Education & Training,Senior,Phase 1,Generalist,600000,1500000,40,7,8,High,20,Medium
WK1907,Associate Professor,Education & Training,Senior,Phase 1,Generalist,600000,1500000,40,7,8,High,20,Medium
WK1908,Dean,Education & Training,Senior,Phase 1,Generalist,600000,1500000,40,7,8,High,20,Medium
WK1909,Vice Principal,Education & Training,Senior,Phase 1,Generalist,600000,1500000,40,7,8,High,20,Medium
WK1910,Principal,Education & Training,Senior,Phase 1,Generalist,600000,1500000,40,7,8,High,20,Medium
WK1911,Educational Administrator,Education & Training,Senior,Phase 1,Generalist,600000,1500000,40,7,8,High,20,Medium
WK1912,Academic Director,Education & Training,Senior,Phase 1,Generalist,600000,1500000,40,7,8,High,20,Medium
WK1913,Learning and Development Specialist,Education & Training,Senior,Phase 1,Generalist,600000,1500000,40,7,8,High,20,Medium
WK1914,Instructional Coach,Education & Training,Senior,Phase 1,Generalist,600000,1500000,40,7,8,High,20,Medium
WK1915,Junior Landscape Architect,Architecture & Urban Planning,Junior,Phase 1,Generalist,300000,700000,30,7,7,High,22,Medium
WK1916,Mid-Level Landscape Architect,Architecture & Urban Planning,Mid-Level,Phase 1,Generalist,500000,1200000,30,7,7,High,22,Medium
WK1917,Senior Landscape Architect,Architecture & Urban Planning,Senior,Phase 1,Generalist,800000,2000000,30,7,7,High,22,Medium
WK1918,Junior Interior Architect,Architecture & Urban Planning,Junior,Phase 1,Generalist,300000,700000,30,7,7,High,22,Medium
WK1919,Mid-Level Interior Architect,Architecture & Urban Planning,Mid-Level,Phase 1,Generalist,500000,1200000,30,7,7,High,22,Medium
WK1920,Senior Interior Architect,Architecture & Urban Planning,Senior,Phase 1,Generalist,800000,2000000,30,7,7,High,22,Medium
WK1921,Junior Urban Designer,Architecture & Urban Planning,Junior,Phase 1,Generalist,300000,700000,30,7,7,High,22,Medium
WK1922,Mid-Level Urban Designer,Architecture & Urban Planning,Mid-Level,Phase 1,Generalist,500000,1200000,30,7,7,High,22,Medium
WK1923,Senior Urban Designer,Architecture & Urban Planning,Senior,Phase 1,Generalist,800000,2000000,30,7,7,High,22,Medium
WK1924,Junior Town Planner,Architecture & Urban Planning,Junior,Phase 1,Generalist,300000,700000,30,7,7,High,22,Medium
WK1925,Mid-Level Town Planner,Architecture & Urban Planning,Mid-Level,Phase 1,Generalist,500000,1200000,30,7,7,High,22,Medium
WK1926,Senior Town Planner,Architecture & Urban Planning,Senior,Phase 1,Generalist,800000,2000000,30,7,7,High,22,Medium
WK1927,Junior BIM Specialist,Architecture & Urban Planning,Junior,Phase 1,Generalist,300000,700000,30,7,7,High,22,Medium
WK1928,Mid-Level BIM Specialist,Architecture & Urban Planning,Mid-Level,Phase 1,Generalist,500000,1200000,30,7,7,High,22,Medium
WK1929,Senior BIM Specialist,Architecture & Urban Planning,Senior,Phase 1,Generalist,800000,2000000,30,7,7,High,22,Medium
WK1930,Junior CAD Designer,Architecture & Urban Planning,Junior,Phase 1,Generalist,300000,700000,30,7,7,High,22,Medium
WK1931,Mid-Level CAD Designer,Architecture & Urban Planning,Mid-Level,Phase 1,Generalist,500000,1200000,30,7,7,High,22,Medium
WK1932,Senior CAD Designer,Architecture & Urban Planning,Senior,Phase 1,Generalist,800000,2000000,30,7,7,High,22,Medium
WK1933,Junior Architectural Draftsman,Architecture & Urban Planning,Junior,Phase 1,Generalist,300000,700000,30,7,7,High,22,Medium
WK1934,Mid-Level Architectural Draftsman,Architecture & Urban Planning,Mid-Level,Phase 1,Generalist,500000,1200000,30,7,7,High,22,Medium
WK1935,Senior Architectural Draftsman,Architecture & Urban Planning,Senior,Phase 1,Generalist,800000,2000000,30,7,7,High,22,Medium
WK1936,Junior 3D Visualizer,Architecture & Urban Planning,Junior,Phase 1,Generalist,300000,700000,30,7,7,High,22,Medium
WK1937,Mid-Level 3D Visualizer,Architecture & Urban Planning,Mid-Level,Phase 1,Generalist,500000,1200000,30,7,7,High,22,Medium
WK1938,Senior 3D Visualizer,Architecture & Urban Planning,Senior,Phase 1,Generalist,800000,2000000,30,7,7,High,22,Medium
WK1939,Junior Project Architect,Architecture & Urban Planning,Junior,Phase 1,Generalist,300000,700000,30,7,7,High,22,Medium
WK1940,Mid-Level Project Architect,Architecture & Urban Planning,Mid-Level,Phase 1,Generalist,500000,1200000,30,7,7,High,22,Medium
WK1941,Senior Project Architect,Architecture & Urban Planning,Senior,Phase 1,Generalist,800000,2000000,30,7,7,High,22,Medium
WK1942,Junior Design Architect,Architecture & Urban Planning,Junior,Phase 1,Generalist,300000,700000,30,7,7,High,22,Medium
WK1943,Mid-Level Design Architect,Architecture & Urban Planning,Mid-Level,Phase 1,Generalist,500000,1200000,30,7,7,High,22,Medium
WK1944,Senior Design Architect,Architecture & Urban Planning,Senior,Phase 1,Generalist,800000,2000000,30,7,7,High,22,Medium
WK1945,Junior Hotel Manager,Hospitality & Tourism,Junior,Phase 1,Generalist,300000,700000,30,7,7,High,22,Medium
WK1946,Mid-Level Hotel Manager,Hospitality & Tourism,Mid-Level,Phase 1,Generalist,500000,1200000,30,7,7,High,22,Medium
WK1947,Senior Hotel Manager,Hospitality & Tourism,Senior,Phase 1,Generalist,800000,2000000,30,7,7,High,22,Medium
WK1948,Junior Restaurant Manager,Hospitality & Tourism,Junior,Phase 1,Generalist,300000,700000,30,7,7,High,22,Medium
WK1949,Mid-Level Restaurant Manager,Hospitality & Tourism,Mid-Level,Phase 1,Generalist,500000,1200000,30,7,7,High,22,Medium
WK1950,Senior Restaurant Manager,Hospitality & Tourism,Senior,Phase 1,Generalist,800000,2000000,30,7,7,High,22,Medium
WK1951,Junior Front Office Manager,Hospitality & Tourism,Junior,Phase 1,Generalist,300000,700000,30,7,7,High,22,Medium
WK1952,Mid-Level Front Office Manager,Hospitality & Tourism,Mid-Level,Phase 1,Generalist,500000,1200000,30,7,7,High,22,Medium
WK1953,Senior Front Office Manager,Hospitality & Tourism,Senior,Phase 1,Generalist,800000,2000000,30,7,7,High,22,Medium
WK1954,Junior Housekeeping Manager,Hospitality & Tourism,Junior,Phase 1,Generalist,300000,700000,30,7,7,High,22,Medium
WK1955,Mid-Level Housekeeping Manager,Hospitality & Tourism,Mid-Level,Phase 1,Generalist,500000,1200000,30,7,7,High,22,Medium
WK1956,Senior Housekeeping Manager,Hospitality & Tourism,Senior,Phase 1,Generalist,800000,2000000,30,7,7,High,22,Medium
WK1957,Junior F&B Manager,Hospitality & Tourism,Junior,Phase 1,Generalist,300000,700000,30,7,7,High,22,Medium
WK1958,Mid-Level F&B Manager,Hospitality & Tourism,Mid-Level,Phase 1,Generalist,500000,1200000,30,7,7,High,22,Medium
WK1959,Senior F&B Manager,Hospitality & Tourism,Senior,Phase 1,Generalist,800000,2000000,30,7,7,High,22,Medium
WK1960,Junior Event Manager,Hospitality & Tourism,Junior,Phase 1,Generalist,300000,700000,30,7,7,High,22,Medium
WK1961,Mid-Level Event Manager,Hospitality & Tourism,Mid-Level,Phase 1,Generalist,500000,1200000,30,7,7,High,22,Medium
WK1962,Senior Event Manager,Hospitality & Tourism,Senior,Phase 1,Generalist,800000,2000000,30,7,7,High,22,Medium
WK1963,Junior Banquet Manager,Hospitality & Tourism,Junior,Phase 1,Generalist,300000,700000,30,7,7,High,22,Medium
WK1964,Mid-Level Banquet Manager,Hospitality & Tourism,Mid-Level,Phase 1,Generalist,500000,1200000,30,7,7,High,22,Medium
WK1965,Senior Banquet Manager,Hospitality & Tourism,Senior,Phase 1,Generalist,800000,2000000,30,7,7,High,22,Medium
WK1966,Junior Travel Agent,Hospitality & Tourism,Junior,Phase 1,Generalist,300000,700000,30,7,7,High,22,Medium
WK1967,Mid-Level Travel Agent,Hospitality & Tourism,Mid-Level,Phase 1,Generalist,500000,1200000,30,7,7,High,22,Medium
WK1968,Senior Travel Agent,Hospitality & Tourism,Senior,Phase 1,Generalist,800000,2000000,30,7,7,High,22,Medium
WK1969,Junior Tour Manager,Hospitality & Tourism,Junior,Phase 1,Generalist,300000,700000,30,7,7,High,22,Medium
WK1970,Mid-Level Tour Manager,Hospitality & Tourism,Mid-Level,Phase 1,Generalist,500000,1200000,30,7,7,High,22,Medium
WK1971,Senior Tour Manager,Hospitality & Tourism,Senior,Phase 1,Generalist,800000,2000000,30,7,7,High,22,Medium
WK1972,Junior Cruise Director,Hospitality & Tourism,Junior,Phase 1,Generalist,300000,700000,30,7,7,High,22,Medium
WK1973,Mid-Level Cruise Director,Hospitality & Tourism,Mid-Level,Phase 1,Generalist,500000,1200000,30,7,7,High,22,Medium
WK1974,Senior Cruise Director,Hospitality & Tourism,Senior,Phase 1,Generalist,800000,2000000,30,7,7,High,22,Medium
WK1975,Junior Resort Manager,Hospitality & Tourism,Junior,Phase 1,Generalist,300000,700000,30,7,7,High,22,Medium
WK1976,Mid-Level Resort Manager,Hospitality & Tourism,Mid-Level,Phase 1,Generalist,500000,1200000,30,7,7,High,22,Medium
WK1977,Senior Resort Manager,Hospitality & Tourism,Senior,Phase 1,Generalist,800000,2000000,30,7,7,High,22,Medium
WK1978,Junior Social Worker,Social Work & NGO,Junior,Phase 1,Generalist,300000,700000,30,7,7,High,22,Medium
WK1979,Mid-Level Social Worker,Social Work & NGO,Mid-Level,Phase 1,Generalist,500000,1200000,30,7,7,High,22,Medium
WK1980,Senior Social Worker,Social Work & NGO,Senior,Phase 1,Generalist,800000,2000000,30,7,7,High,22,Medium
WK1981,Junior Community Development Officer,Social Work & NGO,Junior,Phase 1,Generalist,300000,700000,30,7,7,High,22,Medium
WK1982,Mid-Level Community Development Officer,Social Work & NGO,Mid-Level,Phase 1,Generalist,500000,1200000,30,7,7,High,22,Medium
WK1983,Senior Community Development Officer,Social Work & NGO,Senior,Phase 1,Generalist,800000,2000000,30,7,7,High,22,Medium
WK1984,Junior NGO Manager,Social Work & NGO,Junior,Phase 1,Generalist,300000,700000,30,7,7,High,22,Medium
WK1985,Mid-Level NGO Manager,Social Work & NGO,Mid-Level,Phase 1,Generalist,500000,1200000,30,7,7,High,22,Medium
WK1986,Senior NGO Manager,Social Work & NGO,Senior,Phase 1,Generalist,800000,2000000,30,7,7,High,22,Medium
WK1987,Junior Program Coordinator,Social Work & NGO,Junior,Phase 1,Generalist,300000,700000,30,7,7,High,22,Medium
WK1988,Mid-Level Program Coordinator,Social Work & NGO,Mid-Level,Phase 1,Generalist,500000,1200000,30,7,7,High,22,Medium
WK1989,Senior Program Coordinator,Social Work & NGO,Senior,Phase 1,Generalist,800000,2000000,30,7,7,High,22,Medium
WK1990,Junior Project Manager NGO,Social Work & NGO,Junior,Phase 1,Generalist,300000,700000,30,7,7,High,22,Medium
WK1991,Mid-Level Project Manager NGO,Social Work & NGO,Mid-Level,Phase 1,Generalist,500000,1200000,30,7,7,High,22,Medium
WK1992,Senior Project Manager NGO,Social Work & NGO,Senior,Phase 1,Generalist,800000,2000000,30,7,7,High,22,Medium
WK1993,Junior Fundraiser,Social Work & NGO,Junior,Phase 1,Generalist,300000,700000,30,7,7,High,22,Medium
WK1994,Mid-Level Fundraiser,Social Work & NGO,Mid-Level,Phase 1,Generalist,500000,1200000,30,7,7,High,22,Medium
WK1995,Senior Fundraiser,Social Work & NGO,Senior,Phase 1,Generalist,800000,2000000,30,7,7,High,22,Medium
WK1996,Junior Grant Writer,Social Work & NGO,Junior,Phase 1,Generalist,300000,700000,30,7,7,High,22,Medium
WK1997,Mid-Level Grant Writer,Social Work & NGO,Mid-Level,Phase 1,Generalist,500000,1200000,30,7,7,High,22,Medium
WK1998,Senior Grant Writer,Social Work & NGO,Senior,Phase 1,Generalist,800000,2000000,30,7,7,High,22,Medium
WK1999,Junior Advocacy Manager,Social Work & NGO,Junior,Phase 1,Generalist,300000,700000,30,7,7,High,22,Medium
WK2000,Mid-Level Advocacy Manager,Social Work & NGO,Mid-Level,Phase 1,Generalist,500000,1200000,30,7,7,High,22,Medium
WK2001,Senior Advocacy Manager,Social Work & NGO,Senior,Phase 1,Generalist,800000,2000000,30,7,7,High,22,Medium
WK2002,Junior CSR Manager,Social Work & NGO,Junior,Phase 1,Generalist,300000,700000,30,7,7,High,22,Medium
WK2003,Mid-Level CSR Manager,Social Work & NGO,Mid-Level,Phase 1,Generalist,500000,1200000,30,7,7,High,22,Medium
WK2004,Senior CSR Manager,Social Work & NGO,Senior,Phase 1,Generalist,800000,2000000,30,7,7,High,22,Medium
WK2005,Junior Volunteer Coordinator,Social Work & NGO,Junior,Phase 1,Generalist,300000,700000,30,7,7,High,22,Medium
WK2006,Mid-Level Volunteer Coordinator,Social Work & NGO,Mid-Level,Phase 1,Generalist,500000,1200000,30,7,7,High,22,Medium
WK2007,Senior Volunteer Coordinator,Social Work & NGO,Senior,Phase 1,Generalist,800000,2000000,30,7,7,High,22,Medium
WK2008,Junior Personal Trainer,Sports & Fitness,Junior,Phase 1,Generalist,300000,700000,30,7,7,High,22,Medium
WK2009,Mid-Level Personal Trainer,Sports & Fitness,Mid-Level,Phase 1,Generalist,500000,1200000,30,7,7,High,22,Medium
WK2010,Senior Personal Trainer,Sports & Fitness,Senior,Phase 1,Generalist,800000,2000000,30,7,7,High,22,Medium
WK2011,Junior Fitness Coach,Sports & Fitness,Junior,Phase 1,Generalist,300000,700000,30,7,7,High,22,Medium
WK2012,Mid-Level Fitness Coach,Sports & Fitness,Mid-Level,Phase 1,Generalist,500000,1200000,30,7,7,High,22,Medium
WK2013,Senior Fitness Coach,Sports & Fitness,Senior,Phase 1,Generalist,800000,2000000,30,7,7,High,22,Medium
WK2014,Junior Yoga Instructor,Sports & Fitness,Junior,Phase 1,Generalist,300000,700000,30,7,7,High,22,Medium
WK2015,Mid-Level Yoga Instructor,Sports & Fitness,Mid-Level,Phase 1,Generalist,500000,1200000,30,7,7,High,22,Medium
WK2016,Senior Yoga Instructor,Sports & Fitness,Senior,Phase 1,Generalist,800000,2000000,30,7,7,High,22,Medium
WK2017,Junior Pilates Instructor,Sports & Fitness,Junior,Phase 1,Generalist,300000,700000,30,7,7,High,22,Medium
WK2018,Mid-Level Pilates Instructor,Sports & Fitness,Mid-Level,Phase 1,Generalist,500000,1200000,30,7,7,High,22,Medium
WK2019,Senior Pilates Instructor,Sports & Fitness,Senior,Phase 1,Generalist,800000,2000000,30,7,7,High,22,Medium
WK2020,Junior Zumba Instructor,Sports & Fitness,Junior,Phase 1,Generalist,300000,700000,30,7,7,High,22,Medium
WK2021,Mid-Level Zumba Instructor,Sports & Fitness,Mid-Level,Phase 1,Generalist,500000,1200000,30,7,7,High,22,Medium
WK2022,Senior Zumba Instructor,Sports & Fitness,Senior,Phase 1,Generalist,800000,2000000,30,7,7,High,22,Medium
WK2023,Junior Sports Nutritionist,Sports & Fitness,Junior,Phase 1,Generalist,300000,700000,30,7,7,High,22,Medium
WK2024,Mid-Level Sports Nutritionist,Sports & Fitness,Mid-Level,Phase 1,Generalist,500000,1200000,30,7,7,High,22,Medium
WK2025,Senior Sports Nutritionist,Sports & Fitness,Senior,Phase 1,Generalist,800000,2000000,30,7,7,High,22,Medium
WK2026,Junior Sports Physiotherapist,Sports & Fitness,Junior,Phase 1,Generalist,300000,700000,30,7,7,High,22,Medium
WK2027,Mid-Level Sports Physiotherapist,Sports & Fitness,Mid-Level,Phase 1,Generalist,500000,1200000,30,7,7,High,22,Medium
WK2028,Senior Sports Physiotherapist,Sports & Fitness,Senior,Phase 1,Generalist,800000,2000000,30,7,7,High,22,Medium
WK2029,Junior Sports Manager,Sports & Fitness,Junior,Phase 1,Generalist,300000,700000,30,7,7,High,22,Medium
WK2030,Mid-Level Sports Manager,Sports & Fitness,Mid-Level,Phase 1,Generalist,500000,1200000,30,7,7,High,22,Medium
WK2031,Senior Sports Manager,Sports & Fitness,Senior,Phase 1,Generalist,800000,2000000,30,7,7,High,22,Medium
WK2032,Junior Athletic Director,Sports & Fitness,Junior,Phase 1,Generalist,300000,700000,30,7,7,High,22,Medium
WK2033,Mid-Level Athletic Director,Sports & Fitness,Mid-Level,Phase 1,Generalist,500000,1200000,30,7,7,High,22,Medium
WK2034,Senior Athletic Director,Sports & Fitness,Senior,Phase 1,Generalist,800000,2000000,30,7,7,High,22,Medium
WK2035,Junior Sports Marketing Manager,Sports & Fitness,Junior,Phase 1,Generalist,300000,700000,30,7,7,High,22,Medium
WK2036,Mid-Level Sports Marketing Manager,Sports & Fitness,Mid-Level,Phase 1,Generalist,500000,1200000,30,7,7,High,22,Medium
WK2037,Senior Sports Marketing Manager,Sports & Fitness,Senior,Phase 1,Generalist,800000,2000000,30,7,7,High,22,Medium
WK2038,Junior Reporter,Journalism & Media,Junior,Phase 1,Generalist,300000,700000,30,7,7,High,22,Medium
WK2039,Mid-Level Reporter,Journalism & Media,Mid-Level,Phase 1,Generalist,500000,1200000,30,7,7,High,22,Medium
WK2040,Senior Reporter,Journalism & Media,Senior,Phase 1,Generalist,800000,2000000,30,7,7,High,22,Medium
WK2041,Junior News Anchor,Journalism & Media,Junior,Phase 1,Generalist,300000,700000,30,7,7,High,22,Medium
WK2042,Mid-Level News Anchor,Journalism & Media,Mid-Level,Phase 1,Generalist,500000,1200000,30,7,7,High,22,Medium
WK2043,Senior News Anchor,Journalism & Media,Senior,Phase 1,Generalist,800000,2000000,30,7,7,High,22,Medium
WK2044,Junior Video Journalist,Journalism & Media,Junior,Phase 1,Generalist,300000,700000,30,7,7,High,22,Medium
WK2045,Mid-Level Video Journalist,Journalism & Media,Mid-Level,Phase 1,Generalist,500000,1200000,30,7,7,High,22,Medium
WK2046,Senior Video Journalist,Journalism & Media,Senior,Phase 1,Generalist,800000,2000000,30,7,7,High,22,Medium
WK2047,Junior Photojournalist,Journalism & Media,Junior,Phase 1,Generalist,300000,700000,30,7,7,High,22,Medium
WK2048,Mid-Level Photojournalist,Journalism & Media,Mid-Level,Phase 1,Generalist,500000,1200000,30,7,7,High,22,Medium
WK2049,Senior Photojournalist,Journalism & Media,Senior,Phase 1,Generalist,800000,2000000,30,7,7,High,22,Medium
WK2050,Junior Sports Journalist,Journalism & Media,Junior,Phase 1,Generalist,300000,700000,30,7,7,High,22,Medium
WK2051,Mid-Level Sports Journalist,Journalism & Media,Mid-Level,Phase 1,Generalist,500000,1200000,30,7,7,High,22,Medium
WK2052,Senior Sports Journalist,Journalism & Media,Senior,Phase 1,Generalist,800000,2000000,30,7,7,High,22,Medium
WK2053,Junior Political Journalist,Journalism & Media,Junior,Phase 1,Generalist,300000,700000,30,7,7,High,22,Medium
WK2054,Mid-Level Political Journalist,Journalism & Media,Mid-Level,Phase 1,Generalist,500000,1200000,30,7,7,High,22,Medium
WK2055,Senior Political Journalist,Journalism & Media,Senior,Phase 1,Generalist,800000,2000000,30,7,7,High,22,Medium
WK2056,Junior Investigative Journalist,Journalism & Media,Junior,Phase 1,Generalist,300000,700000,30,7,7,High,22,Medium
WK2057,Mid-Level Investigative Journalist,Journalism & Media,Mid-Level,Phase 1,Generalist,500000,1200000,30,7,7,High,22,Medium
WK2058,Senior Investigative Journalist,Journalism & Media,Senior,Phase 1,Generalist,800000,2000000,30,7,7,High,22,Medium
WK2059,Junior Sub Editor,Journalism & Media,Junior,Phase 1,Generalist,300000,700000,30,7,7,High,22,Medium
WK2060,Mid-Level Sub Editor,Journalism & Media,Mid-Level,Phase 1,Generalist,500000,1200000,30,7,7,High,22,Medium
WK2061,Aerospace Engineer,Engineering (Non-IT),Senior,Phase 2,Specialized,800000,2000000,20,6,8,High,25,Low
WK2062,Astronaut,Engineering (Non-IT),Executive,Phase 2,Specialized,1500000,4000000,0,4,10,Low,5,Very Low
WK2063,Astronomer,Research & Development,Senior,Phase 2,Specialized,600000,1500000,40,7,9,Medium,15,Medium
WK2064,Launch Vehicle Engineer,Engineering (Non-IT),Senior,Phase 2,Specialized,900000,2200000,10,5,8,High,30,Low
WK2065,Payload Engineer,Engineering (Non-IT),Mid-Level,Phase 2,Specialized,700000,1600000,15,6,8,High,28,Low
WK2066,Remote Sensing Scientist,Research & Development,Senior,Phase 2,Specialized,700000,1700000,50,7,8,High,25,Medium
WK2067,Satellite Communication Engineer,Engineering (Non-IT),Senior,Phase 2,Specialized,800000,1900000,30,6,8,High,27,Low
WK2068,Spacecraft Operations Specialist,Engineering (Non-IT),Mid-Level,Phase 2,Specialized,700000,1600000,20,5,8,High,24,Low
WK2069,Space Educator,Education & Training,Mid-Level,Phase 2,Specialized,400000,900000,30,7,9,Medium,20,Medium
WK2070,Space Lawyer,Legal & Compliance,Senior,Phase 2,Specialized,1200000,3000000,60,6,8,Medium,30,Medium
WK2071,Space Medical Doctor,Healthcare & Medicine,Senior,Phase 2,Specialized,1500000,3500000,40,5,9,Medium,28,Low
WK2072,Space Software Engineer,Technology & Software,Senior,Phase 2,Specialized,1200000,2800000,60,6,8,High,30,Low
WK2073,Space Robotics Engineer,Engineering (Non-IT),Senior,Phase 2,Specialized,1000000,2400000,30,6,8,High,32,Low
WK2074,Astrobiology Researcher,Research & Development,Senior,Phase 2,Specialized,700000,1700000,50,7,9,Medium,25,Medium
WK2075,Space Mission Planner,Engineering (Non-IT),Senior,Phase 2,Specialized,900000,2100000,40,6,8,High,27,Low
WK2076,Orbital Mechanics Specialist,Engineering (Non-IT),Senior,Phase 2,Specialized,900000,2200000,40,7,8,High,26,Low
WK2077,Satellite Data Analyst,Data & Analytics,Mid-Level,Phase 2,Specialized,700000,1600000,70,7,8,High,28,Medium
WK2078,Rocket Propulsion Engineer,Engineering (Non-IT),Senior,Phase 2,Specialized,1000000,2400000,20,6,8,High,29,Low
WK2079,Mars Mission Specialist,Engineering (Non-IT),Senior,Phase 2,Specialized,1100000,2800000,0,3,10,Medium,40,Very Low
WK2080,AI Research Scientist,Technology & Software,Senior,Phase 2,Specialized,1800000,4500000,70,7,10,High,38,Low
WK2081,Computer Vision Engineer,Technology & Software,Senior,Phase 2,Specialized,1400000,3200000,80,7,10,Very High,40,Medium
WK2082,NLP Engineer,Technology & Software,Senior,Phase 2,Specialized,1400000,3200000,80,7,10,Very High,40,Medium
WK2083,Blockchain Architect,Technology & Software,Senior,Phase 2,Specialized,1600000,4000000,80,6,10,High,35,Medium
WK2084,Smart Contract Developer,Technology & Software,Senior,Phase 2,Specialized,1400000,3500000,90,7,10,High,38,High
WK2085,MLOps Engineer,Technology & Software,Senior,Phase 2,Specialized,1300000,3000000,80,6,10,Very High,45,Medium
WK2086,Site Reliability Engineer,Technology & Software,Senior,Phase 2,Specialized,1300000,3000000,70,6,10,Very High,32,Low
WK2087,Cloud Security Architect,Technology & Software,Senior,Phase 2,Specialized,1500000,3500000,70,6,10,Very High,38,Medium
WK2088,Kubernetes Administrator,Technology & Software,Mid-Level,Phase 2,Specialized,1000000,2400000,70,6,10,Very High,35,Medium
WK2089,DevSecOps Engineer,Technology & Software,Senior,Phase 2,Specialized,1300000,3000000,70,6,10,Very High,38,Low
WK2090,Astronaut,Space & Aerospace,Senior,Adventurer,"Adventurer: 3, Thinker: 2",1500000,3500000,0,7,10,Low,5,None
WK2091,Astronomer,Space & Aerospace,Senior,Thinker,"Thinker: 3, Thinker: 2",800000,1800000,40,8,9,Medium,12,Low
WK2092,Astrophysicist,Space & Aerospace,Senior,Thinker,"Thinker: 3, Thinker: 2",900000,2000000,50,8,9,Medium,14,Low
WK2093,Satellite Engineer,Space & Aerospace,Mid-Level,Builder,"Builder: 3, Thinker: 2",1000000,2200000,40,6,8,High,20,Low
WK2094,Launch Vehicle Engineer,Space & Aerospace,Senior,Builder,"Builder: 3, Thinker: 2",1300000,2800000,20,5,8,High,22,Low
WK2095,Payload Integration Engineer,Space & Aerospace,Mid-Level,Builder,"Builder: 3, Thinker: 2",1000000,2100000,30,6,7,High,19,Low
WK2096,Mission Control Operator,Space & Aerospace,Mid-Level,Organizer,"Organizer: 3, Thinker: 2",900000,1900000,10,7,8,Medium,15,Low
WK2097,Flight Dynamics Engineer,Space & Aerospace,Senior,Thinker,"Thinker: 3, Thinker: 2",1100000,2400000,40,6,8,High,17,Low
WK2098,Orbital Mechanics Specialist,Space & Aerospace,Senior,Thinker,"Thinker: 3, Thinker: 2",1200000,2600000,50,7,9,Medium,16,Low
WK2099,Satellite Communications Engineer,Space & Aerospace,Mid-Level,Builder,"Builder: 3, Thinker: 2",1000000,2200000,40,6,8,Very High,25,Low
WK2100,Remote Sensing Scientist,Space & Aerospace,Senior,Thinker,"Thinker: 3, Thinker: 2",950000,2100000,50,7,8,High,22,Medium
WK2101,Earth Observation Analyst,Space & Aerospace,Mid-Level,Thinker,"Thinker: 3, Thinker: 2",800000,1800000,60,7,8,Very High,28,Medium
WK2102,Mission Planner,Space & Aerospace,Senior,Organizer,"Organizer: 3, Thinker: 2",1000000,2200000,40,7,8,High,17,Low
WK2103,Space Mission Architect,Space & Aerospace,Senior,Thinker,"Thinker: 3, Thinker: 2",1300000,2800000,40,7,9,Medium,15,Low
WK2104,Mars Mission Specialist,Space & Aerospace,Senior,Adventurer,"Adventurer: 3, Thinker: 2",1400000,3000000,20,6,10,Low,35,None
WK2105,Lunar Operations Specialist,Space & Aerospace,Senior,Adventurer,"Adventurer: 3, Thinker: 2",1300000,2900000,20,6,9,Medium,30,None
WK2106,Space Propulsion Engineer,Space & Aerospace,Senior,Builder,"Builder: 3, Thinker: 2",1200000,2600000,30,6,8,High,20,Low
WK2107,Space Debris Analyst,Space & Aerospace,Mid-Level,Thinker,"Thinker: 3, Thinker: 2",900000,2000000,60,7,8,High,32,Medium
WK2108,Space Traffic Management Specialist,Space & Aerospace,Senior,Organizer,"Organizer: 3, Thinker: 2",1000000,2300000,50,7,8,Very High,40,Low
WK2109,Space Lawyer,Space & Aerospace,Senior,Advocate,"Advocate: 3, Thinker: 2",1200000,3000000,70,8,9,High,35,Medium
WK2110,Space Medical Doctor,Space & Aerospace,Senior,Caregiver,"Caregiver: 3, Thinker: 2",1500000,3500000,30,6,9,Low,25,None
WK2111,Space Tourism Guide,Space & Aerospace,Mid-Level,Adventurer,"Adventurer: 3, Thinker: 2",800000,2000000,10,7,10,Medium,45,Low
WK2112,Space Mining Engineer,Space & Aerospace,Senior,Builder,"Builder: 3, Thinker: 2",1400000,3200000,30,5,9,Low,50,None
WK2113,Space Robotics Engineer,Space & Aerospace,Senior,Builder,"Builder: 3, Thinker: 2",1200000,2700000,40,6,9,Very High,35,Low
WK2114,Space Junk Recycler,Space & Aerospace,Mid-Level,Builder,"Builder: 3, Thinker: 2",900000,2100000,40,7,8,Medium,38,Low
WK2115,Planetary Scientist,Space & Aerospace,Senior,Thinker,"Thinker: 3, Thinker: 2",1000000,2300000,60,8,9,Medium,18,Low
WK2116,Astrobiology Researcher,Space & Aerospace,Senior,Thinker,"Thinker: 3, Thinker: 2",1000000,2400000,60,8,10,Medium,28,Low
WK2117,Spacecraft Systems Engineer,Space & Aerospace,Senior,Builder,"Builder: 3, Thinker: 2",1200000,2700000,40,6,8,High,19,Low
WK2118,Space Software Engineer,Space & Aerospace,Senior,Builder,"Builder: 3, Thinker: 2",1300000,3000000,60,7,9,Very High,36,Medium
WK2119,Space Educator,Space & Aerospace,Mid-Level,Caregiver,"Caregiver: 3, Thinker: 2",500000,1200000,50,8,9,High,22,Medium
WK2120,Space Food Scientist,Space & Aerospace,Mid-Level,Thinker,"Thinker: 3, Thinker: 2",800000,1900000,60,8,8,Low,15,Low
WK2121,Space Environment Specialist,Space & Aerospace,Senior,Thinker,"Thinker: 3, Thinker: 2",1000000,2300000,50,7,8,Medium,20,Low
WK2122,Satellite Navigation Engineer,Space & Aerospace,Senior,Builder,"Builder: 3, Thinker: 2",1100000,2500000,40,6,8,High,18,Low
WK2123,Space Weather Forecaster,Space & Aerospace,Mid-Level,Thinker,"Thinker: 3, Thinker: 2",850000,1900000,60,7,8,High,24,Medium
WK2124,Space Physiologist,Space & Aerospace,Senior,Thinker,"Thinker: 3, Thinker: 2",1100000,2400000,50,7,9,Low,22,Low
WK2125,Life Support Systems Engineer,Space & Aerospace,Senior,Builder,"Builder: 3, Thinker: 2",1200000,2600000,30,6,8,High,21,Low
WK2126,Space Psychologist,Space & Aerospace,Senior,Caregiver,"Caregiver: 3, Thinker: 2",1000000,2300000,60,8,9,Low,18,Low
WK2127,Spaceport Operations Manager,Space & Aerospace,Senior,Organizer,"Organizer: 3, Thinker: 2",1200000,2600000,20,6,7,High,35,Low
WK2128,Asteroid Resource Specialist,Space & Aerospace,Senior,Thinker,"Thinker: 3, Thinker: 2",1300000,3000000,50,6,10,Low,55,Low
WK2129,CubeSat Developer,Space & Aerospace,Mid-Level,Builder,"Builder: 3, Thinker: 2",850000,1900000,50,7,8,Very High,30,Medium
WK2130,In-Orbit Servicing Specialist,Space & Aerospace,Senior,Builder,"Builder: 3, Thinker: 2",1300000,2900000,30,6,9,Medium,42,Low
WK2131,Space Station Engineer,Space & Aerospace,Senior,Builder,"Builder: 3, Thinker: 2",1400000,3000000,20,5,8,Low,20,None
WK2132,Exoplanet Hunter,Space & Aerospace,Senior,Thinker,"Thinker: 3, Thinker: 2",950000,2300000,70,8,10,Medium,25,Low
WK2133,Space Test Engineer,Space & Aerospace,Mid-Level,Builder,"Builder: 3, Thinker: 2",950000,2100000,30,7,7,High,16,Low
WK2134,Space Industry Consultant,Space & Aerospace,Senior,Thinker,"Thinker: 3, Thinker: 2",1300000,3000000,80,8,9,High,32,High
WK2135,NewSpace Venture Capitalist,Space & Aerospace,Senior,Entrepreneur,"Entrepreneur: 3, Thinker: 2",1500000,4000000,70,7,9,High,40,Low
WK2136,Space Policy Analyst,Space & Aerospace,Senior,Thinker,"Thinker: 3, Thinker: 2",1000000,2200000,60,8,8,Medium,28,Medium
WK2137,Space Insurance Underwriter,Space & Aerospace,Senior,Thinker,"Thinker: 3, Thinker: 2",1100000,2600000,80,8,8,High,30,Low
WK2138,Commercial Space Operations Manager,Space & Aerospace,Senior,Organizer,"Organizer: 3, Thinker: 2",1300000,2800000,40,6,8,High,38,Low
WK2139,Trajectory Design Engineer,Space & Aerospace,Senior,Thinker,"Thinker: 3, Thinker: 2",1100000,2400000,50,7,8,High,19,Low
WK2140,Ion Propulsion Specialist,Space & Aerospace,Senior,Builder,"Builder: 3, Thinker: 2",1300000,2700000,40,6,9,Medium,25,Low
WK2141,Space Materials Scientist,Space & Aerospace,Senior,Thinker,"Thinker: 3, Thinker: 2",1100000,2500000,50,7,9,Medium,20,Low
WK2142,Space Power Systems Engineer,Space & Aerospace,Mid-Level,Builder,"Builder: 3, Thinker: 2",1000000,2200000,40,6,7,High,18,Low
WK2143,Thermal Control Engineer (Space),Space & Aerospace,Mid-Level,Builder,"Builder: 3, Thinker: 2",950000,2100000,40,6,7,High,17,Low
WK2144,Cosmologist,Space & Aerospace,Senior,Thinker,"Thinker: 3, Thinker: 2",950000,2200000,70,8,10,Low,12,Low
WK2145,Radio Astronomy Engineer,Space & Aerospace,Senior,Builder,"Builder: 3, Thinker: 2",1000000,2200000,40,7,8,Medium,15,Low
WK2146,Space Telescope Operator,Space & Aerospace,Mid-Level,Organizer,"Organizer: 3, Thinker: 2",900000,2000000,50,7,8,Medium,14,Low
WK2147,Avionics Engineer (Space),Space & Aerospace,Senior,Builder,"Builder: 3, Thinker: 2",1150000,2500000,30,6,8,High,17,Low
WK2148,Guidance Navigation Control Engineer,Space & Aerospace,Senior,Builder,"Builder: 3, Thinker: 2",1200000,2600000,40,6,8,High,20,Low
WK2149,Dental Assistant,Healthcare & Medicine,Entry,Caregiver,"Caregiver: 3, Thinker: 2",250000,450000,20,7,7,High,15,Low
WK2150,Dentist (General Practice),Healthcare & Medicine,Senior,Caregiver,"Caregiver: 3, Thinker: 2",800000,2000000,30,7,8,High,12,Medium
WK2151,Periodontist,Healthcare & Medicine,Senior,Caregiver,"Caregiver: 3, Thinker: 2",1100000,3000000,20,7,8,Medium,12,Low
WK2152,Endodontist,Healthcare & Medicine,Senior,Caregiver,"Caregiver: 3, Thinker: 2",1100000,2800000,20,7,8,Medium,11,Low
WK2153,Prosthodontist,Healthcare & Medicine,Senior,Caregiver,"Caregiver: 3, Thinker: 2",1200000,3200000,20,7,8,Medium,13,Low
WK2154,Oral and Maxillofacial Surgeon,Healthcare & Medicine,Senior,Caregiver,"Caregiver: 3, Thinker: 2",1500000,4000000,10,5,9,High,15,Low
WK2155,Pediatric Dentist,Healthcare & Medicine,Senior,Caregiver,"Caregiver: 3, Thinker: 2",1000000,2500000,20,7,9,High,16,Low
WK2156,Dental Hygienist,Healthcare & Medicine,Mid-Level,Caregiver,"Caregiver: 3, Thinker: 2",400000,800000,20,8,7,High,14,Low
WK2157,Dental Laboratory Technician,Healthcare & Medicine,Mid-Level,Builder,"Builder: 3, Thinker: 2",350000,700000,30,8,7,High,12,Medium
WK2158,Cosmetic Dentist,Healthcare & Medicine,Senior,Caregiver,"Caregiver: 3, Thinker: 2",1300000,3500000,20,7,9,Very High,18,Low
WK2159,Dental Implant Specialist,Healthcare & Medicine,Senior,Caregiver,"Caregiver: 3, Thinker: 2",1400000,3800000,20,6,9,Very High,20,Low
WK2160,Oral Pathologist,Healthcare & Medicine,Senior,Thinker,"Thinker: 3, Thinker: 2",1000000,2400000,40,7,8,Medium,10,Low
WK2161,Dental Public Health Specialist,Healthcare & Medicine,Senior,Advocate,"Advocate: 3, Thinker: 2",800000,1800000,50,8,8,Medium,12,Low
WK2162,Forensic Odontologist,Healthcare & Medicine,Senior,Thinker,"Thinker: 3, Thinker: 2",900000,2200000,40,7,9,Low,8,Medium
WK2163,Spine Surgeon,Healthcare & Medicine,Senior,Caregiver,"Caregiver: 3, Thinker: 2",2000000,5000000,0,4,9,High,15,None
WK2164,Sports Medicine Surgeon,Healthcare & Medicine,Senior,Caregiver,"Caregiver: 3, Thinker: 2",1900000,4800000,0,5,10,High,18,None
WK2165,Hand Surgeon,Healthcare & Medicine,Senior,Caregiver,"Caregiver: 3, Thinker: 2",1700000,4200000,0,5,9,Medium,12,None
WK2166,Joint Replacement Surgeon,Healthcare & Medicine,Senior,Caregiver,"Caregiver: 3, Thinker: 2",1900000,4600000,0,4,9,Very High,16,None
WK2167,Trauma Surgeon,Healthcare & Medicine,Senior,Caregiver,"Caregiver: 3, Thinker: 2",1800000,4500000,0,2,8,High,12,None
WK2168,Transplant Surgeon,Healthcare & Medicine,Senior,Caregiver,"Caregiver: 3, Thinker: 2",2200000,5500000,0,2,10,Medium,11,None
WK2169,Bariatric Surgeon,Healthcare & Medicine,Senior,Caregiver,"Caregiver: 3, Thinker: 2",1800000,4500000,0,5,9,Very High,22,None
WK2170,Vascular Surgeon,Healthcare & Medicine,Senior,Caregiver,"Caregiver: 3, Thinker: 2",1900000,4800000,0,4,9,High,13,None
WK2171,Thoracic Surgeon,Healthcare & Medicine,Senior,Caregiver,"Caregiver: 3, Thinker: 2",2000000,5000000,0,3,9,High,11,None
WK2172,Colorectal Surgeon,Healthcare & Medicine,Senior,Caregiver,"Caregiver: 3, Thinker: 2",1700000,4200000,0,5,8,High,12,None
WK2173,Surgical Oncologist,Healthcare & Medicine,Senior,Caregiver,"Caregiver: 3, Thinker: 2",1900000,4800000,0,4,9,High,14,None
WK2174,Reconstructive Surgeon,Healthcare & Medicine,Senior,Caregiver,"Caregiver: 3, Thinker: 2",1900000,4800000,0,5,9,High,14,None
WK2175,Pediatric Surgeon,Healthcare & Medicine,Senior,Caregiver,"Caregiver: 3, Thinker: 2",1900000,4800000,0,4,10,High,13,None
WK2176,Neonatal Surgeon,Healthcare & Medicine,Senior,Caregiver,"Caregiver: 3, Thinker: 2",2100000,5300000,0,3,10,Low,11,None
WK2177,Urologic Surgeon,Healthcare & Medicine,Senior,Caregiver,"Caregiver: 3, Thinker: 2",1800000,4500000,0,5,9,High,13,None
WK2178,Robotic Surgeon,Healthcare & Medicine,Senior,Caregiver,"Caregiver: 3, Thinker: 2",2200000,5500000,0,5,10,Very High,25,None
WK2179,Pediatric Cardiac Surgeon,Healthcare & Medicine,Senior,Caregiver,"Caregiver: 3, Thinker: 2",2200000,5500000,0,3,10,Medium,12,None
WK2180,Pediatric Neurosurgeon,Healthcare & Medicine,Senior,Caregiver,"Caregiver: 3, Thinker: 2",2600000,6500000,0,2,10,Low,14,None
WK2181,Cardiothoracic Surgeon,Healthcare & Medicine,Senior,Caregiver,"Caregiver: 3, Thinker: 2",2100000,5200000,0,3,9,High,11,None
WK2182,Burn Surgeon,Healthcare & Medicine,Senior,Caregiver,"Caregiver: 3, Thinker: 2",1700000,4300000,0,3,8,Medium,10,None
WK2183,Hepatobiliary Surgeon,Healthcare & Medicine,Senior,Caregiver,"Caregiver: 3, Thinker: 2",2000000,5000000,0,3,9,Medium,10,None
WK2184,Interventional Cardiologist,Healthcare & Medicine,Senior,Caregiver,"Caregiver: 3, Thinker: 2",1800000,4500000,0,4,9,Very High,16,None
WK2185,Electrophysiologist,Healthcare & Medicine,Senior,Caregiver,"Caregiver: 3, Thinker: 2",2000000,5000000,0,5,9,High,18,None
WK2186,Pediatric Cardiologist,Healthcare & Medicine,Senior,Caregiver,"Caregiver: 3, Thinker: 2",1600000,4000000,10,6,9,High,14,None
WK2187,Medical Oncologist,Healthcare & Medicine,Senior,Caregiver,"Caregiver: 3, Thinker: 2",1600000,4000000,10,5,8,Very High,17,None
WK2188,Radiation Oncologist,Healthcare & Medicine,Senior,Caregiver,"Caregiver: 3, Thinker: 2",1700000,4300000,10,5,8,High,14,None
WK2189,Pediatric Oncologist,Healthcare & Medicine,Senior,Caregiver,"Caregiver: 3, Thinker: 2",1700000,4200000,10,5,9,High,16,None
WK2190,Hematologist-Oncologist,Healthcare & Medicine,Senior,Caregiver,"Caregiver: 3, Thinker: 2",1700000,4300000,10,5,9,High,15,None
WK2191,Hepatologist,Healthcare & Medicine,Senior,Caregiver,"Caregiver: 3, Thinker: 2",1600000,4000000,10,6,8,Medium,12,None
WK2192,Reproductive Endocrinologist,Healthcare & Medicine,Senior,Caregiver,"Caregiver: 3, Thinker: 2",1600000,4200000,10,6,9,Very High,20,None
WK2193,Allergist-Immunologist,Healthcare & Medicine,Senior,Caregiver,"Caregiver: 3, Thinker: 2",1200000,3000000,30,7,8,High,15,Low
WK2194,Infectious Disease Specialist,Healthcare & Medicine,Senior,Caregiver,"Caregiver: 3, Thinker: 2",1400000,3500000,20,6,8,High,18,None
WK2195,Hospitalist,Healthcare & Medicine,Senior,Caregiver,"Caregiver: 3, Thinker: 2",1300000,3200000,10,5,7,Very High,16,None
WK2196,Sleep Medicine Specialist,Healthcare & Medicine,Senior,Caregiver,"Caregiver: 3, Thinker: 2",1300000,3300000,30,7,8,High,22,Low
WK2197,Obstetrician-Gynecologist,Healthcare & Medicine,Senior,Caregiver,"Caregiver: 3, Thinker: 2",1400000,3600000,10,4,8,Very High,14,None
WK2198,Maternal-Fetal Medicine Specialist,Healthcare & Medicine,Senior,Caregiver,"Caregiver: 3, Thinker: 2",1600000,4000000,10,4,9,High,15,None
WK2199,Pediatric Intensivist,Healthcare & Medicine,Senior,Caregiver,"Caregiver: 3, Thinker: 2",1600000,4000000,0,2,8,High,14,None
WK2200,Interventional Radiologist,Healthcare & Medicine,Senior,Caregiver,"Caregiver: 3, Thinker: 2",1800000,4500000,10,6,9,Very High,18,None
WK2201,Neuroradiologist,Healthcare & Medicine,Senior,Thinker,"Thinker: 3, Thinker: 2",1600000,4000000,20,7,9,High,15,None
WK2202,Forensic Pathologist,Healthcare & Medicine,Senior,Thinker,"Thinker: 3, Thinker: 2",1400000,3500000,30,7,9,Medium,10,None
WK2203,Child and Adolescent Psychiatrist,Healthcare & Medicine,Senior,Caregiver,"Caregiver: 3, Thinker: 2",1200000,3000000,40,7,9,Very High,22,Medium
WK2204,Addiction Psychiatrist,Healthcare & Medicine,Senior,Caregiver,"Caregiver: 3, Thinker: 2",1200000,3000000,30,6,8,Very High,25,Low
WK2205,Musician (Classical),Creative Arts & Media,Mid-Level,Creator,"Creator: 3, Thinker: 2",400000,1200000,40,7,9,Medium,10,High
WK2206,Musician (Contemporary),Creative Arts & Media,Mid-Level,Creator,"Creator: 3, Thinker: 2",500000,1500000,50,7,9,High,14,Very High
WK2207,Music Composer,Creative Arts & Media,Senior,Creator,"Creator: 3, Thinker: 2",800000,2500000,70,8,10,High,16,High
WK2208,Film Music Composer,Creative Arts & Media,Senior,Creator,"Creator: 3, Thinker: 2",1000000,3000000,60,7,10,Very High,20,Medium
WK2209,Audio Engineer,Creative Arts & Media,Senior,Builder,"Builder: 3, Thinker: 2",800000,2000000,60,7,8,Very High,20,Medium
WK2210,Music Director,Creative Arts & Media,Senior,Organizer,"Organizer: 3, Thinker: 2",900000,2400000,40,7,9,High,14,Medium
WK2211,Orchestra Conductor,Creative Arts & Media,Senior,Organizer,"Organizer: 3, Thinker: 2",1000000,2800000,20,7,10,Medium,8,Low
WK2212,Session Musician,Creative Arts & Media,Mid-Level,Creator,"Creator: 3, Thinker: 2",500000,1400000,50,8,9,High,16,Very High
WK2213,Music Arranger,Creative Arts & Media,Senior,Creator,"Creator: 3, Thinker: 2",700000,1900000,70,8,9,High,14,High
WK2214,Lyricist,Creative Arts & Media,Mid-Level,Creator,"Creator: 3, Thinker: 2",600000,1800000,80,8,9,High,16,Very High
WK2215,DJ (Disc Jockey),Creative Arts & Media,Mid-Level,Creator,"Creator: 3, Thinker: 2",400000,1500000,40,8,9,High,20,Very High
WK2216,Music Technologist,Creative Arts & Media,Senior,Builder,"Builder: 3, Thinker: 2",800000,2000000,70,7,9,Very High,28,Medium
WK2217,Singing Teacher,Creative Arts & Media,Mid-Level,Caregiver,"Caregiver: 3, Thinker: 2",400000,1100000,50,8,9,High,14,High
WK2218,Sculptor,Creative Arts & Media,Senior,Creator,"Creator: 3, Thinker: 2",500000,1800000,60,8,10,Medium,12,High
WK2219,Stone Sculptor,Creative Arts & Media,Senior,Creator,"Creator: 3, Thinker: 2",600000,2000000,40,7,9,Low,10,Medium
WK2220,Metal Sculptor,Creative Arts & Media,Senior,Creator,"Creator: 3, Thinker: 2",700000,2200000,50,7,9,Medium,14,Medium
WK2221,Wood Sculptor,Creative Arts & Media,Mid-Level,Creator,"Creator: 3, Thinker: 2",500000,1500000,50,8,9,Medium,12,High
WK2222,Clay Sculptor,Creative Arts & Media,Mid-Level,Creator,"Creator: 3, Thinker: 2",450000,1400000,50,8,9,Medium,11,High
WK2223,Digital Sculptor,Creative Arts & Media,Senior,Creator,"Creator: 3, Thinker: 2",900000,2400000,80,8,10,Very High,32,High
WK2224,3D Printing Artist,Creative Arts & Media,Mid-Level,Creator,"Creator: 3, Thinker: 2",700000,1900000,70,8,9,Very High,35,High
WK2225,Installation Artist,Creative Arts & Media,Senior,Creator,"Creator: 3, Thinker: 2",600000,2000000,40,7,10,Medium,16,High
WK2226,Public Art Sculptor,Creative Arts & Media,Senior,Creator,"Creator: 3, Thinker: 2",800000,2500000,30,7,9,Medium,14,Medium
WK2227,Painter,Creative Arts & Media,Mid-Level,Creator,"Creator: 3, Thinker: 2",400000,1500000,70,9,10,Medium,12,Very High
WK2228,Portrait Artist,Creative Arts & Media,Mid-Level,Creator,"Creator: 3, Thinker: 2",500000,1600000,60,8,9,High,14,High
WK2229,Digital Artist,Creative Arts & Media,Mid-Level,Creator,"Creator: 3, Thinker: 2",600000,1700000,90,8,9,Very High,28,Very High
WK2230,Muralist,Creative Arts & Media,Mid-Level,Creator,"Creator: 3, Thinker: 2",600000,1800000,30,7,9,High,18,High
WK2231,Calligrapher,Creative Arts & Media,Mid-Level,Creator,"Creator: 3, Thinker: 2",400000,1200000,80,9,9,Medium,14,Very High
WK2232,Art Curator,Creative Arts & Media,Senior,Organizer,"Organizer: 3, Thinker: 2",800000,2200000,50,8,9,High,14,Low
WK2233,Gallery Manager,Creative Arts & Media,Senior,Organizer,"Organizer: 3, Thinker: 2",700000,1900000,40,7,8,Medium,12,Low
WK2234,Art Restorer,Creative Arts & Media,Senior,Caregiver,"Caregiver: 3, Thinker: 2",700000,1900000,40,7,9,Medium,10,Low
WK2235,Wedding Photographer,Creative Arts & Media,Mid-Level,Creator,"Creator: 3, Thinker: 2",600000,1800000,30,7,9,Very High,18,Very High
WK2236,Fashion Photographer,Creative Arts & Media,Senior,Creator,"Creator: 3, Thinker: 2",900000,2500000,40,7,10,Very High,22,High
WK2237,Wildlife Photographer,Creative Arts & Media,Mid-Level,Adventurer,"Adventurer: 3, Thinker: 2",500000,1600000,50,8,10,Medium,16,Very High
WK2238,Product Photographer,Creative Arts & Media,Mid-Level,Creator,"Creator: 3, Thinker: 2",600000,1600000,70,8,8,Very High,24,Very High
WK2239,Film Director,Creative Arts & Media,Senior,Creator,"Creator: 3, Thinker: 2",1500000,4500000,30,5,10,Very High,20,Medium
WK2240,Film Editor,Creative Arts & Media,Senior,Builder,"Builder: 3, Thinker: 2",900000,2400000,80,7,9,Very High,24,High
WK2241,Color Grader,Creative Arts & Media,Senior,Creator,"Creator: 3, Thinker: 2",800000,2200000,80,7,9,Very High,26,High
WK2242,Motion Graphics Designer,Creative Arts & Media,Mid-Level,Creator,"Creator: 3, Thinker: 2",700000,1900000,90,8,9,Very High,32,High
WK2243,3D Animator,Creative Arts & Media,Senior,Builder,"Builder: 3, Thinker: 2",1000000,2600000,80,7,9,Very High,34,High
WK2244,2D Animator,Creative Arts & Media,Mid-Level,Creator,"Creator: 3, Thinker: 2",600000,1600000,90,8,9,Very High,30,High
WK2245,Character Animator,Creative Arts & Media,Senior,Creator,"Creator: 3, Thinker: 2",1000000,2600000,80,7,9,Very High,36,High
WK2246,Art Director (Film),Creative Arts & Media,Senior,Creator,"Creator: 3, Thinker: 2",1200000,3000000,30,6,9,Very High,22,Low
WK2247,Screenwriter,Creative Arts & Media,Senior,Creator,"Creator: 3, Thinker: 2",800000,2500000,90,8,10,High,18,Very High
WK2248,Documentary Filmmaker,Creative Arts & Media,Senior,Creator,"Creator: 3, Thinker: 2",900000,2400000,50,7,10,High,18,Medium
WK2249,Film Producer,Creative Arts & Media,Senior,Organizer,"Organizer: 3, Thinker: 2",1300000,3500000,40,6,9,Very High,20,Low
WK2250,Stop-Motion Animator,Creative Arts & Media,Senior,Creator,"Creator: 3, Thinker: 2",900000,2400000,40,7,10,Medium,18,Medium
WK2251,Actor (Film/TV),Creative Arts & Media,Mid-Level,Creator,"Creator: 3, Thinker: 2",600000,2500000,20,6,10,Very High,18,High
WK2252,Voice Actor,Creative Arts & Media,Mid-Level,Creator,"Creator: 3, Thinker: 2",500000,1800000,90,8,9,Very High,28,Very High
WK2253,Choreographer,Creative Arts & Media,Senior,Creator,"Creator: 3, Thinker: 2",700000,2000000,30,7,9,High,16,Medium
WK2254,Dancer,Creative Arts & Media,Mid-Level,Creator,"Creator: 3, Thinker: 2",400000,1300000,20,6,9,Medium,12,Medium
WK2255,Podcaster,Creative Arts & Media,Mid-Level,Creator,"Creator: 3, Thinker: 2",400000,1500000,100,9,9,Very High,32,Very High
WK2256,Social Media Content Creator,Creative Arts & Media,Mid-Level,Creator,"Creator: 3, Thinker: 2",500000,1700000,100,9,9,Very High,38,Very High
WK2257,Classical Violinist,Creative Arts & Media,Senior,Phase 3,Specialized,400000,1500000,40,7,9,Medium,15,Very High
WK2258,Classical Pianist,Creative Arts & Media,Senior,Phase 3,Specialized,500000,2000000,30,7,9,Medium,15,Very High
WK2259,Cellist,Creative Arts & Media,Mid-Level,Phase 3,Specialized,350000,1200000,40,7,9,Medium,15,High
WK2260,Flutist,Creative Arts & Media,Mid-Level,Phase 3,Specialized,300000,1000000,40,7,9,Low,12,High
WK2261,Harpist,Creative Arts & Media,Mid-Level,Phase 3,Specialized,350000,1200000,40,8,9,Low,12,High
WK2262,Classical Guitarist,Creative Arts & Media,Mid-Level,Phase 3,Specialized,300000,1000000,50,7,9,Medium,15,Very High
WK2263,Trumpet Player,Creative Arts & Media,Mid-Level,Phase 3,Specialized,300000,1000000,40,7,8,Low,12,High
WK2264,Saxophonist,Creative Arts & Media,Mid-Level,Phase 3,Specialized,350000,1200000,40,7,9,Medium,15,High
WK2265,Drummer (Classical),Creative Arts & Media,Mid-Level,Phase 3,Specialized,300000,1000000,30,7,9,Medium,15,High
WK2266,Orchestra Conductor,Creative Arts & Media,Executive,Phase 3,Specialized,800000,3000000,20,5,10,Low,10,Low
WK2267,Rock Guitarist,Creative Arts & Media,Mid-Level,Phase 3,Specialized,300000,1500000,50,8,9,Medium,20,Very High
WK2268,Electric Guitarist,Creative Arts & Media,Mid-Level,Phase 3,Specialized,350000,1500000,50,8,9,Medium,20,Very High
WK2269,Bass Guitarist,Creative Arts & Media,Mid-Level,Phase 3,Specialized,300000,1200000,50,8,9,Medium,18,Very High
WK2270,Drummer (Rock/Pop),Creative Arts & Media,Mid-Level,Phase 3,Specialized,300000,1200000,30,7,9,Medium,20,Very High
WK2271,Jazz Musician,Creative Arts & Media,Senior,Phase 3,Specialized,400000,1800000,50,8,10,Medium,15,Very High
WK2272,Blues Musician,Creative Arts & Media,Mid-Level,Phase 3,Specialized,300000,1200000,50,8,9,Low,12,Very High
WK2273,Professional Singer,Creative Arts & Media,Mid-Level,Phase 3,Specialized,400000,2000000,40,7,9,High,25,Very High
WK2274,Playback Singer,Creative Arts & Media,Senior,Phase 3,Specialized,500000,3000000,50,6,9,High,20,High
WK2275,Classical Vocalist,Creative Arts & Media,Senior,Phase 3,Specialized,400000,1800000,40,7,9,Medium,15,Very High
WK2276,Opera Singer,Creative Arts & Media,Senior,Phase 3,Specialized,500000,2500000,20,6,10,Low,10,Medium
WK2277,Choir Director,Creative Arts & Media,Senior,Phase 3,Specialized,400000,1200000,30,7,9,Medium,15,Medium
WK2278,Voice Coach,Creative Arts & Media,Mid-Level,Phase 3,Specialized,350000,1000000,60,8,9,High,20,Very High
WK2279,Music Producer,Creative Arts & Media,Senior,Phase 3,Specialized,600000,2500000,70,6,9,Very High,30,Very High
WK2280,Sound Engineer,Creative Arts & Media,Mid-Level,Phase 3,Specialized,400000,1200000,50,7,8,High,25,High
WK2281,Audio Engineer,Creative Arts & Media,Mid-Level,Phase 3,Specialized,450000,1300000,60,7,8,High,28,High
WK2282,Mixing Engineer,Creative Arts & Media,Senior,Phase 3,Specialized,500000,1800000,70,7,8,High,25,High
WK2283,Mastering Engineer,Creative Arts & Media,Senior,Phase 3,Specialized,600000,2000000,80,7,9,High,25,High
WK2284,Recording Engineer,Creative Arts & Media,Mid-Level,Phase 3,Specialized,400000,1200000,40,7,8,High,22,High
WK2285,Live Sound Engineer,Creative Arts & Media,Mid-Level,Phase 3,Specialized,400000,1300000,20,6,8,High,22,Medium
WK2286,Electronic Music Producer,Creative Arts & Media,Mid-Level,Phase 3,Specialized,400000,1800000,90,8,9,Very High,35,Very High
WK2287,DJ (Disc Jockey),Creative Arts & Media,Mid-Level,Phase 3,Specialized,300000,2000000,30,7,9,High,25,Very High
WK2288,EDM Producer,Creative Arts & Media,Mid-Level,Phase 3,Specialized,400000,2000000,90,8,9,Very High,35,Very High
WK2289,Hip Hop Producer,Creative Arts & Media,Mid-Level,Phase 3,Specialized,400000,1800000,80,8,9,High,30,Very High
WK2290,Beatmaker,Creative Arts & Media,Mid-Level,Phase 3,Specialized,300000,1500000,95,8,9,High,32,Very High
WK2291,Composer,Creative Arts & Media,Senior,Phase 3,Specialized,500000,2500000,80,7,10,High,20,Very High
WK2292,Film Score Composer,Creative Arts & Media,Senior,Phase 3,Specialized,600000,3000000,70,6,10,High,25,High
WK2293,Lyricist,Creative Arts & Media,Mid-Level,Phase 3,Specialized,350000,1500000,90,8,9,High,22,Very High
WK2294,Music Arranger,Creative Arts & Media,Senior,Phase 3,Specialized,450000,1800000,80,7,9,High,20,High
WK2295,Orchestrator,Creative Arts & Media,Senior,Phase 3,Specialized,500000,2000000,70,7,9,Medium,18,High
WK2296,Music Teacher,Creative Arts & Media,Mid-Level,Phase 3,Specialized,300000,800000,40,8,9,High,18,High
WK2297,Piano Teacher,Creative Arts & Media,Mid-Level,Phase 3,Specialized,300000,900000,50,8,9,High,18,Very High
WK2298,Guitar Teacher,Creative Arts & Media,Mid-Level,Phase 3,Specialized,250000,800000,50,8,9,High,20,Very High
WK2299,Vocal Coach,Creative Arts & Media,Mid-Level,Phase 3,Specialized,350000,1200000,60,8,9,High,22,Very High
WK2300,Music Therapist,Creative Arts & Media,Mid-Level,Phase 3,Specialized,350000,1000000,50,8,10,High,25,Medium
WK2301,Music Director,Creative Arts & Media,Executive,Phase 3,Specialized,800000,3000000,50,5,9,High,20,Low
WK2302,A&R Manager,Creative Arts & Media,Senior,Phase 3,Specialized,600000,2000000,60,6,8,Medium,18,Medium
WK2303,Music Publisher,Creative Arts & Media,Senior,Phase 3,Specialized,500000,1800000,70,7,8,Medium,18,Medium
WK2304,Concert Promoter,Creative Arts & Media,Mid-Level,Phase 3,Specialized,400000,1500000,50,6,8,Medium,20,High
WK2305,Band Manager,Creative Arts & Media,Mid-Level,Phase 3,Specialized,350000,1200000,60,6,8,Medium,18,High
WK2306,Fine Artist,Creative Arts & Media,Mid-Level,Phase 3,Specialized,300000,1500000,80,9,10,Medium,15,Very High
WK2307,Painter,Creative Arts & Media,Mid-Level,Phase 3,Specialized,300000,2000000,90,9,10,Medium,15,Very High
WK2308,Oil Painter,Creative Arts & Media,Mid-Level,Phase 3,Specialized,350000,2500000,90,9,10,Medium,15,Very High
WK2309,Watercolor Artist,Creative Arts & Media,Mid-Level,Phase 3,Specialized,300000,1500000,90,9,10,Medium,15,Very High
WK2310,Acrylic Painter,Creative Arts & Media,Mid-Level,Phase 3,Specialized,300000,1800000,90,9,10,Medium,15,Very High
WK2311,Portrait Artist,Creative Arts & Media,Mid-Level,Phase 3,Specialized,350000,2000000,80,9,9,Medium,18,Very High
WK2312,Landscape Artist,Creative Arts & Media,Mid-Level,Phase 3,Specialized,300000,1500000,90,9,10,Low,12,Very High
WK2313,Sculptor,Creative Arts & Media,Mid-Level,Phase 3,Specialized,350000,2000000,50,8,10,Low,12,High
WK2314,Stone Sculptor,Creative Arts & Media,Mid-Level,Phase 3,Specialized,300000,1800000,40,8,9,Low,10,Medium
WK2315,Wood Sculptor,Creative Arts & Media,Mid-Level,Phase 3,Specialized,300000,1500000,50,8,9,Low,12,High
WK2316,Metal Sculptor,Creative Arts & Media,Mid-Level,Phase 3,Specialized,350000,1800000,40,7,9,Medium,15,High
WK2317,Clay Artist,Creative Arts & Media,Mid-Level,Phase 3,Specialized,250000,1200000,60,8,9,Medium,15,High
WK2318,Digital Artist,Creative Arts & Media,Mid-Level,Phase 3,Specialized,400000,1500000,95,8,9,Very High,35,Very High
WK2319,3D Artist,Creative Arts & Media,Mid-Level,Phase 3,Specialized,450000,1800000,90,7,9,Very High,38,Very High
WK2320,2D Artist,Creative Arts & Media,Mid-Level,Phase 3,Specialized,350000,1300000,95,8,9,High,30,Very High
WK2321,Concept Artist,Creative Arts & Media,Senior,Phase 3,Specialized,500000,2000000,85,7,9,Very High,32,Very High
WK2322,Matte Painter,Creative Arts & Media,Mid-Level,Phase 3,Specialized,450000,1600000,90,7,9,High,28,High
WK2323,Character Designer,Creative Arts & Media,Mid-Level,Phase 3,Specialized,450000,1800000,90,8,9,Very High,32,Very High
WK2324,Environment Artist,Creative Arts & Media,Mid-Level,Phase 3,Specialized,450000,1700000,90,7,9,High,30,Very High
WK2325,Illustrator,Creative Arts & Media,Mid-Level,Phase 3,Specialized,350000,1400000,95,8,9,High,25,Very High
WK2326,Children's Book Illustrator,Creative Arts & Media,Mid-Level,Phase 3,Specialized,300000,1200000,95,9,10,Medium,20,Very High
WK2327,Medical Illustrator,Creative Arts & Media,Senior,Phase 3,Specialized,500000,1800000,80,8,9,High,22,High
WK2328,Technical Illustrator,Creative Arts & Media,Mid-Level,Phase 3,Specialized,400000,1400000,85,8,8,High,22,High
WK2329,Fashion Illustrator,Creative Arts & Media,Mid-Level,Phase 3,Specialized,350000,1500000,90,8,9,Medium,22,Very High
WK2330,Installation Artist,Creative Arts & Media,Senior,Phase 3,Specialized,400000,2000000,60,8,10,Low,15,High
WK2331,Performance Artist,Creative Arts & Media,Mid-Level,Phase 3,Specialized,300000,1500000,40,7,9,Low,18,High
WK2332,Street Artist,Creative Arts & Media,Mid-Level,Phase 3,Specialized,250000,2000000,70,9,10,Medium,25,Very High
WK2333,Graffiti Artist,Creative Arts & Media,Mid-Level,Phase 3,Specialized,300000,1800000,60,8,9,Medium,28,Very High
WK2334,Muralist,Creative Arts & Media,Mid-Level,Phase 3,Specialized,350000,2000000,50,8,9,High,30,High
WK2335,Tattoo Artist,Creative Arts & Media,Mid-Level,Phase 3,Specialized,350000,1800000,30,7,9,Very High,28,Very High
WK2336,Calligrapher,Creative Arts & Media,Mid-Level,Phase 3,Specialized,250000,1000000,90,9,9,Medium,18,Very High
WK2337,Printmaker,Creative Arts & Media,Mid-Level,Phase 3,Specialized,300000,1200000,70,8,9,Low,12,High
WK2338,Ceramic Artist,Creative Arts & Media,Mid-Level,Phase 3,Specialized,300000,1500000,60,8,9,Medium,18,High
WK2339,Art Director,Creative Arts & Media,Senior,Phase 3,Specialized,700000,2500000,60,6,8,High,25,Medium
WK2340,Art Curator,Creative Arts & Media,Senior,Phase 3,Specialized,500000,1800000,50,7,9,Medium,18,Low
WK2341,Art Gallery Manager,Creative Arts & Media,Mid-Level,Phase 3,Specialized,400000,1200000,40,7,8,Medium,18,Low
WK2342,Art Dealer,Creative Arts & Media,Mid-Level,Phase 3,Specialized,400000,2000000,60,7,8,Medium,20,High
WK2343,Art Consultant,Creative Arts & Media,Senior,Phase 3,Specialized,500000,1800000,70,8,8,Medium,20,High
WK2344,Art Restoration Specialist,Creative Arts & Media,Senior,Phase 3,Specialized,450000,1600000,40,7,9,Low,15,Low
WK2345,Film Actor,Creative Arts & Media,Mid-Level,Phase 3,Specialized,400000,5000000,40,6,9,Medium,22,Medium
WK2346,Theatre Actor,Creative Arts & Media,Mid-Level,Phase 3,Specialized,300000,1500000,20,7,10,Medium,18,High
WK2347,Television Actor,Creative Arts & Media,Mid-Level,Phase 3,Specialized,400000,3000000,30,6,9,High,22,Medium
WK2348,Voice Actor,Creative Arts & Media,Mid-Level,Phase 3,Specialized,350000,1800000,90,8,9,High,28,Very High
WK2349,Dubbing Artist,Creative Arts & Media,Mid-Level,Phase 3,Specialized,300000,1500000,80,8,9,High,25,Very High
WK2350,Child Actor,Creative Arts & Media,Junior,Phase 3,Specialized,300000,2000000,40,8,9,Medium,15,Low
WK2351,Character Actor,Creative Arts & Media,Senior,Phase 3,Specialized,400000,3000000,40,6,9,Medium,20,Medium
WK2352,Method Actor,Creative Arts & Media,Senior,Phase 3,Specialized,500000,4000000,40,5,10,Medium,20,Medium
WK2353,Professional Dancer,Creative Arts & Media,Mid-Level,Phase 3,Specialized,300000,1500000,20,6,9,High,22,High
WK2354,Ballet Dancer,Creative Arts & Media,Mid-Level,Phase 3,Specialized,350000,1800000,10,5,10,Low,15,Low
WK2355,Contemporary Dancer,Creative Arts & Media,Mid-Level,Phase 3,Specialized,300000,1500000,20,6,9,Medium,20,High
WK2356,Bharatanatyam Dancer,Creative Arts & Media,Mid-Level,Phase 3,Specialized,250000,1200000,20,7,10,Medium,18,High
WK2357,Kathak Dancer,Creative Arts & Media,Mid-Level,Phase 3,Specialized,250000,1200000,20,7,10,Medium,18,High
WK2358,Hip Hop Dancer,Creative Arts & Media,Mid-Level,Phase 3,Specialized,300000,1500000,30,7,9,High,25,Very High
WK2359,Salsa Dancer,Creative Arts & Media,Mid-Level,Phase 3,Specialized,250000,1000000,30,8,9,Medium,20,High
WK2360,Choreographer,Creative Arts & Media,Senior,Phase 3,Specialized,400000,2000000,40,6,9,High,25,High
WK2361,Dance Teacher,Creative Arts & Media,Mid-Level,Phase 3,Specialized,300000,900000,30,8,9,High,20,High
WK2362,Zumba Instructor,Creative Arts & Media,Mid-Level,Phase 3,Specialized,250000,800000,30,9,9,Very High,28,Very High
WK2363,Theatre Director,Creative Arts & Media,Senior,Phase 3,Specialized,500000,2000000,30,6,9,Medium,18,Medium
WK2364,Stage Manager,Creative Arts & Media,Mid-Level,Phase 3,Specialized,350000,1000000,20,6,7,Medium,18,Low
WK2365,Drama Teacher,Creative Arts & Media,Mid-Level,Phase 3,Specialized,300000,800000,30,8,9,High,18,High
WK2366,Playwright,Creative Arts & Media,Mid-Level,Phase 3,Specialized,300000,1500000,90,8,9,Medium,18,Very High
WK2367,Musical Theatre Performer,Creative Arts & Media,Mid-Level,Phase 3,Specialized,350000,1800000,20,6,9,Low,15,Medium
WK2368,Stand-up Comedian,Creative Arts & Media,Mid-Level,Phase 3,Specialized,300000,2500000,40,8,10,High,30,Very High
WK2369,Improv Artist,Creative Arts & Media,Mid-Level,Phase 3,Specialized,250000,1500000,40,8,9,Medium,25,High
WK2370,Mime Artist,Creative Arts & Media,Mid-Level,Phase 3,Specialized,200000,1000000,30,8,9,Low,12,High
WK2371,Clown,Creative Arts & Media,Mid-Level,Phase 3,Specialized,200000,800000,20,8,9,Low,15,Medium
WK2372,Ventriloquist,Creative Arts & Media,Mid-Level,Phase 3,Specialized,250000,1200000,40,8,9,Low,15,High
WK2373,Magic Performer,Creative Arts & Media,Mid-Level,Phase 3,Specialized,300000,1800000,30,8,9,Medium,20,Very High
WK2374,Circus Performer,Creative Arts & Media,Mid-Level,Phase 3,Specialized,300000,1500000,10,5,9,Low,12,Low
WK2375,Acrobat,Creative Arts & Media,Mid-Level,Phase 3,Specialized,300000,1500000,10,5,9,Low,15,Low
WK2376,Trapeze Artist,Creative Arts & Media,Mid-Level,Phase 3,Specialized,350000,1800000,10,4,9,Low,12,Low
WK2377,Fire Performer,Creative Arts & Media,Mid-Level,Phase 3,Specialized,250000,1200000,20,7,9,Low,18,High
WK2378,Stunt Performer,Creative Arts & Media,Mid-Level,Phase 3,Specialized,400000,2000000,10,4,8,Medium,20,Medium
WK2379,Opera Performer,Creative Arts & Media,Senior,Phase 3,Specialized,500000,2500000,20,6,10,Low,10,Low
WK2380,Puppeteer,Creative Arts & Media,Mid-Level,Phase 3,Specialized,250000,1000000,40,8,9,Low,15,High
WK2381,Street Performer,Creative Arts & Media,Junior,Phase 3,Specialized,200000,1000000,50,9,9,Medium,20,Very High
WK2382,Wedding Performer,Creative Arts & Media,Mid-Level,Phase 3,Specialized,300000,1500000,20,7,8,High,22,Very High
WK2383,Event Entertainer,Creative Arts & Media,Mid-Level,Phase 3,Specialized,300000,1500000,30,7,8,High,25,Very High
WK2384,Casting Director,Creative Arts & Media,Senior,Phase 3,Specialized,500000,1800000,50,6,8,Medium,18,Medium
WK2385,Acting Coach,Creative Arts & Media,Senior,Phase 3,Specialized,400000,1500000,60,8,9,High,20,High
WK2386,Dialogue Coach,Creative Arts & Media,Mid-Level,Phase 3,Specialized,350000,1200000,60,8,8,Medium,18,High
WK2387,Movement Director,Creative Arts & Media,Senior,Phase 3,Specialized,400000,1400000,50,7,9,Medium,20,Medium
WK2388,Novelist,Creative Arts & Media,Mid-Level,Phase 3,Specialized,300000,2000000,95,9,10,Medium,18,Very High
WK2389,Short Story Writer,Creative Arts & Media,Mid-Level,Phase 3,Specialized,250000,1500000,95,9,10,Low,15,Very High
WK2390,Poet,Creative Arts & Media,Mid-Level,Phase 3,Specialized,200000,1000000,95,9,10,Low,12,Very High
WK2391,Children's Book Author,Creative Arts & Media,Mid-Level,Phase 3,Specialized,300000,1800000,95,9,10,Medium,20,Very High
WK2392,Science Fiction Writer,Creative Arts & Media,Mid-Level,Phase 3,Specialized,300000,1800000,95,9,10,Medium,22,Very High
WK2393,Fantasy Writer,Creative Arts & Media,Mid-Level,Phase 3,Specialized,300000,2000000,95,9,10,High,25,Very High
WK2394,Romance Writer,Creative Arts & Media,Mid-Level,Phase 3,Specialized,300000,1500000,95,9,10,High,22,Very High
WK2395,Mystery Writer,Creative Arts & Media,Mid-Level,Phase 3,Specialized,300000,1800000,95,9,10,Medium,20,Very High
WK2396,Screenwriter,Creative Arts & Media,Senior,Phase 3,Specialized,500000,3000000,80,7,9,High,25,High
WK2397,Dialogue Writer,Creative Arts & Media,Mid-Level,Phase 3,Specialized,400000,2000000,85,8,9,High,22,High
WK2398,Script Doctor,Creative Arts & Media,Senior,Phase 3,Specialized,600000,2500000,90,7,9,Medium,20,High
WK2399,Television Writer,Creative Arts & Media,Mid-Level,Phase 3,Specialized,500000,2500000,70,7,9,High,25,Medium
WK2400,Web Series Writer,Creative Arts & Media,Mid-Level,Phase 3,Specialized,400000,2000000,90,8,9,Very High,35,Very High
WK2401,Content Writer,Creative Arts & Media,Mid-Level,Phase 3,Specialized,300000,900000,95,8,8,Very High,28,Very High
WK2402,Copywriter,Creative Arts & Media,Mid-Level,Phase 3,Specialized,350000,1200000,90,8,8,Very High,30,Very High
WK2403,Technical Writer,Creative Arts & Media,Mid-Level,Phase 3,Specialized,400000,1200000,90,8,7,High,22,High
WK2404,Grant Writer,Creative Arts & Media,Mid-Level,Phase 3,Specialized,400000,1200000,80,8,8,High,20,High
WK2405,Speechwriter,Creative Arts & Media,Senior,Phase 3,Specialized,500000,1800000,85,7,8,Medium,18,High
WK2406,Editor,Creative Arts & Media,Senior,Phase 3,Specialized,500000,1500000,80,7,8,High,18,Medium
WK2407,Copy Editor,Creative Arts & Media,Mid-Level,Phase 3,Specialized,350000,1000000,90,8,8,High,18,High
WK2408,Proofreader,Creative Arts & Media,Mid-Level,Phase 3,Specialized,300000,800000,95,9,8,High,15,Very High
WK2409,Literary Agent,Creative Arts & Media,Senior,Phase 3,Specialized,500000,2000000,70,7,8,Medium,18,Medium
WK2410,Publisher,Creative Arts & Media,Executive,Phase 3,Specialized,800000,3000000,60,6,8,Medium,15,Low
WK2411,Blogger,Creative Arts & Media,Mid-Level,Phase 3,Specialized,250000,1500000,100,9,9,Very High,30,Very High
WK2412,Freelance Writer,Creative Arts & Media,Mid-Level,Phase 3,Specialized,300000,1500000,100,9,9,Very High,28,Very High
WK2413,Ghost Writer,Creative Arts & Media,Mid-Level,Phase 3,Specialized,400000,2000000,95,8,8,High,22,Very High
WK2414,Travel Writer,Creative Arts & Media,Mid-Level,Phase 3,Specialized,300000,1500000,85,9,10,Medium,20,Very High
WK2415,Food Writer,Creative Arts & Media,Mid-Level,Phase 3,Specialized,300000,1200000,90,9,9,Medium,22,Very High
WK2416,Comic Book Writer,Creative Arts & Media,Mid-Level,Phase 3,Specialized,350000,1800000,95,8,10,High,28,Very High
WK2417,Video Game Writer,Creative Arts & Media,Mid-Level,Phase 3,Specialized,500000,1800000,85,7,9,Very High,32,High
WK2418,Film Director,Creative Arts & Media,Senior,Phase 3,Specialized,800000,5000000,40,4,10,High,22,Medium
WK2419,Assistant Director,Creative Arts & Media,Mid-Level,Phase 3,Specialized,400000,1500000,30,5,8,High,22,Low
WK2420,Documentary Filmmaker,Creative Arts & Media,Mid-Level,Phase 3,Specialized,400000,2000000,50,6,9,Medium,20,High
WK2421,Music Video Director,Creative Arts & Media,Mid-Level,Phase 3,Specialized,500000,2500000,50,6,9,High,25,High
WK2422,Commercial Director,Creative Arts & Media,Senior,Phase 3,Specialized,700000,3000000,50,5,8,High,28,Medium
WK2423,Film Producer,Creative Arts & Media,Executive,Phase 3,Specialized,1000000,5000000,50,4,9,High,20,Low
WK2424,Line Producer,Creative Arts & Media,Senior,Phase 3,Specialized,600000,2000000,40,5,7,Medium,18,Low
WK2425,Executive Producer,Creative Arts & Media,Executive,Phase 3,Specialized,1200000,6000000,60,5,9,Medium,20,Low
WK2426,Production Manager,Creative Arts & Media,Mid-Level,Phase 3,Specialized,400000,1200000,30,6,7,High,20,Low
WK2427,Production Coordinator,Creative Arts & Media,Mid-Level,Phase 3,Specialized,350000,1000000,40,6,7,High,20,Medium
WK2428,Cinematographer,Creative Arts & Media,Senior,Phase 3,Specialized,700000,3000000,30,5,9,High,25,Medium
WK2429,Director of Photography,Creative Arts & Media,Senior,Phase 3,Specialized,800000,3500000,30,5,9,High,25,Low
WK2430,Camera Operator,Creative Arts & Media,Mid-Level,Phase 3,Specialized,400000,1500000,30,6,8,High,22,Medium
WK2431,Steadicam Operator,Creative Arts & Media,Senior,Phase 3,Specialized,500000,1800000,20,6,8,Medium,20,Medium
WK2432,Drone Cinematographer,Creative Arts & Media,Mid-Level,Phase 3,Specialized,450000,1600000,40,7,9,Very High,35,High
WK2433,Video Editor,Creative Arts & Media,Mid-Level,Phase 3,Specialized,400000,1500000,85,7,8,Very High,28,Very High
WK2434,Film Editor,Creative Arts & Media,Senior,Phase 3,Specialized,600000,2500000,70,6,9,High,25,Medium
WK2435,Colorist,Creative Arts & Media,Senior,Phase 3,Specialized,600000,2000000,80,7,8,High,25,High
WK2436,Visual Effects Artist,Creative Arts & Media,Mid-Level,Phase 3,Specialized,500000,2000000,90,7,9,Very High,35,High
WK2437,VFX Supervisor,Creative Arts & Media,Senior,Phase 3,Specialized,800000,3000000,70,6,9,High,30,Medium
WK2438,Motion Graphics Designer,Creative Arts & Media,Mid-Level,Phase 3,Specialized,450000,1600000,90,8,9,Very High,32,Very High
WK2439,Compositor,Creative Arts & Media,Mid-Level,Phase 3,Specialized,500000,1800000,90,7,8,High,28,High
WK2440,Sound Designer,Creative Arts & Media,Mid-Level,Phase 3,Specialized,400000,1500000,70,7,9,High,25,High
WK2441,Foley Artist,Creative Arts & Media,Mid-Level,Phase 3,Specialized,350000,1200000,50,7,9,Medium,20,Medium
WK2442,Boom Operator,Creative Arts & Media,Mid-Level,Phase 3,Specialized,300000,1000000,10,6,7,Medium,18,Low
WK2443,Sound Mixer,Creative Arts & Media,Senior,Phase 3,Specialized,500000,1800000,50,7,8,High,22,Medium
WK2444,Production Designer,Creative Arts & Media,Senior,Phase 3,Specialized,600000,2500000,40,6,9,High,25,Medium
WK2445,Art Director,Creative Arts & Media,Senior,Phase 3,Specialized,700000,2500000,50,6,9,High,25,Medium
WK2446,Set Designer,Creative Arts & Media,Mid-Level,Phase 3,Specialized,400000,1500000,40,7,9,High,22,Medium
WK2447,Prop Master,Creative Arts & Media,Mid-Level,Phase 3,Specialized,350000,1200000,30,7,8,Medium,18,Medium
WK2448,Costume Designer,Creative Arts & Media,Mid-Level,Phase 3,Specialized,400000,1800000,50,7,9,High,22,High
WK2449,Makeup Artist (Film),Creative Arts & Media,Mid-Level,Phase 3,Specialized,350000,1500000,30,7,9,High,25,High
WK2450,Special Effects Makeup Artist,Creative Arts & Media,Mid-Level,Phase 3,Specialized,450000,1800000,40,7,9,High,28,High
WK2451,Storyboard Artist,Creative Arts & Media,Mid-Level,Phase 3,Specialized,400000,1500000,90,8,9,High,25,Very High
WK2452,Script Supervisor,Creative Arts & Media,Mid-Level,Phase 3,Specialized,350000,1200000,30,7,8,Medium,18,Medium
WK2453,Gaffer,Creative Arts & Media,Mid-Level,Phase 3,Specialized,400000,1400000,20,6,8,Medium,20,Low
WK2454,Grip,Creative Arts & Media,Mid-Level,Phase 3,Specialized,300000,1000000,10,6,7,Medium,18,Low
WK2455,Location Manager,Creative Arts & Media,Mid-Level,Phase 3,Specialized,400000,1400000,40,6,7,Medium,20,Medium
WK2456,Film Critic,Creative Arts & Media,Mid-Level,Phase 3,Specialized,350000,1200000,90,8,9,Medium,18,High
WK2457,Film Distributor,Creative Arts & Media,Senior,Phase 3,Specialized,600000,2500000,60,6,8,Medium,18,Medium
WK2458,YouTube Content Creator,Creative Arts & Media,Mid-Level,Phase 3,Specialized,300000,3000000,95,9,9,Very High,40,Very High
WK2459,TikTok Creator,Creative Arts & Media,Mid-Level,Phase 3,Specialized,250000,2500000,95,9,9,Very High,45,Very High
WK2460,Instagram Content Creator,Creative Arts & Media,Mid-Level,Phase 3,Specialized,300000,2500000,95,9,9,Very High,40,Very High
WK2461,Podcast Producer,Creative Arts & Media,Mid-Level,Phase 3,Specialized,350000,1500000,90,8,9,Very High,38,Very High
WK2462,Professional Cricket Player,Sports & Fitness,Mid-Level,Phase 3,Specialized,500000,5000000,20,5,9,Very High,20,Very Low
WK2463,Test Cricket Player,Sports & Fitness,Senior,Phase 3,Specialized,1000000,10000000,15,4,10,High,18,Very Low
WK2464,ODI Cricket Player,Sports & Fitness,Mid-Level,Phase 3,Specialized,800000,8000000,15,5,9,Very High,20,Very Low
WK2465,T20 Cricket Player,Sports & Fitness,Mid-Level,Phase 3,Specialized,600000,6000000,20,5,9,Very High,25,Very Low
WK2466,IPL Player,Sports & Fitness,Mid-Level,Phase 3,Specialized,1000000,15000000,25,6,10,Very High,30,Very Low
WK2467,Professional Footballer,Sports & Fitness,Mid-Level,Phase 3,Specialized,400000,3000000,10,5,9,Very High,28,Very Low
WK2468,ISL Football Player,Sports & Fitness,Mid-Level,Phase 3,Specialized,500000,5000000,15,5,9,High,30,Very Low
WK2469,Football Striker,Sports & Fitness,Mid-Level,Phase 3,Specialized,500000,4000000,10,5,9,High,25,Very Low
WK2470,Football Midfielder,Sports & Fitness,Mid-Level,Phase 3,Specialized,450000,3500000,10,5,9,High,25,Very Low
WK2471,Football Defender,Sports & Fitness,Mid-Level,Phase 3,Specialized,400000,3000000,10,5,9,High,25,Very Low
WK2472,Football Goalkeeper,Sports & Fitness,Mid-Level,Phase 3,Specialized,450000,3500000,10,5,9,High,25,Very Low
WK2473,Professional Basketball Player,Sports & Fitness,Mid-Level,Phase 3,Specialized,400000,3000000,10,5,9,High,30,Very Low
WK2474,NBA Player (India Origin),Sports & Fitness,Senior,Phase 3,Specialized,2000000,20000000,10,4,10,Low,35,Very Low
WK2475,Professional Badminton Player,Sports & Fitness,Mid-Level,Phase 3,Specialized,400000,3000000,20,5,9,High,22,Very Low
WK2476,National Badminton Player,Sports & Fitness,Mid-Level,Phase 3,Specialized,500000,4000000,20,5,9,High,22,Very Low
WK2477,International Badminton Player,Sports & Fitness,Senior,Phase 3,Specialized,1000000,8000000,25,4,10,Medium,20,Very Low
WK2478,Professional Tennis Player,Sports & Fitness,Mid-Level,Phase 3,Specialized,500000,5000000,25,5,9,Medium,18,Very Low
WK2479,ATP Tennis Player,Sports & Fitness,Senior,Phase 3,Specialized,1000000,10000000,30,4,10,Low,15,Very Low
WK2480,WTA Tennis Player,Sports & Fitness,Senior,Phase 3,Specialized,1000000,10000000,30,4,10,Low,15,Very Low
WK2481,Professional Table Tennis Player,Sports & Fitness,Mid-Level,Phase 3,Specialized,300000,2000000,20,6,9,Medium,20,Very Low
WK2482,Field Hockey Player,Sports & Fitness,Mid-Level,Phase 3,Specialized,400000,3000000,10,5,9,High,22,Very Low
WK2483,Ice Hockey Player,Sports & Fitness,Mid-Level,Phase 3,Specialized,400000,3000000,10,5,9,Low,20,Very Low
WK2484,Professional Athlete (Track & Field),Sports & Fitness,Mid-Level,Phase 3,Specialized,300000,2500000,20,6,9,Medium,20,Very Low
WK2485,Sprinter,Sports & Fitness,Mid-Level,Phase 3,Specialized,300000,2500000,20,6,9,Medium,18,Very Low
WK2486,Marathon Runner,Sports & Fitness,Mid-Level,Phase 3,Specialized,300000,2000000,30,7,9,High,22,Very Low
WK2487,Long Distance Runner,Sports & Fitness,Mid-Level,Phase 3,Specialized,300000,2000000,30,7,9,High,22,Very Low
WK2488,High Jumper,Sports & Fitness,Mid-Level,Phase 3,Specialized,250000,2000000,20,6,9,Low,18,Very Low
WK2489,Long Jumper,Sports & Fitness,Mid-Level,Phase 3,Specialized,250000,2000000,20,6,9,Low,18,Very Low
WK2490,Pole Vaulter,Sports & Fitness,Mid-Level,Phase 3,Specialized,250000,2000000,20,6,9,Low,18,Very Low
WK2491,Javelin Thrower,Sports & Fitness,Mid-Level,Phase 3,Specialized,250000,2000000,20,6,9,Medium,20,Very Low
WK2492,Discus Thrower,Sports & Fitness,Mid-Level,Phase 3,Specialized,250000,2000000,20,6,9,Low,18,Very Low
WK2493,Shot Put Athlete,Sports & Fitness,Mid-Level,Phase 3,Specialized,250000,2000000,20,6,9,Low,18,Very Low
WK2494,Professional Swimmer,Sports & Fitness,Mid-Level,Phase 3,Specialized,300000,2500000,20,6,9,Medium,22,Very Low
WK2495,Olympic Swimmer,Sports & Fitness,Senior,Phase 3,Specialized,500000,5000000,25,5,10,Low,20,Very Low
WK2496,Freestyle Swimmer,Sports & Fitness,Mid-Level,Phase 3,Specialized,300000,2500000,20,6,9,Medium,22,Very Low
WK2497,Backstroke Swimmer,Sports & Fitness,Mid-Level,Phase 3,Specialized,300000,2500000,20,6,9,Medium,22,Very Low
WK2498,Professional Boxer,Sports & Fitness,Mid-Level,Phase 3,Specialized,300000,3000000,10,4,8,Medium,22,Very Low
WK2499,MMA Fighter,Sports & Fitness,Mid-Level,Phase 3,Specialized,400000,4000000,15,4,8,High,30,Low
WK2500,Kickboxer,Sports & Fitness,Mid-Level,Phase 3,Specialized,300000,2500000,15,4,8,Medium,25,Low
WK2501,Professional Wrestler (WWE),Sports & Fitness,Mid-Level,Phase 3,Specialized,500000,5000000,20,4,9,Medium,22,Very Low
WK2502,Karate Professional,Sports & Fitness,Mid-Level,Phase 3,Specialized,250000,2000000,30,6,9,Medium,20,Medium
WK2503,Judo Professional,Sports & Fitness,Mid-Level,Phase 3,Specialized,250000,2000000,30,6,9,Medium,20,Medium
WK2504,Taekwondo Professional,Sports & Fitness,Mid-Level,Phase 3,Specialized,250000,2000000,30,6,9,Medium,20,Medium
WK2505,Pro Kabaddi Player,Sports & Fitness,Mid-Level,Phase 3,Specialized,400000,4000000,15,5,9,Very High,35,Very Low
WK2506,Professional Golfer,Sports & Fitness,Senior,Phase 3,Specialized,500000,5000000,30,7,9,Medium,18,Very Low
WK2507,PGA Golfer,Sports & Fitness,Senior,Phase 3,Specialized,1000000,10000000,35,6,10,Low,15,Very Low
WK2508,Professional Shooter,Sports & Fitness,Mid-Level,Phase 3,Specialized,300000,2500000,20,7,9,Medium,20,Very Low
WK2509,Olympic Shooter,Sports & Fitness,Senior,Phase 3,Specialized,400000,3500000,25,6,9,Medium,18,Very Low
WK2510,Professional Archer,Sports & Fitness,Mid-Level,Phase 3,Specialized,250000,2000000,20,7,9,Low,18,Very Low
WK2511,Professional Gymnast,Sports & Fitness,Mid-Level,Phase 3,Specialized,300000,2500000,15,5,9,Low,18,Very Low
WK2512,Artistic Gymnast,Sports & Fitness,Mid-Level,Phase 3,Specialized,300000,2500000,15,5,9,Low,18,Very Low
WK2513,Chess Grandmaster,Sports & Fitness,Senior,Phase 3,Specialized,500000,5000000,90,8,10,High,20,Medium
WK2514,Professional Chess Player,Sports & Fitness,Mid-Level,Phase 3,Specialized,300000,3000000,90,8,10,High,22,Medium
WK2515,Esports Professional,Sports & Fitness,Mid-Level,Phase 3,Specialized,400000,4000000,95,6,9,Very High,45,Medium
WK2516,PUBG Mobile Professional,Sports & Fitness,Mid-Level,Phase 3,Specialized,400000,3500000,95,6,9,Very High,45,Medium
WK2517,CS:GO Professional Player,Sports & Fitness,Mid-Level,Phase 3,Specialized,500000,4000000,95,6,9,Very High,42,Medium
WK2518,Dota 2 Professional Player,Sports & Fitness,Mid-Level,Phase 3,Specialized,600000,5000000,95,6,9,High,40,Low
WK2519,League of Legends Pro,Sports & Fitness,Mid-Level,Phase 3,Specialized,500000,4500000,95,6,9,High,42,Medium
WK2520,Valorant Professional,Sports & Fitness,Mid-Level,Phase 3,Specialized,400000,3500000,95,7,9,Very High,48,Medium
WK2521,Cricket Coach,Sports & Fitness,Senior,Phase 3,Specialized,400000,1500000,30,7,9,Very High,22,Medium
WK2522,Football Coach,Sports & Fitness,Senior,Phase 3,Specialized,500000,2000000,30,6,9,Very High,25,Medium
WK2523,Basketball Coach,Sports & Fitness,Mid-Level,Phase 3,Specialized,350000,1400000,30,7,9,High,28,Medium
WK2524,Badminton Coach,Sports & Fitness,Mid-Level,Phase 3,Specialized,350000,1300000,40,7,9,High,22,High
WK2525,Tennis Coach,Sports & Fitness,Mid-Level,Phase 3,Specialized,400000,1500000,40,7,9,High,20,High
WK2526,Swimming Coach,Sports & Fitness,Mid-Level,Phase 3,Specialized,350000,1200000,30,7,9,High,22,Medium
WK2527,Athletics Coach,Sports & Fitness,Senior,Phase 3,Specialized,400000,1500000,30,7,9,High,20,Medium
WK2528,Boxing Coach,Sports & Fitness,Mid-Level,Phase 3,Specialized,300000,1200000,20,7,8,Medium,22,Medium
WK2529,Martial Arts Instructor,Sports & Fitness,Mid-Level,Phase 3,Specialized,300000,1000000,40,8,9,High,25,High
WK2530,Karate Instructor,Sports & Fitness,Mid-Level,Phase 3,Specialized,300000,1000000,40,8,9,High,22,High
WK2531,Taekwondo Instructor,Sports & Fitness,Mid-Level,Phase 3,Specialized,300000,1000000,40,8,9,High,22,High
WK2532,Judo Instructor,Sports & Fitness,Mid-Level,Phase 3,Specialized,300000,1000000,40,8,9,Medium,20,High
WK2533,Golf Instructor,Sports & Fitness,Mid-Level,Phase 3,Specialized,400000,1500000,40,8,9,Medium,20,High
WK2534,Gymnastics Coach,Sports & Fitness,Mid-Level,Phase 3,Specialized,300000,1200000,30,7,9,Medium,20,Medium
WK2535,Personal Trainer,Sports & Fitness,Mid-Level,Phase 3,Specialized,300000,1000000,40,8,9,Very High,28,Very High
WK2536,Fitness Coach,Sports & Fitness,Mid-Level,Phase 3,Specialized,300000,1000000,40,8,9,Very High,28,Very High
WK2537,Strength & Conditioning Coach,Sports & Fitness,Senior,Phase 3,Specialized,450000,1600000,40,7,9,Very High,30,High
WK2538,CrossFit Coach,Sports & Fitness,Mid-Level,Phase 3,Specialized,350000,1200000,30,7,9,Very High,32,High
WK2539,Pilates Instructor,Sports & Fitness,Mid-Level,Phase 3,Specialized,300000,1000000,40,8,9,Very High,28,Very High
WK2540,Aerobics Instructor,Sports & Fitness,Mid-Level,Phase 3,Specialized,250000,800000,30,8,9,High,22,Very High
WK2541,Spinning Instructor,Sports & Fitness,Mid-Level,Phase 3,Specialized,250000,800000,30,8,9,High,25,High
WK2542,HIIT Trainer,Sports & Fitness,Mid-Level,Phase 3,Specialized,300000,1000000,40,8,9,Very High,35,Very High
WK2543,Yoga Instructor,Sports & Fitness,Mid-Level,Phase 3,Specialized,300000,1000000,60,9,10,Very High,25,Very High
WK2544,Yoga Teacher,Sports & Fitness,Mid-Level,Phase 3,Specialized,300000,1000000,60,9,10,Very High,25,Very High
WK2545,Ashtanga Yoga Instructor,Sports & Fitness,Mid-Level,Phase 3,Specialized,300000,1200000,60,9,10,High,22,Very High
WK2546,Vinyasa Yoga Instructor,Sports & Fitness,Mid-Level,Phase 3,Specialized,300000,1200000,60,9,10,Very High,25,Very High
WK2547,Hatha Yoga Instructor,Sports & Fitness,Mid-Level,Phase 3,Specialized,300000,1000000,60,9,10,High,22,Very High
WK2548,Kundalini Yoga Instructor,Sports & Fitness,Mid-Level,Phase 3,Specialized,300000,1200000,60,9,10,Medium,20,Very High
WK2549,Meditation Teacher,Sports & Fitness,Mid-Level,Phase 3,Specialized,300000,1000000,80,9,10,Very High,28,Very High
WK2550,Athletic Trainer,Sports & Fitness,Mid-Level,Phase 3,Specialized,350000,1200000,30,7,8,High,22,Medium
WK2551,Sports Performance Coach,Sports & Fitness,Senior,Phase 3,Specialized,500000,1800000,40,7,9,High,25,Medium
WK2552,Speed & Agility Coach,Sports & Fitness,Mid-Level,Phase 3,Specialized,400000,1400000,40,7,9,High,28,High
WK2553,Sports Skills Trainer,Sports & Fitness,Mid-Level,Phase 3,Specialized,350000,1300000,40,7,9,High,25,High
WK2554,Esports Coach,Sports & Fitness,Mid-Level,Phase 3,Specialized,400000,1500000,90,7,9,Very High,45,High
WK2555,Chess Coach,Sports & Fitness,Mid-Level,Phase 3,Specialized,300000,1200000,90,8,9,High,22,Very High
WK2556,Sports Medicine Doctor,Sports & Fitness,Senior,Phase 3,Specialized,1000000,3500000,30,6,9,High,25,Low
WK2557,Sports Physician,Sports & Fitness,Senior,Phase 3,Specialized,1000000,3500000,30,6,9,High,25,Low
WK2558,Orthopedic Sports Surgeon,Sports & Fitness,Executive,Phase 3,Specialized,1500000,5000000,20,5,9,High,22,Very Low
WK2559,Sports Physiotherapist,Sports & Fitness,Mid-Level,Phase 3,Specialized,400000,1400000,40,7,9,Very High,28,High
WK2560,Sports Rehabilitation Specialist,Sports & Fitness,Mid-Level,Phase 3,Specialized,450000,1500000,40,7,9,High,28,High
WK2561,Sports Chiropractor,Sports & Fitness,Mid-Level,Phase 3,Specialized,500000,1600000,40,7,9,High,25,High
WK2562,Sports Massage Therapist,Sports & Fitness,Mid-Level,Phase 3,Specialized,300000,1000000,50,8,9,High,25,Very High
WK2563,Athletic Therapist,Sports & Fitness,Mid-Level,Phase 3,Specialized,400000,1300000,40,7,9,High,25,Medium
WK2564,Sports Nutritionist,Sports & Fitness,Mid-Level,Phase 3,Specialized,400000,1400000,70,8,9,Very High,30,Very High
WK2565,Sports Dietitian,Sports & Fitness,Mid-Level,Phase 3,Specialized,400000,1400000,70,8,9,Very High,30,Very High
WK2566,Performance Nutritionist,Sports & Fitness,Senior,Phase 3,Specialized,500000,1800000,70,7,9,High,28,High
WK2567,Sports Psychologist,Sports & Fitness,Senior,Phase 3,Specialized,600000,2000000,70,8,10,High,28,High
WK2568,Mental Performance Coach,Sports & Fitness,Mid-Level,Phase 3,Specialized,500000,1600000,80,8,9,High,30,High
WK2569,Sports Counselor,Sports & Fitness,Mid-Level,Phase 3,Specialized,400000,1300000,70,8,9,Medium,25,High
WK2570,Sports Scientist,Sports & Fitness,Senior,Phase 3,Specialized,600000,2000000,50,7,9,High,28,Medium
WK2571,Exercise Physiologist,Sports & Fitness,Mid-Level,Phase 3,Specialized,450000,1500000,60,7,9,High,28,High
WK2572,Biomechanist,Sports & Fitness,Senior,Phase 3,Specialized,600000,2000000,60,7,9,High,25,Medium
WK2573,Sports Kinesiologist,Sports & Fitness,Mid-Level,Phase 3,Specialized,450000,1500000,60,7,9,Medium,25,High
WK2574,Sports Performance Analyst,Sports & Fitness,Mid-Level,Phase 3,Specialized,500000,1600000,70,7,8,Very High,32,High
WK2575,Sports Data Analyst,Sports & Fitness,Mid-Level,Phase 3,Specialized,500000,1600000,80,7,8,Very High,35,High
WK2576,Sports Podiatrist,Sports & Fitness,Mid-Level,Phase 3,Specialized,500000,1600000,40,7,9,Medium,22,Medium
WK2577,Sports Optometrist,Sports & Fitness,Mid-Level,Phase 3,Specialized,500000,1600000,50,7,8,Low,20,Medium
WK2578,Sports Dentist,Sports & Fitness,Mid-Level,Phase 3,Specialized,600000,2000000,50,7,9,Low,20,Low
WK2579,Fitness Assessor,Sports & Fitness,Mid-Level,Phase 3,Specialized,350000,1100000,50,8,8,High,25,High
WK2580,Body Composition Specialist,Sports & Fitness,Mid-Level,Phase 3,Specialized,350000,1100000,60,8,8,High,28,High
WK2581,Functional Movement Specialist,Sports & Fitness,Mid-Level,Phase 3,Specialized,400000,1300000,50,8,9,High,28,High
WK2582,Recovery Coach,Sports & Fitness,Mid-Level,Phase 3,Specialized,350000,1200000,60,8,9,High,30,High
WK2583,Cryotherapy Specialist,Sports & Fitness,Mid-Level,Phase 3,Specialized,300000,1000000,40,8,8,Medium,25,Medium
WK2584,Sports Sleep Specialist,Sports & Fitness,Mid-Level,Phase 3,Specialized,400000,1400000,80,8,9,High,32,High
WK2585,Sports Manager,Sports & Fitness,Senior,Phase 3,Specialized,600000,2000000,50,6,8,High,25,Medium
WK2586,Sports Team Manager,Sports & Fitness,Senior,Phase 3,Specialized,700000,2500000,40,5,8,High,22,Low
WK2587,Sports Director,Sports & Fitness,Executive,Phase 3,Specialized,1000000,3500000,50,5,8,Medium,20,Low
WK2588,Athletic Director,Sports & Fitness,Executive,Phase 3,Specialized,800000,2800000,40,6,8,High,22,Low
WK2589,Sports Club Manager,Sports & Fitness,Senior,Phase 3,Specialized,600000,2000000,40,6,8,Medium,22,Low
WK2590,Gym Manager,Sports & Fitness,Mid-Level,Phase 3,Specialized,400000,1200000,30,7,7,Very High,25,Low
WK2591,Fitness Center Manager,Sports & Fitness,Mid-Level,Phase 3,Specialized,400000,1200000,30,7,7,Very High,28,Medium
WK2592,Sports Marketing Manager,Sports & Fitness,Senior,Phase 3,Specialized,700000,2200000,60,6,8,High,28,Medium
WK2593,Sports Sponsorship Manager,Sports & Fitness,Senior,Phase 3,Specialized,700000,2200000,60,6,8,High,25,Medium
WK2594,Sports Brand Manager,Sports & Fitness,Senior,Phase 3,Specialized,800000,2500000,60,6,8,High,28,Medium
WK2595,Sports Journalist,Sports & Fitness,Mid-Level,Phase 3,Specialized,400000,1300000,70,7,8,High,22,High
WK2596,Sports Commentator,Sports & Fitness,Mid-Level,Phase 3,Specialized,500000,2000000,50,7,9,High,25,High
WK2597,Sports Broadcaster,Sports & Fitness,Mid-Level,Phase 3,Specialized,500000,2000000,40,6,8,High,22,Medium
WK2598,Sports Anchor,Sports & Fitness,Mid-Level,Phase 3,Specialized,500000,1800000,40,6,8,High,22,Medium
WK2599,Sports Agent,Sports & Fitness,Senior,Phase 3,Specialized,600000,3000000,70,6,9,Medium,22,High
WK2600,Sports Event Manager,Sports & Fitness,Mid-Level,Phase 3,Specialized,500000,1600000,40,5,8,High,28,Medium
WK2601,Sports Facility Manager,Sports & Fitness,Mid-Level,Phase 3,Specialized,500000,1500000,30,7,7,High,22,Low
WK2602,Sports Equipment Manager,Sports & Fitness,Mid-Level,Phase 3,Specialized,350000,1100000,40,7,7,Medium,20,Medium
WK2603,Sports Retail Manager,Sports & Fitness,Mid-Level,Phase 3,Specialized,400000,1200000,30,7,7,High,22,Low
WK2604,Sports Technology Specialist,Sports & Fitness,Mid-Level,Phase 3,Specialized,600000,2000000,80,7,8,Very High,40,High
WK2605,Sports Video Analyst,Sports & Fitness,Mid-Level,Phase 3,Specialized,450000,1500000,70,7,8,Very High,35,High
WK2606,Sports Statistician,Sports & Fitness,Mid-Level,Phase 3,Specialized,500000,1600000,80,7,8,High,30,High
WK2607,Sports Photographer,Sports & Fitness,Mid-Level,Phase 3,Specialized,350000,1400000,50,7,9,High,22,Very High
WK2608,Sports Lawyer,Sports & Fitness,Senior,Phase 3,Specialized,800000,3000000,70,6,8,Medium,22,Medium
WK2609,Sports Referee,Sports & Fitness,Mid-Level,Phase 3,Specialized,300000,1200000,20,6,7,High,18,Medium
WK2610,Agricultural Extension Officer,Agriculture & Food Production,Mid-Level,Advocate,"Advocate: 3, Organizer: 2",250000,450000,20,65,70,High,12,Low
WK2611,Organic Farm Manager,Agriculture & Food Production,Manager,Builder,"Builder: 3, Creator: 2",300000,600000,15,70,75,Very High,18,Medium
WK2612,Dairy Farm Supervisor,Agriculture & Food Production,Mid-Level,Organizer,"Organizer: 3, Creator: 2",200000,400000,10,60,65,High,10,Low
WK2613,Food Processing Technician,Agriculture & Food Production,Entry,Builder,"Builder: 3, Thinker: 2",180000,300000,5,55,60,High,14,None
WK2614,Aquaculture Specialist,Agriculture & Food Production,Mid-Level,Thinker,"Thinker: 3, Adventurer: 2",280000,500000,20,65,70,Very High,20,Medium
WK2615,Horticulture Manager,Agriculture & Food Production,Manager,Creator,"Creator: 3, Leader: 2",320000,550000,15,68,72,High,15,Low
WK2616,Agricultural Drone Operator,Agriculture & Food Production,Entry,Adventurer,"Adventurer: 3, Creator: 2",220000,380000,25,70,68,Very High,28,High
WK2617,Precision Agriculture Consultant,Agriculture & Food Production,Senior,Thinker,"Thinker: 3, Leader: 2",450000,800000,40,75,80,Very High,25,High
WK2618,Seed Production Manager,Agriculture & Food Production,Manager,Organizer,"Organizer: 3, Leader: 2",350000,600000,10,62,68,High,12,Low
WK2619,Food Safety Inspector,Agriculture & Food Production,Mid-Level,Organizer,"Organizer: 3, Builder: 2",280000,480000,15,70,72,High,10,None
WK2620,Agricultural Loan Officer,Agriculture & Food Production,Mid-Level,Connector,"Connector: 3, Organizer: 2",300000,550000,35,72,70,High,11,Low
WK2621,Irrigation Engineer,Agriculture & Food Production,Senior,Builder,"Builder: 3, Leader: 2",400000,700000,20,65,68,High,13,Medium
WK2622,Poultry Farm Manager,Agriculture & Food Production,Manager,Organizer,"Organizer: 3, Creator: 2",280000,500000,5,58,62,High,9,Low
WK2623,Agri-Business Development Manager,Agriculture & Food Production,Manager,Leader,"Leader: 3, Thinker: 2",450000,850000,45,70,75,Very High,16,Medium
WK2624,Crop Insurance Assessor,Agriculture & Food Production,Mid-Level,Thinker,"Thinker: 3, Builder: 2",250000,450000,30,68,70,High,12,Medium
WK2625,Mushroom Cultivation Specialist,Agriculture & Food Production,Mid-Level,Builder,"Builder: 3, Connector: 2",200000,380000,15,65,72,Very High,22,High
WK2626,Agricultural Microbiologist,Agriculture & Food Production,Senior,Thinker,"Thinker: 3, Caregiver: 2",420000,750000,25,72,75,High,14,Low
WK2627,Farm Equipment Technician,Agriculture & Food Production,Entry,Builder,"Builder: 3, Connector: 2",180000,320000,5,60,65,High,11,Low
WK2628,Organic Certification Auditor,Agriculture & Food Production,Mid-Level,Organizer,"Organizer: 3, Caregiver: 2",300000,520000,35,70,72,Very High,18,High
WK2629,Cold Chain Manager,Agriculture & Food Production,Manager,Organizer,"Organizer: 3, Adventurer: 2",380000,650000,15,62,68,Very High,15,Low
WK2630,Agronomist,Agriculture & Food Production,Senior,Thinker,"Thinker: 3, Caregiver: 2",400000,720000,25,68,72,High,13,Medium
WK2631,Beekeeping Specialist,Agriculture & Food Production,Mid-Level,Caregiver,"Caregiver: 3, Creator: 2",180000,350000,20,75,78,Medium,15,Very High
WK2632,Food Product Developer,Agriculture & Food Production,Mid-Level,Creator,"Creator: 3, Adventurer: 2",350000,600000,30,70,75,High,16,Medium
WK2633,Greenhouse Manager,Agriculture & Food Production,Manager,Organizer,"Organizer: 3, Adventurer: 2",300000,550000,10,65,70,High,14,Low
WK2634,Agricultural Data Analyst,Agriculture & Food Production,Mid-Level,Thinker,"Thinker: 3, Adventurer: 2",400000,700000,60,78,75,Very High,24,High
WK2635,Soil Scientist,Agriculture & Food Production,Senior,Thinker,"Thinker: 3, Adventurer: 2",420000,750000,30,70,73,High,12,Medium
WK2636,Livestock Nutritionist,Agriculture & Food Production,Mid-Level,Thinker,"Thinker: 3, Connector: 2",320000,580000,20,68,70,High,13,Low
WK2637,Sericulture Officer,Agriculture & Food Production,Mid-Level,Organizer,"Organizer: 3, Thinker: 2",220000,400000,10,65,68,Medium,10,Low
WK2638,Vermicompost Production Manager,Agriculture & Food Production,Entry,Builder,"Builder: 3, Creator: 2",160000,280000,15,68,70,Very High,20,High
WK2639,Agricultural Marketing Specialist,Agriculture & Food Production,Mid-Level,Connector,"Connector: 3, Leader: 2",300000,550000,40,72,70,High,14,Medium
WK2640,Floriculture Expert,Agriculture & Food Production,Mid-Level,Creator,"Creator: 3, Advocate: 2",250000,450000,15,70,75,High,16,Medium
WK2641,Animal Husbandry Officer,Agriculture & Food Production,Mid-Level,Caregiver,"Caregiver: 3, Builder: 2",280000,480000,10,65,70,High,11,None
WK2642,Fruit Processing Manager,Agriculture & Food Production,Manager,Organizer,"Organizer: 3, Thinker: 2",320000,580000,10,62,68,High,13,Low
WK2643,Agricultural Equipment Sales Manager,Agriculture & Food Production,Manager,Connector,"Connector: 3, Organizer: 2",400000,750000,30,68,70,High,12,Low
WK2644,Fisheries Development Officer,Agriculture & Food Production,Mid-Level,Advocate,"Advocate: 3, Organizer: 2",260000,460000,15,65,68,High,14,Low
WK2645,Spice Processing Technician,Agriculture & Food Production,Entry,Organizer,"Organizer: 3, Leader: 2",180000,320000,5,60,65,Medium,11,None
WK2646,Agricultural Quality Control Manager,Agriculture & Food Production,Manager,Organizer,"Organizer: 3, Leader: 2",380000,650000,20,68,70,High,12,Low
WK2647,Rural Warehouse Manager,Agriculture & Food Production,Manager,Organizer,"Organizer: 3, Thinker: 2",280000,500000,5,62,65,High,10,None
WK2648,Tissue Culture Specialist,Agriculture & Food Production,Mid-Level,Thinker,"Thinker: 3, Creator: 2",320000,580000,25,70,72,High,16,Low
WK2649,Agri-Tourism Manager,Agriculture & Food Production,Manager,Connector,"Connector: 3, Organizer: 2",300000,550000,15,72,78,Medium,18,Medium
WK2650,Fertilizer Quality Analyst,Agriculture & Food Production,Mid-Level,Thinker,"Thinker: 3, Connector: 2",280000,480000,20,65,68,High,11,Low
WK2651,Hydroponics Farm Manager,Agriculture & Food Production,Manager,Builder,"Builder: 3, Connector: 2",350000,650000,20,70,75,Very High,26,Medium
WK2652,Agricultural Meteorologist,Agriculture & Food Production,Senior,Thinker,"Thinker: 3, Caregiver: 2",450000,800000,50,75,78,High,15,Medium
WK2653,Tea Estate Manager,Agriculture & Food Production,Manager,Organizer,"Organizer: 3, Thinker: 2",380000,680000,5,60,68,Medium,8,None
WK2654,Coffee Plantation Supervisor,Agriculture & Food Production,Mid-Level,Organizer,"Organizer: 3, Builder: 2",280000,480000,5,62,70,Medium,9,Low
WK2655,Sugar Mill Technician,Agriculture & Food Production,Entry,Builder,"Builder: 3, Adventurer: 2",200000,350000,0,55,60,Medium,8,None
WK2656,Rural Supply Chain Manager,Agriculture & Food Production,Manager,Organizer,"Organizer: 3, Thinker: 2",400000,700000,25,65,68,High,13,Low
WK2657,Pesticide Application Specialist,Agriculture & Food Production,Entry,Builder,"Builder: 3, Advocate: 2",180000,320000,5,58,62,High,10,Low
WK2658,Agricultural Biotechnology Researcher,Agriculture & Food Production,Senior,Thinker,"Thinker: 3, Creator: 2",500000,900000,40,70,75,High,17,Low
WK2659,Grain Storage Manager,Agriculture & Food Production,Manager,Organizer,"Organizer: 3, Leader: 2",300000,520000,5,60,65,High,9,None
WK2660,Agricultural Cooperative Manager,Agriculture & Food Production,Manager,Leader,"Leader: 3, Adventurer: 2",320000,580000,15,68,72,High,11,Low
WK2661,Bamboo Cultivation Specialist,Agriculture & Food Production,Mid-Level,Builder,"Builder: 3, Thinker: 2",220000,400000,15,68,70,Medium,14,Medium
WK2662,Farm-to-Table Coordinator,Agriculture & Food Production,Mid-Level,Connector,"Connector: 3, Organizer: 2",280000,500000,35,72,75,Very High,20,High
WK2663,Agricultural IoT Specialist,Agriculture & Food Production,Senior,Thinker,"Thinker: 3, Caregiver: 2",550000,1000000,65,75,78,Very High,30,High
WK2664,Jaggery Production Manager,Agriculture & Food Production,Entry,Organizer,"Organizer: 3, Builder: 2",180000,320000,5,60,65,Medium,8,Low
WK2665,Agricultural Training Officer,Agriculture & Food Production,Mid-Level,Advocate,"Advocate: 3, Builder: 2",280000,480000,20,70,72,High,12,Medium
WK2666,Vertical Farming Technician,Agriculture & Food Production,Entry,Builder,"Builder: 3, Thinker: 2",220000,400000,25,70,72,Very High,28,Medium
WK2667,Plant Pathologist,Agriculture & Food Production,Senior,Thinker,"Thinker: 3, Advocate: 2",420000,750000,30,70,73,High,13,Low
WK2668,Agricultural Sustainability Consultant,Agriculture & Food Production,Senior,Advocate,"Advocate: 3, Creator: 2",480000,850000,50,75,80,Very High,22,High
WK2669,Fodder Production Specialist,Agriculture & Food Production,Mid-Level,Builder,"Builder: 3, Creator: 2",200000,380000,10,62,65,High,11,Low
WK2670,CNC Machine Operator,Manufacturing & Industrial,Entry,Builder,"Builder: 3, Creator: 2",200000,350000,5,60,65,High,12,None
WK2671,Production Supervisor,Manufacturing & Industrial,Mid-Level,Organizer,"Organizer: 3, Adventurer: 2",320000,580000,10,62,68,High,11,Low
WK2672,Quality Control Inspector,Manufacturing & Industrial,Entry,Organizer,"Organizer: 3, Thinker: 2",220000,380000,15,65,68,High,10,None
WK2673,Industrial Maintenance Engineer,Manufacturing & Industrial,Mid-Level,Builder,"Builder: 3, Organizer: 2",380000,650000,15,62,68,High,12,Low
WK2674,Manufacturing Plant Manager,Manufacturing & Industrial,Manager,Leader,"Leader: 3, Organizer: 2",650000,1200000,20,60,70,High,10,None
WK2675,Assembly Line Worker,Manufacturing & Industrial,Entry,Builder,"Builder: 3, Organizer: 2",180000,300000,0,58,60,High,9,None
WK2676,Industrial Designer,Manufacturing & Industrial,Mid-Level,Creator,"Creator: 3, Caregiver: 2",400000,700000,45,72,75,High,14,High
WK2677,Lean Manufacturing Consultant,Manufacturing & Industrial,Senior,Thinker,"Thinker: 3, Advocate: 2",600000,1100000,50,70,75,High,13,High
WK2678,Automation Engineer,Manufacturing & Industrial,Senior,Thinker,"Thinker: 3, Creator: 2",550000,1000000,35,68,72,Very High,20,Medium
WK2679,Textile Production Manager,Manufacturing & Industrial,Manager,Organizer,"Organizer: 3, Adventurer: 2",380000,680000,10,62,68,Medium,9,Low
WK2680,Welding Supervisor,Manufacturing & Industrial,Mid-Level,Builder,"Builder: 3, Leader: 2",300000,520000,5,60,65,High,10,Low
WK2681,Industrial Safety Officer,Manufacturing & Industrial,Mid-Level,Organizer,"Organizer: 3, Leader: 2",350000,600000,20,70,72,High,11,Low
WK2682,Packaging Designer,Manufacturing & Industrial,Mid-Level,Creator,"Creator: 3, Connector: 2",300000,550000,40,70,72,High,13,High
WK2683,Manufacturing Process Engineer,Manufacturing & Industrial,Senior,Thinker,"Thinker: 3, Builder: 2",500000,900000,30,68,70,High,14,Low
WK2684,Tool and Die Maker,Manufacturing & Industrial,Mid-Level,Builder,"Builder: 3, Leader: 2",320000,580000,5,62,68,High,11,Low
WK2685,Industrial Robotics Technician,Manufacturing & Industrial,Mid-Level,Thinker,"Thinker: 3, Adventurer: 2",400000,720000,20,68,70,Very High,22,Low
WK2686,Foundry Manager,Manufacturing & Industrial,Manager,Organizer,"Organizer: 3, Builder: 2",450000,800000,5,58,65,Medium,8,None
WK2687,Print Production Manager,Manufacturing & Industrial,Manager,Organizer,"Organizer: 3, Adventurer: 2",380000,650000,15,65,68,Medium,9,Low
WK2688,Chemical Process Operator,Manufacturing & Industrial,Entry,Builder,"Builder: 3, Adventurer: 2",250000,450000,5,60,65,High,11,None
WK2689,Supply Chain Coordinator,Manufacturing & Industrial,Mid-Level,Organizer,"Organizer: 3, Builder: 2",350000,620000,40,68,70,Very High,15,Medium
WK2690,Industrial Electrician,Manufacturing & Industrial,Mid-Level,Builder,"Builder: 3, Advocate: 2",300000,550000,10,62,68,High,12,Low
WK2691,Injection Molding Technician,Manufacturing & Industrial,Entry,Builder,"Builder: 3, Organizer: 2",200000,380000,5,60,65,High,11,None
WK2692,Factory Compliance Manager,Manufacturing & Industrial,Manager,Organizer,"Organizer: 3, Thinker: 2",480000,850000,25,65,68,High,10,Low
WK2693,Garment Production Manager,Manufacturing & Industrial,Manager,Organizer,"Organizer: 3, Leader: 2",350000,620000,10,62,68,High,10,Low
WK2694,Industrial Mechanic,Manufacturing & Industrial,Entry,Builder,"Builder: 3, Caregiver: 2",220000,400000,5,60,65,High,11,Low
WK2695,Paint Shop Supervisor,Manufacturing & Industrial,Mid-Level,Organizer,"Organizer: 3, Builder: 2",280000,500000,5,60,65,High,10,None
WK2696,Manufacturing Quality Manager,Manufacturing & Industrial,Manager,Organizer,"Organizer: 3, Creator: 2",550000,950000,20,65,70,High,11,Low
WK2697,Industrial Boiler Operator,Manufacturing & Industrial,Entry,Builder,"Builder: 3, Thinker: 2",200000,350000,0,55,60,High,9,None
WK2698,Metal Fabrication Specialist,Manufacturing & Industrial,Mid-Level,Builder,"Builder: 3, Leader: 2",280000,500000,5,62,68,High,11,Low
WK2699,Production Planning Manager,Manufacturing & Industrial,Manager,Organizer,"Organizer: 3, Thinker: 2",480000,850000,30,65,70,High,12,Low
WK2700,Industrial Painter,Manufacturing & Industrial,Entry,Builder,"Builder: 3, Adventurer: 2",180000,320000,0,58,60,High,9,None
WK2701,Factory Floor Supervisor,Manufacturing & Industrial,Mid-Level,Leader,"Leader: 3, Advocate: 2",320000,580000,5,60,65,High,10,None
WK2702,Inventory Control Specialist,Manufacturing & Industrial,Mid-Level,Organizer,"Organizer: 3, Connector: 2",300000,550000,35,68,70,High,12,Medium
WK2703,Plastic Extrusion Operator,Manufacturing & Industrial,Entry,Builder,"Builder: 3, Advocate: 2",190000,340000,0,58,62,High,10,None
WK2704,Industrial Hygienist,Manufacturing & Industrial,Mid-Level,Caregiver,"Caregiver: 3, Advocate: 2",350000,620000,25,70,72,High,12,Low
WK2705,Manufacturing IT Specialist,Manufacturing & Industrial,Mid-Level,Thinker,"Thinker: 3, Caregiver: 2",450000,800000,50,72,75,Very High,18,Medium
WK2706,Powder Coating Technician,Manufacturing & Industrial,Entry,Builder,"Builder: 3, Caregiver: 2",180000,320000,0,58,62,High,10,None
WK2707,Industrial HVAC Technician,Manufacturing & Industrial,Mid-Level,Builder,"Builder: 3, Caregiver: 2",300000,550000,10,62,68,High,12,Low
WK2708,Warehouse Operations Manager,Manufacturing & Industrial,Manager,Organizer,"Organizer: 3, Thinker: 2",420000,750000,15,62,68,Very High,13,Low
WK2709,Industrial Piping Specialist,Manufacturing & Industrial,Mid-Level,Builder,"Builder: 3, Caregiver: 2",320000,580000,5,60,65,High,11,Low
WK2710,Manufacturing Data Analyst,Manufacturing & Industrial,Mid-Level,Thinker,"Thinker: 3, Connector: 2",420000,750000,60,75,75,Very High,20,High
WK2711,Forklift Operator,Manufacturing & Industrial,Entry,Builder,"Builder: 3, Creator: 2",180000,300000,0,55,60,High,8,None
WK2712,Industrial Plumber,Manufacturing & Industrial,Mid-Level,Builder,"Builder: 3, Adventurer: 2",280000,500000,5,60,65,High,11,Low
WK2713,Product Testing Engineer,Manufacturing & Industrial,Mid-Level,Thinker,"Thinker: 3, Caregiver: 2",400000,700000,25,68,70,High,13,Low
WK2714,Factory Energy Manager,Manufacturing & Industrial,Manager,Thinker,"Thinker: 3, Leader: 2",480000,850000,30,68,72,Very High,16,Medium
WK2715,Industrial Welder,Manufacturing & Industrial,Entry,Builder,"Builder: 3, Adventurer: 2",200000,380000,0,58,65,High,10,Low
WK2716,Batch Production Coordinator,Manufacturing & Industrial,Mid-Level,Organizer,"Organizer: 3, Caregiver: 2",300000,550000,15,65,68,High,11,Low
WK2717,Manufacturing Training Manager,Manufacturing & Industrial,Manager,Advocate,"Advocate: 3, Caregiver: 2",450000,800000,25,70,72,High,12,Low
WK2718,Industrial Instrumentation Technician,Manufacturing & Industrial,Mid-Level,Thinker,"Thinker: 3, Adventurer: 2",350000,620000,15,65,68,High,13,Low
WK2719,Sheet Metal Worker,Manufacturing & Industrial,Entry,Builder,"Builder: 3, Organizer: 2",200000,360000,5,60,65,High,10,Low
WK2720,Electrician,Blue-Collar & Trade,Mid-Level,Builder,"Builder: 3, Leader: 2",280000,500000,10,65,70,Very High,14,High
WK2721,Plumber,Blue-Collar & Trade,Mid-Level,Builder,"Builder: 3, Thinker: 2",250000,480000,15,68,72,Very High,13,High
WK2722,Carpenter,Blue-Collar & Trade,Mid-Level,Builder,"Builder: 3, Organizer: 2",230000,450000,20,70,72,High,12,Very High
WK2723,Mason,Blue-Collar & Trade,Entry,Builder,"Builder: 3, Organizer: 2",200000,380000,5,62,65,High,11,Medium
WK2724,HVAC Technician,Blue-Collar & Trade,Mid-Level,Builder,"Builder: 3, Creator: 2",300000,550000,15,65,68,Very High,15,Medium
WK2725,Automotive Mechanic,Blue-Collar & Trade,Mid-Level,Builder,"Builder: 3, Creator: 2",250000,480000,10,65,70,High,12,Medium
WK2726,Locksmith,Blue-Collar & Trade,Entry,Builder,"Builder: 3, Caregiver: 2",180000,350000,25,70,72,Medium,10,Very High
WK2727,Painter and Decorator,Blue-Collar & Trade,Entry,Creator,"Creator: 3, Caregiver: 2",180000,350000,30,72,75,High,12,Very High
WK2728,Tile Setter,Blue-Collar & Trade,Entry,Builder,"Builder: 3, Creator: 2",200000,380000,10,65,68,High,11,High
WK2729,Pest Control Technician,Blue-Collar & Trade,Entry,Builder,"Builder: 3, Thinker: 2",180000,320000,20,68,68,High,13,Medium
WK2730,Appliance Repair Technician,Blue-Collar & Trade,Mid-Level,Builder,"Builder: 3, Thinker: 2",220000,420000,25,70,70,High,12,High
WK2731,Solar Panel Installer,Blue-Collar & Trade,Entry,Builder,"Builder: 3, Adventurer: 2",220000,400000,15,68,70,Very High,24,Medium
WK2732,Upholsterer,Blue-Collar & Trade,Mid-Level,Creator,"Creator: 3, Caregiver: 2",200000,380000,30,72,75,Medium,10,High
WK2733,Motorcycle Mechanic,Blue-Collar & Trade,Mid-Level,Builder,"Builder: 3, Adventurer: 2",220000,420000,10,65,70,High,11,Medium
WK2734,Glass Installer,Blue-Collar & Trade,Entry,Builder,"Builder: 3, Thinker: 2",180000,340000,10,62,65,High,10,Medium
WK2735,Refrigeration Technician,Blue-Collar & Trade,Mid-Level,Builder,"Builder: 3, Advocate: 2",260000,480000,15,65,68,High,13,Medium
WK2736,Landscape Technician,Blue-Collar & Trade,Entry,Creator,"Creator: 3, Advocate: 2",180000,320000,20,70,75,High,14,High
WK2737,Roofing Specialist,Blue-Collar & Trade,Mid-Level,Builder,"Builder: 3, Leader: 2",240000,450000,10,60,65,High,11,Medium
WK2738,Metal Railing Fabricator,Blue-Collar & Trade,Entry,Builder,"Builder: 3, Adventurer: 2",190000,350000,5,62,65,High,10,Low
WK2739,Elevator Technician,Blue-Collar & Trade,Mid-Level,Builder,"Builder: 3, Organizer: 2",350000,620000,10,62,68,High,12,Low
WK2740,Fire Safety Technician,Blue-Collar & Trade,Mid-Level,Organizer,"Organizer: 3, Advocate: 2",280000,500000,15,68,70,High,13,Low
WK2741,Septic System Installer,Blue-Collar & Trade,Entry,Builder,"Builder: 3, Creator: 2",200000,380000,5,60,65,High,10,Medium
WK2742,Pool Maintenance Technician,Blue-Collar & Trade,Entry,Builder,"Builder: 3, Creator: 2",180000,340000,20,68,70,Medium,12,High
WK2743,Flooring Installer,Blue-Collar & Trade,Entry,Builder,"Builder: 3, Leader: 2",200000,380000,15,65,68,High,11,High
WK2744,Drywall Installer,Blue-Collar & Trade,Entry,Builder,"Builder: 3, Adventurer: 2",190000,360000,5,60,65,High,10,Medium
WK2745,Scaffold Erector,Blue-Collar & Trade,Entry,Builder,"Builder: 3, Advocate: 2",200000,380000,0,55,60,High,9,Low
WK2746,Window Treatment Installer,Blue-Collar & Trade,Entry,Creator,"Creator: 3, Adventurer: 2",180000,340000,25,70,72,Medium,11,High
WK2747,Fence Installer,Blue-Collar & Trade,Entry,Builder,"Builder: 3, Connector: 2",180000,320000,10,62,65,High,10,Medium
WK2748,Two-Wheeler Electrician,Blue-Collar & Trade,Entry,Builder,"Builder: 3, Creator: 2",180000,320000,10,65,68,High,12,Medium
WK2749,Furniture Assembler,Blue-Collar & Trade,Entry,Builder,"Builder: 3, Adventurer: 2",160000,300000,30,68,70,High,11,High
WK2750,Satellite Dish Installer,Blue-Collar & Trade,Entry,Builder,"Builder: 3, Connector: 2",180000,340000,15,65,68,Medium,9,Medium
WK2751,Alarm System Technician,Blue-Collar & Trade,Mid-Level,Thinker,"Thinker: 3, Advocate: 2",250000,460000,20,68,70,High,14,Medium
WK2752,Brick Layer,Blue-Collar & Trade,Entry,Builder,"Builder: 3, Connector: 2",180000,340000,5,60,65,High,10,Medium
WK2753,Ironworker,Blue-Collar & Trade,Mid-Level,Builder,"Builder: 3, Connector: 2",240000,450000,0,55,62,High,10,Low
WK2754,Grinding Machine Operator,Blue-Collar & Trade,Entry,Builder,"Builder: 3, Caregiver: 2",180000,320000,0,58,62,High,9,None
WK2755,Crane Operator,Blue-Collar & Trade,Mid-Level,Builder,"Builder: 3, Adventurer: 2",300000,550000,0,58,65,High,11,Low
WK2756,Diesel Mechanic,Blue-Collar & Trade,Mid-Level,Builder,"Builder: 3, Adventurer: 2",280000,520000,10,62,68,High,12,Medium
WK2757,Equipment Operator,Blue-Collar & Trade,Entry,Builder,"Builder: 3, Creator: 2",220000,400000,5,60,65,High,10,Low
WK2758,Signage Installer,Blue-Collar & Trade,Entry,Builder,"Builder: 3, Leader: 2",180000,340000,15,65,68,Medium,11,Medium
WK2759,Insulation Worker,Blue-Collar & Trade,Entry,Builder,"Builder: 3, Adventurer: 2",180000,320000,5,60,62,High,10,Low
WK2760,Paving Equipment Operator,Blue-Collar & Trade,Entry,Builder,"Builder: 3, Advocate: 2",200000,380000,0,55,60,High,9,None
WK2761,Utility Line Worker,Blue-Collar & Trade,Mid-Level,Builder,"Builder: 3, Adventurer: 2",300000,550000,5,58,65,High,11,Low
WK2762,Sheet Metal Mechanic,Blue-Collar & Trade,Mid-Level,Builder,"Builder: 3, Connector: 2",260000,480000,5,62,68,High,11,Low
WK2763,Home Automation Technician,Blue-Collar & Trade,Mid-Level,Thinker,"Thinker: 3, Connector: 2",280000,520000,30,70,72,Very High,22,High
WK2764,Blacksmith,Blue-Collar & Trade,Mid-Level,Builder,"Builder: 3, Leader: 2",200000,400000,10,65,75,Low,8,High
WK2765,Small Engine Mechanic,Blue-Collar & Trade,Entry,Builder,"Builder: 3, Leader: 2",180000,340000,15,65,68,Medium,10,Medium
WK2766,Wood Polisher,Blue-Collar & Trade,Entry,Creator,"Creator: 3, Organizer: 2",160000,300000,20,68,70,Medium,9,High
WK2767,Marble and Granite Installer,Blue-Collar & Trade,Mid-Level,Builder,"Builder: 3, Adventurer: 2",220000,420000,10,62,68,High,11,Medium
WK2768,Geyser Installation Technician,Blue-Collar & Trade,Entry,Builder,"Builder: 3, Advocate: 2",180000,340000,15,65,68,High,12,Medium
WK2769,Mobile Inverter Technician,Blue-Collar & Trade,Entry,Thinker,"Thinker: 3, Builder: 2",180000,340000,20,68,70,High,13,High
WK2770,Store Manager,Retail & Consumer Services,Manager,Leader,"Leader: 3, Connector: 2",350000,650000,15,60,68,High,11,Low
WK2771,Visual Merchandiser,Retail & Consumer Services,Mid-Level,Creator,"Creator: 3, Advocate: 2",280000,500000,25,70,72,High,13,Medium
WK2772,Customer Service Manager,Retail & Consumer Services,Manager,Connector,"Connector: 3, Organizer: 2",380000,680000,30,65,70,High,12,Low
WK2773,Retail Sales Associate,Retail & Consumer Services,Entry,Connector,"Connector: 3, Leader: 2",180000,320000,10,65,68,High,10,None
WK2774,Loss Prevention Specialist,Retail & Consumer Services,Mid-Level,Organizer,"Organizer: 3, Caregiver: 2",250000,450000,15,65,68,High,11,Low
WK2775,Retail Buyer,Retail & Consumer Services,Mid-Level,Thinker,"Thinker: 3, Organizer: 2",380000,680000,30,68,72,High,13,Medium
WK2776,Personal Shopper,Retail & Consumer Services,Entry,Connector,"Connector: 3, Creator: 2",200000,380000,35,75,78,Medium,14,Very High
WK2777,Retail Operations Manager,Retail & Consumer Services,Manager,Organizer,"Organizer: 3, Caregiver: 2",480000,850000,25,62,68,High,12,Low
WK2778,Beauty Advisor,Retail & Consumer Services,Entry,Connector,"Connector: 3, Adventurer: 2",180000,340000,15,70,72,High,12,Medium
WK2779,Stock Controller,Retail & Consumer Services,Mid-Level,Organizer,"Organizer: 3, Caregiver: 2",240000,450000,20,65,68,High,11,Low
WK2780,Cashier Supervisor,Retail & Consumer Services,Mid-Level,Organizer,"Organizer: 3, Connector: 2",220000,400000,10,62,65,High,10,None
WK2781,Mall Manager,Retail & Consumer Services,Manager,Leader,"Leader: 3, Connector: 2",550000,1000000,20,60,70,High,11,None
WK2782,Retail Marketing Manager,Retail & Consumer Services,Manager,Creator,"Creator: 3, Caregiver: 2",480000,850000,45,68,72,High,14,Medium
WK2783,Jewelry Sales Consultant,Retail & Consumer Services,Mid-Level,Connector,"Connector: 3, Advocate: 2",250000,480000,15,68,72,Medium,10,Low
WK2784,Florist,Retail & Consumer Services,Entry,Creator,"Creator: 3, Adventurer: 2",180000,340000,20,72,78,Medium,11,High
WK2785,Barista,Retail & Consumer Services,Entry,Creator,"Creator: 3, Advocate: 2",180000,320000,10,70,75,High,12,Low
WK2786,Retail Trainer,Retail & Consumer Services,Mid-Level,Advocate,"Advocate: 3, Adventurer: 2",320000,580000,35,70,72,High,13,Medium
WK2787,E-commerce Store Manager,Retail & Consumer Services,Manager,Organizer,"Organizer: 3, Caregiver: 2",450000,800000,80,72,75,Very High,18,Medium
WK2788,Mobile Store Manager,Retail & Consumer Services,Manager,Leader,"Leader: 3, Advocate: 2",380000,680000,15,62,68,Very High,15,Low
WK2789,Bakery Manager,Retail & Consumer Services,Manager,Organizer,"Organizer: 3, Adventurer: 2",300000,550000,10,62,70,High,11,Low
WK2790,Pet Store Manager,Retail & Consumer Services,Manager,Caregiver,"Caregiver: 3, Thinker: 2",280000,520000,15,68,75,Medium,13,Low
WK2791,Optical Sales Consultant,Retail & Consumer Services,Entry,Connector,"Connector: 3, Advocate: 2",200000,380000,15,68,70,High,11,Low
WK2792,Pharmacy Retail Manager,Retail & Consumer Services,Manager,Organizer,"Organizer: 3, Connector: 2",400000,720000,20,65,70,Very High,14,Low
WK2793,Footwear Sales Specialist,Retail & Consumer Services,Entry,Connector,"Connector: 3, Caregiver: 2",180000,320000,10,65,68,High,10,Low
WK2794,Furniture Showroom Manager,Retail & Consumer Services,Manager,Connector,"Connector: 3, Organizer: 2",350000,650000,15,65,70,High,12,Low
WK2795,Gift Shop Owner-Manager,Retail & Consumer Services,Manager,Creator,"Creator: 3, Advocate: 2",250000,500000,30,70,75,Medium,12,Medium
WK2796,Bookstore Manager,Retail & Consumer Services,Manager,Organizer,"Organizer: 3, Advocate: 2",280000,520000,20,68,75,Medium,9,Low
WK2797,Supermarket Section Manager,Retail & Consumer Services,Mid-Level,Organizer,"Organizer: 3, Creator: 2",280000,500000,10,62,68,High,11,None
WK2798,Fashion Stylist,Retail & Consumer Services,Mid-Level,Creator,"Creator: 3, Adventurer: 2",280000,550000,40,75,80,High,15,Very High
WK2799,Mobile Accessories Retailer,Retail & Consumer Services,Entry,Connector,"Connector: 3, Leader: 2",180000,350000,15,68,70,High,13,High
WK2800,Kirana Store Supervisor,Retail & Consumer Services,Entry,Organizer,"Organizer: 3, Leader: 2",180000,320000,5,65,68,High,9,Low
WK2801,Textile Showroom Manager,Retail & Consumer Services,Manager,Connector,"Connector: 3, Caregiver: 2",320000,580000,10,62,68,High,10,Low
WK2802,Sports Equipment Sales Manager,Retail & Consumer Services,Manager,Connector,"Connector: 3, Creator: 2",350000,650000,20,68,72,High,13,Low
WK2803,Stationery Store Manager,Retail & Consumer Services,Entry,Organizer,"Organizer: 3, Adventurer: 2",200000,380000,15,65,70,Medium,10,Low
WK2804,Cosmetics Counter Manager,Retail & Consumer Services,Mid-Level,Connector,"Connector: 3, Creator: 2",280000,500000,20,68,72,High,12,Low
WK2805,Saree Showroom Consultant,Retail & Consumer Services,Entry,Connector,"Connector: 3, Organizer: 2",180000,340000,10,68,72,Medium,9,Low
WK2806,Electronics Showroom Manager,Retail & Consumer Services,Manager,Leader,"Leader: 3, Organizer: 2",400000,720000,15,62,68,High,13,Low
WK2807,Organic Store Manager,Retail & Consumer Services,Manager,Advocate,"Advocate: 3, Builder: 2",300000,550000,20,70,75,Very High,16,Low
WK2808,Quick Commerce Manager,Retail & Consumer Services,Manager,Organizer,"Organizer: 3, Caregiver: 2",450000,800000,60,65,70,Very High,22,Low
WK2809,Home Decor Consultant,Retail & Consumer Services,Mid-Level,Creator,"Creator: 3, Advocate: 2",250000,480000,30,72,75,High,14,High
WK2810,Truck Driver,Transportation & Logistics,Entry,Adventurer,"Adventurer: 3, Leader: 2",220000,400000,5,55,62,Very High,11,Medium
WK2811,Logistics Manager,Transportation & Logistics,Manager,Organizer,"Organizer: 3, Leader: 2",480000,850000,35,65,70,Very High,15,Low
WK2812,Supply Chain Analyst,Transportation & Logistics,Mid-Level,Thinker,"Thinker: 3, Creator: 2",420000,750000,55,72,75,Very High,18,Medium
WK2813,Delivery Driver,Transportation & Logistics,Entry,Adventurer,"Adventurer: 3, Creator: 2",180000,320000,10,60,65,Very High,13,Medium
WK2814,Fleet Manager,Transportation & Logistics,Manager,Organizer,"Organizer: 3, Thinker: 2",450000,800000,25,62,68,High,12,Low
WK2815,Warehouse Supervisor,Transportation & Logistics,Mid-Level,Organizer,"Organizer: 3, Connector: 2",300000,550000,15,62,68,Very High,13,Low
WK2816,Freight Coordinator,Transportation & Logistics,Mid-Level,Organizer,"Organizer: 3, Caregiver: 2",320000,580000,40,68,70,High,14,Medium
WK2817,Courier Service Manager,Transportation & Logistics,Manager,Leader,"Leader: 3, Thinker: 2",380000,680000,30,62,68,Very High,16,Low
WK2818,Aviation Ground Staff,Transportation & Logistics,Entry,Organizer,"Organizer: 3, Advocate: 2",220000,400000,10,65,68,High,11,None
WK2819,Shipping Manager,Transportation & Logistics,Manager,Organizer,"Organizer: 3, Leader: 2",500000,900000,30,65,70,High,13,Low
WK2820,Transport Coordinator,Transportation & Logistics,Mid-Level,Organizer,"Organizer: 3, Connector: 2",280000,500000,35,68,70,High,12,Low
WK2821,Auto Rickshaw Driver,Transportation & Logistics,Entry,Adventurer,"Adventurer: 3, Advocate: 2",150000,280000,10,65,68,High,10,Very High
WK2822,Taxi Driver,Transportation & Logistics,Entry,Connector,"Connector: 3, Advocate: 2",180000,340000,15,65,70,High,11,Very High
WK2823,Bus Driver,Transportation & Logistics,Entry,Adventurer,"Adventurer: 3, Creator: 2",220000,400000,0,58,62,High,9,None
WK2824,Railway Station Manager,Transportation & Logistics,Manager,Leader,"Leader: 3, Organizer: 2",450000,800000,10,62,68,High,10,None
WK2825,Cargo Handler,Transportation & Logistics,Entry,Builder,"Builder: 3, Caregiver: 2",180000,320000,0,55,60,High,9,None
WK2826,Route Optimization Analyst,Transportation & Logistics,Mid-Level,Thinker,"Thinker: 3, Leader: 2",400000,720000,65,75,75,Very High,20,High
WK2827,Import-Export Coordinator,Transportation & Logistics,Mid-Level,Organizer,"Organizer: 3, Builder: 2",350000,620000,40,68,70,High,13,Medium
WK2828,Last-Mile Delivery Manager,Transportation & Logistics,Manager,Organizer,"Organizer: 3, Caregiver: 2",400000,720000,45,65,70,Very High,20,Low
WK2829,Cold Chain Logistics Manager,Transportation & Logistics,Manager,Organizer,"Organizer: 3, Advocate: 2",480000,850000,25,62,68,Very High,16,Low
WK2830,Port Operations Manager,Transportation & Logistics,Manager,Leader,"Leader: 3, Thinker: 2",550000,1000000,20,60,68,High,12,None
WK2831,Dispatch Manager,Transportation & Logistics,Manager,Organizer,"Organizer: 3, Connector: 2",350000,620000,30,62,68,High,12,Low
WK2832,Transportation Safety Officer,Transportation & Logistics,Mid-Level,Organizer,"Organizer: 3, Leader: 2",320000,580000,20,68,70,High,11,Low
WK2833,Forwarder Agent,Transportation & Logistics,Mid-Level,Connector,"Connector: 3, Advocate: 2",300000,550000,35,68,70,High,13,Medium
WK2834,Railway Logistics Coordinator,Transportation & Logistics,Mid-Level,Organizer,"Organizer: 3, Caregiver: 2",320000,580000,15,65,68,High,11,None
WK2835,Airline Cargo Manager,Transportation & Logistics,Manager,Organizer,"Organizer: 3, Creator: 2",500000,900000,25,62,68,High,12,None
WK2836,Procurement Logistics Specialist,Transportation & Logistics,Mid-Level,Thinker,"Thinker: 3, Leader: 2",380000,680000,40,70,72,High,14,Medium
WK2837,Customs Clearance Agent,Transportation & Logistics,Mid-Level,Organizer,"Organizer: 3, Builder: 2",300000,550000,30,65,68,High,12,Medium
WK2838,Vehicle Tracking System Manager,Transportation & Logistics,Mid-Level,Thinker,"Thinker: 3, Creator: 2",380000,680000,50,72,72,Very High,18,Medium
WK2839,Distribution Center Manager,Transportation & Logistics,Manager,Organizer,"Organizer: 3, Adventurer: 2",480000,850000,20,62,68,Very High,14,Low
WK2840,Bike Courier,Transportation & Logistics,Entry,Adventurer,"Adventurer: 3, Thinker: 2",160000,300000,15,65,65,Very High,14,Very High
WK2841,Container Terminal Operator,Transportation & Logistics,Mid-Level,Builder,"Builder: 3, Caregiver: 2",320000,580000,5,58,65,High,11,None
WK2842,Transport Planner,Transportation & Logistics,Mid-Level,Thinker,"Thinker: 3, Builder: 2",380000,680000,45,70,72,High,14,Medium
WK2843,Inventory Manager,Transportation & Logistics,Manager,Organizer,"Organizer: 3, Builder: 2",420000,750000,30,65,70,Very High,13,Low
WK2844,Loading Supervisor,Transportation & Logistics,Mid-Level,Organizer,"Organizer: 3, Creator: 2",250000,450000,5,58,62,High,10,None
WK2845,3PL Operations Manager,Transportation & Logistics,Manager,Leader,"Leader: 3, Connector: 2",520000,950000,35,65,70,Very High,16,Low
WK2846,Reverse Logistics Specialist,Transportation & Logistics,Mid-Level,Organizer,"Organizer: 3, Builder: 2",350000,620000,40,68,70,High,15,Medium
WK2847,Transportation Data Analyst,Transportation & Logistics,Mid-Level,Thinker,"Thinker: 3, Connector: 2",420000,750000,60,75,75,Very High,20,High
WK2848,Railway Ticket Examiner,Transportation & Logistics,Entry,Organizer,"Organizer: 3, Creator: 2",220000,400000,0,60,65,High,9,None
WK2849,Toll Booth Manager,Transportation & Logistics,Manager,Organizer,"Organizer: 3, Adventurer: 2",280000,500000,5,60,65,High,9,None
WK2850,Moving and Relocation Manager,Transportation & Logistics,Manager,Organizer,"Organizer: 3, Advocate: 2",350000,620000,20,65,70,High,13,Low
WK2851,Metro Train Operator,Transportation & Logistics,Mid-Level,Builder,"Builder: 3, Connector: 2",350000,620000,0,62,68,High,11,None
WK2852,Logistics Technology Specialist,Transportation & Logistics,Senior,Thinker,"Thinker: 3, Organizer: 2",550000,1000000,70,75,78,Very High,22,High
WK2853,Parcel Sorting Manager,Transportation & Logistics,Manager,Organizer,"Organizer: 3, Thinker: 2",320000,580000,15,60,65,Very High,14,Low
WK2854,Merchant Navy Officer,Transportation & Logistics,Senior,Adventurer,"Adventurer: 3, Leader: 2",800000,1500000,0,50,65,High,10,None
WK2855,Solar Energy Consultant,Energy & Environment,Mid-Level,Advocate,"Advocate: 3, Caregiver: 2",380000,680000,45,72,78,Very High,26,High
WK2856,Environmental Engineer,Energy & Environment,Senior,Thinker,"Thinker: 3, Adventurer: 2",500000,900000,35,70,75,Very High,18,Medium
WK2857,Wind Turbine Technician,Energy & Environment,Entry,Builder,"Builder: 3, Leader: 2",240000,450000,15,65,68,Very High,22,Low
WK2858,Energy Auditor,Energy & Environment,Mid-Level,Thinker,"Thinker: 3, Creator: 2",350000,620000,40,72,75,High,16,High
WK2859,Renewable Energy Project Manager,Energy & Environment,Manager,Leader,"Leader: 3, Caregiver: 2",600000,1100000,40,68,75,Very High,24,Medium
WK2860,Waste Management Specialist,Energy & Environment,Mid-Level,Organizer,"Organizer: 3, Builder: 2",320000,580000,25,68,70,High,14,Low
WK2861,Sustainability Consultant,Energy & Environment,Senior,Advocate,"Advocate: 3, Creator: 2",550000,1000000,55,75,80,Very High,22,Very High
WK2862,Power Plant Operator,Energy & Environment,Mid-Level,Builder,"Builder: 3, Adventurer: 2",380000,680000,5,60,65,High,10,None
WK2863,Environmental Compliance Officer,Energy & Environment,Mid-Level,Organizer,"Organizer: 3, Adventurer: 2",380000,680000,30,68,70,High,13,Low
WK2864,Battery Technology Specialist,Energy & Environment,Senior,Thinker,"Thinker: 3, Adventurer: 2",550000,1000000,35,70,75,Very High,28,Medium
WK2865,Hydroelectric Plant Engineer,Energy & Environment,Senior,Builder,"Builder: 3, Thinker: 2",500000,900000,20,65,70,High,11,Low
WK2866,Environmental Impact Assessor,Energy & Environment,Mid-Level,Thinker,"Thinker: 3, Leader: 2",400000,720000,40,70,73,High,14,High
WK2867,Carbon Footprint Analyst,Energy & Environment,Mid-Level,Thinker,"Thinker: 3, Advocate: 2",420000,750000,60,75,78,Very High,20,High
WK2868,Biomass Energy Specialist,Energy & Environment,Mid-Level,Thinker,"Thinker: 3, Leader: 2",350000,620000,25,68,72,High,16,Medium
WK2869,Water Treatment Plant Manager,Energy & Environment,Manager,Organizer,"Organizer: 3, Caregiver: 2",450000,800000,15,62,68,High,12,Low
WK2870,Environmental Chemist,Energy & Environment,Senior,Thinker,"Thinker: 3, Leader: 2",480000,850000,30,70,73,High,13,Low
WK2871,Recycling Operations Manager,Energy & Environment,Manager,Organizer,"Organizer: 3, Caregiver: 2",380000,680000,20,65,70,High,15,Low
WK2872,Air Quality Specialist,Energy & Environment,Mid-Level,Thinker,"Thinker: 3, Leader: 2",380000,680000,35,70,72,High,14,Medium
WK2873,Green Building Consultant,Energy & Environment,Senior,Advocate,"Advocate: 3, Organizer: 2",500000,900000,50,72,78,Very High,20,High
WK2874,Energy Storage Engineer,Energy & Environment,Senior,Thinker,"Thinker: 3, Adventurer: 2",550000,1000000,40,70,75,Very High,26,Medium
WK2875,Nuclear Safety Inspector,Energy & Environment,Senior,Organizer,"Organizer: 3, Connector: 2",600000,1100000,20,65,70,High,10,None
WK2876,Environmental Educator,Energy & Environment,Mid-Level,Advocate,"Advocate: 3, Organizer: 2",280000,500000,35,72,78,High,14,High
WK2877,Geothermal Energy Technician,Energy & Environment,Mid-Level,Builder,"Builder: 3, Caregiver: 2",320000,580000,20,65,70,Medium,15,Low
WK2878,Climate Change Analyst,Energy & Environment,Senior,Thinker,"Thinker: 3, Builder: 2",550000,1000000,55,75,80,Very High,20,High
WK2879,Electric Vehicle Charging Specialist,Energy & Environment,Entry,Builder,"Builder: 3, Adventurer: 2",240000,450000,20,68,70,Very High,30,Medium
WK2880,Environmental Laboratory Technician,Energy & Environment,Entry,Thinker,"Thinker: 3, Advocate: 2",250000,450000,20,65,68,High,12,Low
WK2881,Energy Policy Analyst,Energy & Environment,Senior,Thinker,"Thinker: 3, Caregiver: 2",550000,1000000,60,72,78,High,16,Medium
WK2882,Pollution Control Officer,Energy & Environment,Mid-Level,Organizer,"Organizer: 3, Advocate: 2",350000,620000,25,68,70,High,13,Low
WK2883,Smart Grid Engineer,Energy & Environment,Senior,Thinker,"Thinker: 3, Builder: 2",600000,1100000,45,70,75,Very High,24,Medium
WK2884,Forestry Officer,Energy & Environment,Mid-Level,Caregiver,"Caregiver: 3, Adventurer: 2",300000,550000,15,70,75,High,11,Low
WK2885,Wildlife Conservation Officer,Energy & Environment,Mid-Level,Caregiver,"Caregiver: 3, Builder: 2",280000,520000,20,72,80,Medium,12,Low
WK2886,Marine Conservation Specialist,Energy & Environment,Mid-Level,Advocate,"Advocate: 3, Creator: 2",320000,580000,30,70,78,Medium,13,Medium
WK2887,Hazardous Waste Manager,Energy & Environment,Manager,Organizer,"Organizer: 3, Connector: 2",450000,800000,20,62,68,High,12,Low
WK2888,Energy Efficiency Engineer,Energy & Environment,Senior,Thinker,"Thinker: 3, Leader: 2",500000,900000,40,70,75,Very High,18,High
WK2889,Environmental Data Scientist,Energy & Environment,Senior,Thinker,"Thinker: 3, Creator: 2",650000,1200000,70,75,78,Very High,22,High
WK2890,Biogas Plant Manager,Energy & Environment,Manager,Organizer,"Organizer: 3, Creator: 2",350000,620000,15,65,70,High,16,Low
WK2891,Coastal Zone Manager,Energy & Environment,Manager,Organizer,"Organizer: 3, Caregiver: 2",420000,750000,25,68,72,Medium,12,Low
WK2892,Noise Pollution Specialist,Energy & Environment,Mid-Level,Thinker,"Thinker: 3, Adventurer: 2",300000,550000,35,68,70,Medium,11,Medium
WK2893,Rainwater Harvesting Consultant,Energy & Environment,Mid-Level,Advocate,"Advocate: 3, Organizer: 2",280000,520000,40,70,75,High,16,High
WK2894,Wetland Restoration Specialist,Energy & Environment,Mid-Level,Caregiver,"Caregiver: 3, Connector: 2",300000,550000,25,70,78,Medium,13,Medium
WK2895,Army Officer,Military & Defense,Mid-Level,Leader,"Leader: 3, Thinker: 2",600000,1000000,0,55,70,High,8,None
WK2896,Navy Officer,Military & Defense,Mid-Level,Leader,"Leader: 3, Thinker: 2",650000,1100000,0,50,68,High,8,None
WK2897,Air Force Pilot,Military & Defense,Senior,Adventurer,"Adventurer: 3, Leader: 2",900000,1600000,0,55,75,High,9,None
WK2898,Defense Research Scientist,Military & Defense,Senior,Thinker,"Thinker: 3, Caregiver: 2",700000,1300000,25,65,75,High,12,None
WK2899,Military Intelligence Officer,Military & Defense,Mid-Level,Thinker,"Thinker: 3, Connector: 2",650000,1150000,15,60,72,High,10,None
WK2900,Coast Guard Officer,Military & Defense,Mid-Level,Adventurer,"Adventurer: 3, Connector: 2",550000,950000,0,55,70,High,9,None
WK2901,Military Engineer,Military & Defense,Mid-Level,Builder,"Builder: 3, Leader: 2",550000,1000000,10,58,68,High,10,None
WK2902,Defense Logistics Manager,Military & Defense,Manager,Organizer,"Organizer: 3, Thinker: 2",600000,1100000,15,60,68,High,10,None
WK2903,Cyber Security Specialist (Defense),Military & Defense,Senior,Thinker,"Thinker: 3, Builder: 2",800000,1500000,40,68,75,Very High,20,Low
WK2904,Military Medical Officer,Military & Defense,Senior,Caregiver,"Caregiver: 3, Creator: 2",800000,1400000,5,60,72,High,10,None
WK2905,Defense Procurement Officer,Military & Defense,Mid-Level,Organizer,"Organizer: 3, Caregiver: 2",550000,1000000,20,62,68,High,10,None
WK2906,Paramilitary Officer (BSF/CRPF),Military & Defense,Mid-Level,Leader,"Leader: 3, Builder: 2",500000,900000,0,55,65,High,8,None
WK2907,Military Training Instructor,Military & Defense,Mid-Level,Advocate,"Advocate: 3, Builder: 2",500000,900000,5,60,70,High,9,None
WK2908,Defense Technology Specialist,Military & Defense,Senior,Thinker,"Thinker: 3, Leader: 2",750000,1400000,30,65,72,High,14,Low
WK2909,Naval Architect (Defense),Military & Defense,Senior,Builder,"Builder: 3, Organizer: 2",700000,1300000,25,65,70,High,11,Low
WK2910,Military Communications Officer,Military & Defense,Mid-Level,Thinker,"Thinker: 3, Caregiver: 2",550000,1000000,15,60,68,High,12,None
WK2911,Defense Aviation Engineer,Military & Defense,Senior,Builder,"Builder: 3, Organizer: 2",750000,1400000,20,62,70,High,12,Low
WK2912,Ordinance Factory Manager,Military & Defense,Manager,Organizer,"Organizer: 3, Creator: 2",650000,1200000,10,58,65,High,9,None
WK2913,Military Police Officer,Military & Defense,Mid-Level,Organizer,"Organizer: 3, Connector: 2",500000,900000,0,58,65,High,8,None
WK2914,Defense Systems Analyst,Military & Defense,Senior,Thinker,"Thinker: 3, Advocate: 2",700000,1300000,35,68,72,High,13,Medium
WK2915,Army Corps of Engineers,Military & Defense,Mid-Level,Builder,"Builder: 3, Connector: 2",550000,1000000,10,60,68,High,10,None
WK2916,Defense Radar Technician,Military & Defense,Mid-Level,Thinker,"Thinker: 3, Connector: 2",500000,900000,15,62,68,High,11,None
WK2917,Military Drone Operator,Military & Defense,Entry,Adventurer,"Adventurer: 3, Connector: 2",450000,800000,20,65,70,Very High,24,None
WK2918,Defense Missile Technician,Military & Defense,Mid-Level,Thinker,"Thinker: 3, Connector: 2",600000,1100000,15,60,68,High,12,None
WK2919,Military Chaplain,Military & Defense,Mid-Level,Caregiver,"Caregiver: 3, Organizer: 2",450000,800000,5,68,75,Low,6,None
WK2920,Defense Satellite Specialist,Military & Defense,Senior,Thinker,"Thinker: 3, Creator: 2",800000,1500000,30,68,75,High,15,Low
WK2921,Ammunition Technical Officer,Military & Defense,Mid-Level,Organizer,"Organizer: 3, Leader: 2",550000,1000000,5,58,65,High,9,None
WK2922,Border Security Force Commander,Military & Defense,Manager,Leader,"Leader: 3, Advocate: 2",650000,1200000,0,52,65,High,8,None
WK2923,Defense Electronics Engineer,Military & Defense,Senior,Thinker,"Thinker: 3, Caregiver: 2",700000,1300000,25,65,70,High,13,Low
WK2924,Military Meteorologist,Military & Defense,Mid-Level,Thinker,"Thinker: 3, Adventurer: 2",550000,1000000,20,65,70,High,11,None
WK2925,Construction Project Manager,Real Estate & Construction,Manager,Leader,"Leader: 3, Builder: 2",600000,1100000,25,60,70,Very High,15,Medium
WK2926,Civil Engineer,Real Estate & Construction,Senior,Builder,"Builder: 3, Creator: 2",500000,900000,30,65,70,Very High,14,Medium
WK2927,Structural Engineer,Real Estate & Construction,Senior,Thinker,"Thinker: 3, Builder: 2",550000,1000000,35,68,72,Very High,14,Medium
WK2928,Real Estate Agent,Real Estate & Construction,Mid-Level,Connector,"Connector: 3, Builder: 2",250000,600000,40,72,75,High,13,Very High
WK2929,Property Manager,Real Estate & Construction,Manager,Organizer,"Organizer: 3, Adventurer: 2",400000,720000,30,68,70,High,12,Low
WK2930,Architect,Real Estate & Construction,Senior,Creator,"Creator: 3, Thinker: 2",500000,950000,50,72,80,Very High,15,High
WK2931,Interior Designer,Real Estate & Construction,Mid-Level,Creator,"Creator: 3, Caregiver: 2",350000,650000,55,75,82,Very High,16,Very High
WK2932,Quantity Surveyor,Real Estate & Construction,Mid-Level,Thinker,"Thinker: 3, Leader: 2",380000,680000,30,68,70,High,13,Medium
WK2933,Site Supervisor,Real Estate & Construction,Mid-Level,Organizer,"Organizer: 3, Advocate: 2",320000,580000,5,58,65,Very High,12,Low
WK2934,Real Estate Developer,Real Estate & Construction,Executive,Leader,"Leader: 3, Advocate: 2",1000000,2500000,35,65,75,High,14,Medium
WK2935,Building Inspector,Real Estate & Construction,Mid-Level,Organizer,"Organizer: 3, Adventurer: 2",350000,620000,20,68,70,High,11,Low
WK2936,Real Estate Appraiser,Real Estate & Construction,Mid-Level,Thinker,"Thinker: 3, Builder: 2",350000,620000,40,70,72,High,12,High
WK2937,Construction Safety Officer,Real Estate & Construction,Mid-Level,Organizer,"Organizer: 3, Builder: 2",320000,580000,20,68,70,High,12,Low
WK2938,Urban Planner,Real Estate & Construction,Senior,Thinker,"Thinker: 3, Builder: 2",500000,900000,40,70,75,High,13,Medium
WK2939,MEP Engineer,Real Estate & Construction,Senior,Thinker,"Thinker: 3, Connector: 2",500000,900000,30,68,70,Very High,15,Medium
WK2940,Landscape Architect,Real Estate & Construction,Mid-Level,Creator,"Creator: 3, Builder: 2",380000,680000,40,72,78,High,14,High
WK2941,Real Estate Investment Analyst,Real Estate & Construction,Mid-Level,Thinker,"Thinker: 3, Advocate: 2",500000,900000,60,72,75,High,16,Medium
WK2942,Construction Estimator,Real Estate & Construction,Mid-Level,Thinker,"Thinker: 3, Advocate: 2",380000,680000,35,68,70,High,13,Medium
WK2943,Geotechnical Engineer,Real Estate & Construction,Senior,Thinker,"Thinker: 3, Creator: 2",500000,900000,25,65,70,High,12,Low
WK2944,Facilities Manager,Real Estate & Construction,Manager,Organizer,"Organizer: 3, Builder: 2",450000,800000,30,68,70,Very High,13,Low
WK2945,BIM Specialist,Real Estate & Construction,Mid-Level,Thinker,"Thinker: 3, Advocate: 2",450000,800000,55,72,75,Very High,20,High
WK2946,Building Materials Specialist,Real Estate & Construction,Mid-Level,Thinker,"Thinker: 3, Adventurer: 2",320000,580000,25,68,70,High,12,Medium
WK2947,Real Estate Marketing Manager,Real Estate & Construction,Manager,Connector,"Connector: 3, Adventurer: 2",480000,850000,50,70,72,High,14,Medium
WK2948,Construction Equipment Manager,Real Estate & Construction,Manager,Organizer,"Organizer: 3, Adventurer: 2",420000,750000,15,62,68,High,11,Low
WK2949,Property Valuer,Real Estate & Construction,Mid-Level,Thinker,"Thinker: 3, Builder: 2",350000,620000,35,70,72,High,12,High
WK2950,Leasing Manager,Real Estate & Construction,Manager,Connector,"Connector: 3, Builder: 2",400000,720000,35,68,70,High,13,Low
WK2951,Construction Contracts Manager,Real Estate & Construction,Manager,Organizer,"Organizer: 3, Advocate: 2",550000,1000000,30,65,70,High,12,Low
WK2952,Township Development Manager,Real Estate & Construction,Manager,Leader,"Leader: 3, Organizer: 2",650000,1200000,25,62,70,High,14,Low
WK2953,Heritage Conservation Architect,Real Estate & Construction,Senior,Creator,"Creator: 3, Builder: 2",450000,800000,35,72,80,Medium,11,High
WK2954,Real Estate Legal Advisor,Real Estate & Construction,Senior,Advocate,"Advocate: 3, Adventurer: 2",600000,1100000,45,70,75,High,13,High
WK2955,Green Building Consultant,Real Estate & Construction,Senior,Advocate,"Advocate: 3, Creator: 2",500000,900000,50,72,78,Very High,20,High
WK2956,Construction Procurement Manager,Real Estate & Construction,Manager,Organizer,"Organizer: 3, Adventurer: 2",480000,850000,30,65,68,High,12,Low
WK2957,Site Engineer,Real Estate & Construction,Entry,Builder,"Builder: 3, Organizer: 2",300000,550000,10,60,65,Very High,13,Low
WK2958,Housing Society Manager,Real Estate & Construction,Manager,Organizer,"Organizer: 3, Creator: 2",350000,620000,25,65,70,High,11,Low
WK2959,Construction Scheduler,Real Estate & Construction,Mid-Level,Organizer,"Organizer: 3, Connector: 2",380000,680000,40,68,70,High,13,Medium
WK2960,Property Tax Consultant,Real Estate & Construction,Mid-Level,Thinker,"Thinker: 3, Caregiver: 2",320000,580000,50,70,72,High,12,High
WK2961,Real Estate Data Analyst,Real Estate & Construction,Mid-Level,Thinker,"Thinker: 3, Creator: 2",450000,800000,65,75,75,Very High,18,High
WK2962,Construction Quality Manager,Real Estate & Construction,Manager,Organizer,"Organizer: 3, Creator: 2",500000,900000,25,65,70,High,12,Low
WK2963,Vastu Consultant,Real Estate & Construction,Mid-Level,Advocate,"Advocate: 3, Caregiver: 2",250000,550000,60,75,78,Medium,10,Very High
WK2964,Affordable Housing Manager,Real Estate & Construction,Manager,Advocate,"Advocate: 3, Organizer: 2",450000,800000,25,68,75,High,15,Low
WK2965,Pharmaceutical Sales Representative,Pharmaceuticals & Biotech,Entry,Connector,"Connector: 3, Thinker: 2",280000,550000,40,70,72,Very High,14,Medium
WK2966,Clinical Research Associate,Pharmaceuticals & Biotech,Mid-Level,Thinker,"Thinker: 3, Creator: 2",450000,800000,35,68,75,Very High,16,Low
WK2967,Quality Assurance Manager (Pharma),Pharmaceuticals & Biotech,Manager,Organizer,"Organizer: 3, Advocate: 2",600000,1100000,25,65,70,Very High,13,Low
WK2968,Pharmaceutical Chemist,Pharmaceuticals & Biotech,Mid-Level,Thinker,"Thinker: 3, Advocate: 2",400000,720000,30,68,72,High,12,Low
WK2969,Biotech Research Scientist,Pharmaceuticals & Biotech,Senior,Thinker,"Thinker: 3, Creator: 2",650000,1200000,40,70,78,Very High,18,Low
WK2970,Regulatory Affairs Specialist,Pharmaceuticals & Biotech,Mid-Level,Organizer,"Organizer: 3, Leader: 2",500000,900000,45,70,72,Very High,15,Medium
WK2971,Pharmacovigilance Officer,Pharmaceuticals & Biotech,Mid-Level,Organizer,"Organizer: 3, Adventurer: 2",450000,800000,50,72,72,Very High,14,Medium
WK2972,Medical Science Liaison,Pharmaceuticals & Biotech,Senior,Connector,"Connector: 3, Adventurer: 2",800000,1500000,50,68,75,Very High,16,Low
WK2973,Formulation Scientist,Pharmaceuticals & Biotech,Mid-Level,Thinker,"Thinker: 3, Advocate: 2",480000,850000,30,68,72,High,13,Low
WK2974,Pharmaceutical Production Manager,Pharmaceuticals & Biotech,Manager,Organizer,"Organizer: 3, Thinker: 2",650000,1200000,20,62,68,Very High,13,Low
WK2975,Microbiologist (Pharma),Pharmaceuticals & Biotech,Mid-Level,Thinker,"Thinker: 3, Advocate: 2",420000,750000,30,68,72,High,13,Low
WK2976,Biomedical Engineer,Pharmaceuticals & Biotech,Senior,Thinker,"Thinker: 3, Leader: 2",550000,1000000,35,70,75,Very High,17,Medium
WK2977,Clinical Data Manager,Pharmaceuticals & Biotech,Mid-Level,Organizer,"Organizer: 3, Creator: 2",500000,900000,60,72,75,Very High,18,High
WK2978,Pharmaceutical Packaging Manager,Pharmaceuticals & Biotech,Manager,Organizer,"Organizer: 3, Builder: 2",450000,800000,20,65,68,High,12,Low
WK2979,Bioinformatics Specialist,Pharmaceuticals & Biotech,Senior,Thinker,"Thinker: 3, Advocate: 2",700000,1300000,65,75,78,Very High,22,High
WK2980,Drug Safety Associate,Pharmaceuticals & Biotech,Mid-Level,Organizer,"Organizer: 3, Creator: 2",420000,750000,55,72,72,Very High,15,Medium
WK2981,Pharmaceutical Marketing Manager,Pharmaceuticals & Biotech,Manager,Connector,"Connector: 3, Caregiver: 2",650000,1200000,45,68,72,High,14,Medium
WK2982,Biochemist,Pharmaceuticals & Biotech,Mid-Level,Thinker,"Thinker: 3, Leader: 2",400000,720000,30,68,72,High,13,Low
WK2983,Clinical Trial Manager,Pharmaceuticals & Biotech,Manager,Leader,"Leader: 3, Creator: 2",800000,1500000,40,65,75,Very High,17,Low
WK2984,Biotechnology Process Engineer,Pharmaceuticals & Biotech,Senior,Thinker,"Thinker: 3, Connector: 2",600000,1100000,30,68,72,Very High,16,Low
WK2985,Pharmaceutical Quality Control Analyst,Pharmaceuticals & Biotech,Entry,Organizer,"Organizer: 3, Connector: 2",300000,550000,20,65,68,Very High,12,None
WK2986,Medical Writer,Pharmaceuticals & Biotech,Mid-Level,Creator,"Creator: 3, Thinker: 2",450000,800000,70,78,80,High,15,Very High
WK2987,Genomics Researcher,Pharmaceuticals & Biotech,Senior,Thinker,"Thinker: 3, Caregiver: 2",750000,1400000,45,72,80,Very High,20,Low
WK2988,Pharmaceutical Validation Engineer,Pharmaceuticals & Biotech,Mid-Level,Thinker,"Thinker: 3, Advocate: 2",450000,800000,30,68,70,High,13,Low
WK2989,Immunology Specialist,Pharmaceuticals & Biotech,Senior,Thinker,"Thinker: 3, Advocate: 2",700000,1300000,35,70,78,Very High,18,Low
WK2990,Pharmaceutical Supply Chain Manager,Pharmaceuticals & Biotech,Manager,Organizer,"Organizer: 3, Builder: 2",600000,1100000,35,65,70,Very High,14,Low
WK2991,Pharmacist (Hospital),Pharmaceuticals & Biotech,Mid-Level,Caregiver,"Caregiver: 3, Connector: 2",400000,720000,10,65,75,Very High,12,Low
WK2992,Biostatistician,Pharmaceuticals & Biotech,Senior,Thinker,"Thinker: 3, Connector: 2",650000,1200000,70,75,78,Very High,18,High
WK2993,Pharmaceutical Equipment Engineer,Pharmaceuticals & Biotech,Mid-Level,Builder,"Builder: 3, Caregiver: 2",450000,800000,25,65,68,High,13,Low
WK2994,Cell Culture Specialist,Pharmaceuticals & Biotech,Mid-Level,Thinker,"Thinker: 3, Advocate: 2",480000,850000,30,68,72,High,16,Low
WK2995,Pharmaceutical Compliance Officer,Pharmaceuticals & Biotech,Mid-Level,Organizer,"Organizer: 3, Leader: 2",480000,850000,40,68,70,High,13,Low
WK2996,Toxicology Specialist,Pharmaceuticals & Biotech,Senior,Thinker,"Thinker: 3, Creator: 2",650000,1200000,35,70,75,High,14,Low
WK2997,Pharmaceutical Business Analyst,Pharmaceuticals & Biotech,Mid-Level,Thinker,"Thinker: 3, Leader: 2",550000,1000000,65,72,75,Very High,17,High
WK2998,Vaccine Development Scientist,Pharmaceuticals & Biotech,Senior,Thinker,"Thinker: 3, Organizer: 2",800000,1500000,40,68,78,Very High,20,Low
WK2999,Pharmaceutical Project Manager,Pharmaceuticals & Biotech,Manager,Leader,"Leader: 3, Adventurer: 2",700000,1300000,45,65,72,Very High,15,Medium
WK3000,IAS Officer (Indian Administrative Service),India-Specific Roles,Executive,Leader,"Leader: 3, Caregiver: 2",800000,1800000,10,60,78,Very High,8,None
WK3001,IPS Officer (Indian Police Service),India-Specific Roles,Executive,Leader,"Leader: 3, Connector: 2",800000,1700000,5,55,72,Very High,8,None
WK3002,IFS Officer (Indian Foreign Service),India-Specific Roles,Executive,Connector,"Connector: 3, Caregiver: 2",900000,1900000,15,65,80,High,8,None
WK3003,IRS Officer (Indian Revenue Service),India-Specific Roles,Executive,Organizer,"Organizer: 3, Adventurer: 2",800000,1700000,15,62,75,Very High,8,None
WK3004,ASHA Worker,India-Specific Roles,Entry,Caregiver,"Caregiver: 3, Adventurer: 2",100000,180000,10,65,75,Very High,12,None
WK3005,Anganwadi Worker,India-Specific Roles,Entry,Caregiver,"Caregiver: 3, Organizer: 2",100000,180000,5,68,72,High,10,None
WK3006,Bollywood Actor,India-Specific Roles,Specialist,Creator,"Creator: 3, Thinker: 2",300000,5000000,45,65,80,High,15,Very High
WK3007,Bollywood Director,India-Specific Roles,Senior,Leader,"Leader: 3, Connector: 2",800000,8000000,50,60,82,High,14,High
WK3008,Film Choreographer,India-Specific Roles,Mid-Level,Creator,"Creator: 3, Connector: 2",350000,1200000,40,68,78,High,13,Very High
WK3009,Bollywood Cinematographer,India-Specific Roles,Senior,Creator,"Creator: 3, Connector: 2",600000,2500000,45,65,80,High,14,High
WK3010,Music Director (Film),India-Specific Roles,Senior,Creator,"Creator: 3, Leader: 2",500000,5000000,55,70,85,High,13,Very High
WK3011,Playback Singer,India-Specific Roles,Specialist,Creator,"Creator: 3, Organizer: 2",300000,3000000,50,72,85,High,12,Very High
WK3012,Panchayat Secretary,India-Specific Roles,Mid-Level,Organizer,"Organizer: 3, Leader: 2",220000,400000,10,65,70,High,9,None
WK3013,Block Development Officer,India-Specific Roles,Mid-Level,Advocate,"Advocate: 3, Connector: 2",350000,620000,15,62,72,High,10,None
WK3014,Village Accountant (Patwari),India-Specific Roles,Entry,Organizer,"Organizer: 3, Advocate: 2",200000,380000,10,62,68,High,9,None
WK3015,Rural Development Officer,India-Specific Roles,Mid-Level,Advocate,"Advocate: 3, Thinker: 2",300000,550000,20,68,72,High,11,Low
WK3016,Khadi Artisan,India-Specific Roles,Entry,Creator,"Creator: 3, Advocate: 2",150000,280000,15,70,75,Medium,10,High
WK3017,Handloom Weaver,India-Specific Roles,Entry,Creator,"Creator: 3, Builder: 2",140000,260000,20,68,72,Medium,9,High
WK3018,Pottery Artisan,India-Specific Roles,Entry,Creator,"Creator: 3, Adventurer: 2",140000,270000,20,70,78,Medium,10,High
WK3019,Madhubani Artist,India-Specific Roles,Mid-Level,Creator,"Creator: 3, Thinker: 2",180000,400000,35,75,82,Medium,12,Very High
WK3020,Warli Artist,India-Specific Roles,Entry,Creator,"Creator: 3, Advocate: 2",160000,320000,30,72,80,Low,10,Very High
WK3021,Hindu Priest (Pandit),India-Specific Roles,Mid-Level,Caregiver,"Caregiver: 3, Organizer: 2",180000,450000,25,72,80,Medium,8,Very High
WK3022,Muslim Cleric (Imam),India-Specific Roles,Mid-Level,Caregiver,"Caregiver: 3, Creator: 2",180000,400000,15,70,78,Medium,7,Medium
WK3023,Sikh Granthi,India-Specific Roles,Mid-Level,Caregiver,"Caregiver: 3, Advocate: 2",200000,420000,10,70,80,Medium,7,Low
WK3024,Astrologer (Jyotish),India-Specific Roles,Mid-Level,Connector,"Connector: 3, Advocate: 2",200000,600000,60,75,75,Medium,10,Very High
WK3025,Vastu Shastra Expert,India-Specific Roles,Mid-Level,Advocate,"Advocate: 3, Connector: 2",250000,650000,55,75,78,Medium,11,Very High
WK3026,Ayurveda Doctor (BAMS),India-Specific Roles,Mid-Level,Caregiver,"Caregiver: 3, Builder: 2",350000,700000,30,70,78,Very High,16,High
WK3027,Homeopathy Doctor,India-Specific Roles,Mid-Level,Caregiver,"Caregiver: 3, Adventurer: 2",300000,650000,40,72,78,High,14,Very High
WK3028,Unani Medicine Practitioner,India-Specific Roles,Mid-Level,Caregiver,"Caregiver: 3, Thinker: 2",280000,580000,35,70,75,Medium,12,High
WK3029,Yoga Instructor,India-Specific Roles,Entry,Caregiver,"Caregiver: 3, Connector: 2",200000,450000,50,80,85,Very High,18,Very High
WK3030,Kathak Dancer,India-Specific Roles,Mid-Level,Creator,"Creator: 3, Organizer: 2",220000,600000,40,75,85,Medium,12,Very High
WK3031,Bharatanatyam Dancer,India-Specific Roles,Mid-Level,Creator,"Creator: 3, Leader: 2",220000,650000,35,75,85,Medium,11,Very High
WK3032,Classical Musician (Hindustani),India-Specific Roles,Mid-Level,Creator,"Creator: 3, Thinker: 2",250000,800000,45,78,88,Medium,10,Very High
WK3033,Classical Musician (Carnatic),India-Specific Roles,Mid-Level,Creator,"Creator: 3, Builder: 2",240000,750000,40,78,88,Medium,10,Very High
WK3034,Tabla Player,India-Specific Roles,Mid-Level,Creator,"Creator: 3, Leader: 2",200000,600000,45,75,85,Medium,11,Very High
WK3035,Sitar Player,India-Specific Roles,Mid-Level,Creator,"Creator: 3, Connector: 2",220000,650000,40,75,85,Low,10,Very High
WK3036,Folk Artist (Various),India-Specific Roles,Entry,Creator,"Creator: 3, Connector: 2",150000,350000,35,72,80,Medium,10,Very High
WK3037,Mehndi Artist,India-Specific Roles,Entry,Creator,"Creator: 3, Organizer: 2",150000,400000,50,78,82,High,15,Very High
WK3038,Rangoli Artist,India-Specific Roles,Entry,Creator,"Creator: 3, Advocate: 2",140000,320000,45,75,80,Medium,12,Very High
WK3039,Temple Manager,India-Specific Roles,Manager,Organizer,"Organizer: 3, Leader: 2",280000,520000,15,68,75,Medium,8,Low
WK3040,Gurudwara Manager,India-Specific Roles,Manager,Organizer,"Organizer: 3, Leader: 2",300000,550000,10,68,78,Medium,8,Low
WK3041,Dhobi (Traditional Laundry),India-Specific Roles,Entry,Builder,"Builder: 3, Advocate: 2",150000,280000,10,65,65,Medium,8,Medium
WK3042,Nai (Traditional Barber),India-Specific Roles,Entry,Connector,"Connector: 3, Caregiver: 2",160000,320000,20,70,72,Medium,9,High
WK3043,Dabbawala,India-Specific Roles,Entry,Organizer,"Organizer: 3, Leader: 2",180000,320000,5,65,75,Medium,8,Low
WK3044,Sari Draping Specialist,India-Specific Roles,Entry,Creator,"Creator: 3, Adventurer: 2",150000,350000,40,75,78,Medium,12,Very High
WK3045,Traditional Jewellery Maker,India-Specific Roles,Mid-Level,Creator,"Creator: 3, Adventurer: 2",200000,450000,25,70,78,Medium,11,High
WK3046,Bangle Maker,India-Specific Roles,Entry,Creator,"Creator: 3, Organizer: 2",140000,280000,15,68,72,Medium,9,Medium
WK3047,Dhol Player (Wedding),India-Specific Roles,Entry,Creator,"Creator: 3, Builder: 2",150000,350000,35,75,80,Medium,11,Very High
WK3048,Wedding Planner (Indian),India-Specific Roles,Mid-Level,Organizer,"Organizer: 3, Thinker: 2",300000,700000,45,70,75,Very High,18,Very High
WK3049,Pandit for Rituals,India-Specific Roles,Mid-Level,Caregiver,"Caregiver: 3, Builder: 2",200000,500000,40,72,78,High,10,Very High
WK3050,Street Food Vendor,Informal Sector & Gig Economy,Entry,Creator,"Creator: 3, Organizer: 2",120000,350000,0,60,70,Very High,10,Very High
WK3051,Vegetable Vendor (Push Cart),Informal Sector & Gig Economy,Entry,Connector,"Connector: 3, Organizer: 2",100000,250000,0,65,68,Very High,8,Very High
WK3052,Fruit Seller (Street),Informal Sector & Gig Economy,Entry,Connector,"Connector: 3, Organizer: 2",110000,260000,0,65,68,Very High,8,Very High
WK3053,Tea Stall Owner (Chai Wallah),Informal Sector & Gig Economy,Entry,Connector,"Connector: 3, Builder: 2",100000,280000,0,68,75,Very High,9,Very High
WK3054,Domestic Worker (Full-time),Informal Sector & Gig Economy,Entry,Caregiver,"Caregiver: 3, Adventurer: 2",120000,240000,0,60,65,Very High,10,Low
WK3055,Part-time Maid,Informal Sector & Gig Economy,Entry,Caregiver,"Caregiver: 3, Leader: 2",80000,180000,0,70,68,Very High,9,Very High
WK3056,Cook (Domestic),Informal Sector & Gig Economy,Entry,Creator,"Creator: 3, Connector: 2",140000,300000,0,65,70,Very High,10,High
WK3057,Security Guard (Residential),Informal Sector & Gig Economy,Entry,Organizer,"Organizer: 3, Leader: 2",150000,280000,0,55,60,Very High,9,Medium
WK3058,Watchman (Night),Informal Sector & Gig Economy,Entry,Organizer,"Organizer: 3, Leader: 2",140000,260000,0,50,58,Very High,8,Low
WK3059,Daily Wage Laborer (Construction),Informal Sector & Gig Economy,Entry,Builder,"Builder: 3, Thinker: 2",120000,240000,0,50,55,Very High,9,Very High
WK3060,Farm Laborer (Seasonal),Informal Sector & Gig Economy,Entry,Builder,"Builder: 3, Creator: 2",90000,200000,0,55,60,Very High,8,Very High
WK3061,Agricultural Worker (Daily Wage),Informal Sector & Gig Economy,Entry,Builder,"Builder: 3, Leader: 2",95000,210000,0,55,60,Very High,8,Very High
WK3062,Waste Picker (Informal Recycling),Informal Sector & Gig Economy,Entry,Builder,"Builder: 3, Creator: 2",80000,180000,0,55,58,High,10,Very High
WK3063,Rag Picker,Informal Sector & Gig Economy,Entry,Builder,"Builder: 3, Organizer: 2",75000,160000,0,55,55,Medium,8,Very High
WK3064,Shoe Shiner,Informal Sector & Gig Economy,Entry,Connector,"Connector: 3, Builder: 2",90000,200000,0,70,65,Medium,7,Very High
WK3065,Newspaper Delivery Person,Informal Sector & Gig Economy,Entry,Adventurer,"Adventurer: 3, Creator: 2",80000,160000,0,60,62,Medium,6,Very High
WK3066,Milk Delivery Person,Informal Sector & Gig Economy,Entry,Organizer,"Organizer: 3, Caregiver: 2",100000,220000,0,58,65,High,8,High
WK3067,Laundry Worker (Dhobighat),Informal Sector & Gig Economy,Entry,Builder,"Builder: 3, Connector: 2",110000,230000,0,60,62,High,8,Medium
WK3068,Ironing Service Worker,Informal Sector & Gig Economy,Entry,Builder,"Builder: 3, Caregiver: 2",100000,220000,0,65,65,High,9,High
WK3069,Flower Seller (Street),Informal Sector & Gig Economy,Entry,Creator,"Creator: 3, Adventurer: 2",90000,210000,0,68,72,High,9,Very High
WK3070,Balloon Seller,Informal Sector & Gig Economy,Entry,Connector,"Connector: 3, Caregiver: 2",70000,150000,0,70,68,Medium,8,Very High
WK3071,Toy Seller (Street),Informal Sector & Gig Economy,Entry,Connector,"Connector: 3, Creator: 2",80000,180000,0,68,65,Medium,8,Very High
WK3072,Coconut Water Vendor,Informal Sector & Gig Economy,Entry,Builder,"Builder: 3, Adventurer: 2",100000,240000,0,68,70,High,10,Very High
WK3073,Juice Stall Operator,Informal Sector & Gig Economy,Entry,Creator,"Creator: 3, Adventurer: 2",110000,260000,0,68,72,High,11,Very High
WK3074,Paan Shop Owner,Informal Sector & Gig Economy,Entry,Connector,"Connector: 3, Adventurer: 2",120000,280000,0,70,70,High,8,Medium
WK3075,Rickshaw Puller (Cycle),Informal Sector & Gig Economy,Entry,Adventurer,"Adventurer: 3, Caregiver: 2",90000,200000,0,50,58,Medium,5,Very High
WK3076,Auto Rickshaw Driver (Own Vehicle),Informal Sector & Gig Economy,Entry,Adventurer,"Adventurer: 3, Creator: 2",180000,380000,5,60,68,Very High,10,Very High
WK3077,Auto Rickshaw Driver (Rented),Informal Sector & Gig Economy,Entry,Adventurer,"Adventurer: 3, Thinker: 2",140000,280000,5,58,62,Very High,9,Very High
WK3078,Tempo Driver,Informal Sector & Gig Economy,Entry,Adventurer,"Adventurer: 3, Organizer: 2",160000,320000,0,55,62,High,9,Medium
WK3079,E-Rickshaw Driver,Informal Sector & Gig Economy,Entry,Adventurer,"Adventurer: 3, Leader: 2",140000,300000,5,62,68,Very High,18,High
WK3080,Ola/Uber Driver (Full-time),Informal Sector & Gig Economy,Entry,Adventurer,"Adventurer: 3, Advocate: 2",180000,380000,10,58,65,Very High,12,Very High
WK3081,Rapido Bike Taxi Driver,Informal Sector & Gig Economy,Entry,Adventurer,"Adventurer: 3, Builder: 2",140000,300000,15,60,68,Very High,20,Very High
WK3082,Zomato Delivery Partner,Informal Sector & Gig Economy,Entry,Adventurer,"Adventurer: 3, Thinker: 2",150000,320000,15,58,65,Very High,22,Very High
WK3083,Swiggy Delivery Executive,Informal Sector & Gig Economy,Entry,Adventurer,"Adventurer: 3, Organizer: 2",150000,320000,15,58,65,Very High,22,Very High
WK3084,Amazon Delivery Associate,Informal Sector & Gig Economy,Entry,Organizer,"Organizer: 3, Creator: 2",160000,300000,10,55,62,Very High,18,Medium
WK3085,Flipkart Delivery Boy,Informal Sector & Gig Economy,Entry,Adventurer,"Adventurer: 3, Leader: 2",160000,300000,10,55,62,Very High,18,Medium
WK3086,Dunzo Task Runner,Informal Sector & Gig Economy,Entry,Adventurer,"Adventurer: 3, Leader: 2",140000,280000,20,62,68,High,16,Very High
WK3087,Urban Company Service Partner,Informal Sector & Gig Economy,Entry,Builder,"Builder: 3, Organizer: 2",150000,350000,25,68,72,Very High,20,Very High
WK3088,Porter (Goods Carrier),Informal Sector & Gig Economy,Entry,Builder,"Builder: 3, Creator: 2",100000,220000,0,50,58,High,9,Very High
WK3089,Coolie (Railway/Bus Station),Informal Sector & Gig Economy,Entry,Builder,"Builder: 3, Creator: 2",90000,200000,0,52,60,High,8,Very High
WK3090,Parking Attendant,Informal Sector & Gig Economy,Entry,Organizer,"Organizer: 3, Connector: 2",120000,240000,0,62,62,High,8,Low
WK3091,Car Washer (Roadside),Informal Sector & Gig Economy,Entry,Builder,"Builder: 3, Connector: 2",90000,200000,0,62,65,High,9,High
WK3092,Bike Mechanic (Roadside),Informal Sector & Gig Economy,Entry,Builder,"Builder: 3, Caregiver: 2",120000,260000,0,65,68,High,10,High
WK3093,Puncture Repair Worker,Informal Sector & Gig Economy,Entry,Builder,"Builder: 3, Organizer: 2",100000,220000,0,65,65,High,9,Very High
WK3094,Mobile Recharge Shop Operator,Informal Sector & Gig Economy,Entry,Connector,"Connector: 3, Builder: 2",100000,240000,5,68,68,High,10,High
WK3095,Photocopy Shop Worker,Informal Sector & Gig Economy,Entry,Organizer,"Organizer: 3, Adventurer: 2",110000,230000,5,65,65,Medium,8,Medium
WK3096,STD/PCO Booth Operator,Informal Sector & Gig Economy,Entry,Connector,"Connector: 3, Thinker: 2",90000,200000,0,68,65,Low,5,Medium
WK3097,Tailor (Local Shop),Informal Sector & Gig Economy,Entry,Creator,"Creator: 3, Advocate: 2",120000,280000,10,68,72,High,10,Very High
WK3098,Embroidery Worker,Informal Sector & Gig Economy,Entry,Creator,"Creator: 3, Organizer: 2",100000,240000,15,70,75,Medium,9,High
WK3099,Cobbler (Shoe Repair),Informal Sector & Gig Economy,Entry,Builder,"Builder: 3, Leader: 2",90000,200000,0,70,68,Medium,7,Very High
WK3100,Street Barber,Informal Sector & Gig Economy,Entry,Connector,"Connector: 3, Advocate: 2",100000,220000,0,68,70,Medium,8,High
WK3101,Beauty Parlor Worker (Small),Informal Sector & Gig Economy,Entry,Creator,"Creator: 3, Builder: 2",120000,260000,5,68,72,High,12,High
WK3102,Mehendi Artist (Freelance),Informal Sector & Gig Economy,Entry,Creator,"Creator: 3, Organizer: 2",120000,350000,40,78,80,High,14,Very High
WK3103,Balloon Decorator,Informal Sector & Gig Economy,Entry,Creator,"Creator: 3, Caregiver: 2",100000,250000,15,72,75,Medium,12,Very High
WK3104,Tent House Worker,Informal Sector & Gig Economy,Entry,Builder,"Builder: 3, Thinker: 2",110000,240000,0,58,62,High,10,Medium
WK3105,Caterer (Small Events),Informal Sector & Gig Economy,Entry,Organizer,"Organizer: 3, Builder: 2",140000,320000,10,62,70,High,12,Very High
WK3106,Waiter (Small Restaurant),Informal Sector & Gig Economy,Entry,Connector,"Connector: 3, Builder: 2",120000,240000,0,58,62,Very High,10,Low
WK3107,Kitchen Helper,Informal Sector & Gig Economy,Entry,Builder,"Builder: 3, Advocate: 2",100000,200000,0,55,58,Very High,9,Low
WK3108,Dishwasher (Restaurant),Informal Sector & Gig Economy,Entry,Builder,"Builder: 3, Connector: 2",90000,180000,0,55,55,Very High,8,Low
WK3109,Grocery Store Helper,Informal Sector & Gig Economy,Entry,Organizer,"Organizer: 3, Creator: 2",110000,220000,0,60,62,High,9,Low
WK3110,Delivery Boy (Local Shops),Informal Sector & Gig Economy,Entry,Adventurer,"Adventurer: 3, Organizer: 2",100000,220000,5,60,62,High,10,High
WK3111,Handbill Distributor,Informal Sector & Gig Economy,Entry,Connector,"Connector: 3, Adventurer: 2",80000,160000,0,65,60,Medium,7,Very High
WK3112,Event Promoter (Freelance),Informal Sector & Gig Economy,Entry,Connector,"Connector: 3, Thinker: 2",100000,240000,20,68,70,Medium,11,Very High
WK3113,Wedding Videographer (Small),Informal Sector & Gig Economy,Entry,Creator,"Creator: 3, Thinker: 2",150000,350000,20,70,75,High,13,Very High
WK3114,DJ (Small Events),Informal Sector & Gig Economy,Entry,Creator,"Creator: 3, Organizer: 2",140000,400000,25,72,78,High,14,Very High
WK3115,Construction Helper,Informal Sector & Gig Economy,Entry,Builder,"Builder: 3, Organizer: 2",110000,230000,0,52,58,Very High,9,Very High
WK3116,Painting Helper,Informal Sector & Gig Economy,Entry,Builder,"Builder: 3, Caregiver: 2",100000,220000,0,58,60,High,10,High
WK3117,Electrician Helper,Informal Sector & Gig Economy,Entry,Builder,"Builder: 3, Advocate: 2",110000,240000,0,58,62,High,11,Medium
WK3118,Plumbing Assistant,Informal Sector & Gig Economy,Entry,Builder,"Builder: 3, Creator: 2",110000,240000,0,58,62,High,11,Medium
WK3119,Gardener (Residential),Informal Sector & Gig Economy,Entry,Caregiver,"Caregiver: 3, Adventurer: 2",110000,240000,0,70,72,High,10,High
WK3120,Pet Walker,Informal Sector & Gig Economy,Entry,Caregiver,"Caregiver: 3, Leader: 2",90000,220000,20,78,82,Medium,16,Very High
WK3121,Elderly Care Companion,Informal Sector & Gig Economy,Entry,Caregiver,"Caregiver: 3, Leader: 2",130000,280000,5,70,75,Very High,18,High
WK3122,Babysitter (Freelance),Informal Sector & Gig Economy,Entry,Caregiver,"Caregiver: 3, Creator: 2",100000,240000,10,72,75,High,12,Very High
WK3123,Tutor (Home Tuition),Informal Sector & Gig Economy,Entry,Advocate,"Advocate: 3, Builder: 2",120000,350000,30,75,78,Very High,14,Very High
WK3124,Language Translator (Freelance),Informal Sector & Gig Economy,Mid-Level,Connector,"Connector: 3, Leader: 2",180000,450000,80,78,80,High,15,Very High
WK3125,Content Writer (Gig),Informal Sector & Gig Economy,Entry,Creator,"Creator: 3, Adventurer: 2",150000,380000,90,80,82,Very High,18,Very High
WK3126,Social Media Manager (Freelance),Informal Sector & Gig Economy,Entry,Creator,"Creator: 3, Builder: 2",180000,450000,90,78,80,Very High,20,Very High
WK3127,Graphic Designer (Freelance),Informal Sector & Gig Economy,Entry,Creator,"Creator: 3, Adventurer: 2",160000,400000,90,78,82,Very High,18,Very High
WK3128,Video Editor (Freelance),Informal Sector & Gig Economy,Entry,Creator,"Creator: 3, Adventurer: 2",180000,450000,85,75,80,Very High,20,Very High
WK3129,Photographer (Freelance),Informal Sector & Gig Economy,Entry,Creator,"Creator: 3, Builder: 2",150000,400000,40,75,82,High,15,Very High
WK3130,Battery Design Engineer,Electric Mobility & Battery Tech,Senior,Thinker,"Thinker: 3, Advocate: 2",650000,1200000,40,70,78,Very High,32,Medium
WK3131,Battery Management System Engineer,Electric Mobility & Battery Tech,Mid-Level,Thinker,"Thinker: 3, Organizer: 2",550000,1000000,35,70,75,Very High,30,Medium
WK3132,Lithium-ion Battery Technician,Electric Mobility & Battery Tech,Entry,Builder,"Builder: 3, Organizer: 2",280000,500000,15,65,70,Very High,28,Low
WK3133,Battery Testing Engineer,Electric Mobility & Battery Tech,Mid-Level,Thinker,"Thinker: 3, Leader: 2",480000,850000,30,68,72,Very High,28,Low
WK3134,EV Powertrain Engineer,Electric Mobility & Battery Tech,Senior,Thinker,"Thinker: 3, Caregiver: 2",700000,1300000,35,68,75,Very High,30,Medium
WK3135,EV Charging Infrastructure Manager,Electric Mobility & Battery Tech,Manager,Organizer,"Organizer: 3, Builder: 2",550000,1000000,25,65,72,Very High,32,Low
WK3136,EV Charging Station Technician,Electric Mobility & Battery Tech,Entry,Builder,"Builder: 3, Creator: 2",250000,450000,15,65,68,Very High,30,Medium
WK3137,Electric Vehicle Service Technician,Electric Mobility & Battery Tech,Entry,Builder,"Builder: 3, Thinker: 2",220000,420000,10,65,70,Very High,28,Medium
WK3138,EV Battery Swap Operator,Electric Mobility & Battery Tech,Entry,Organizer,"Organizer: 3, Leader: 2",180000,320000,10,62,68,Very High,26,Low
WK3139,Electric Two-Wheeler Mechanic,Electric Mobility & Battery Tech,Entry,Builder,"Builder: 3, Organizer: 2",200000,380000,10,65,70,Very High,26,High
WK3140,EV Fleet Manager,Electric Mobility & Battery Tech,Manager,Organizer,"Organizer: 3, Adventurer: 2",500000,900000,30,65,70,Very High,28,Low
WK3141,Battery Recycling Specialist,Electric Mobility & Battery Tech,Mid-Level,Thinker,"Thinker: 3, Leader: 2",420000,750000,25,68,72,Very High,30,Low
WK3142,EV Telematics Engineer,Electric Mobility & Battery Tech,Mid-Level,Thinker,"Thinker: 3, Connector: 2",550000,1000000,50,72,75,Very High,28,Medium
WK3143,Electric Bus Operations Manager,Electric Mobility & Battery Tech,Manager,Organizer,"Organizer: 3, Advocate: 2",480000,850000,20,62,68,Very High,24,Low
WK3144,EV Product Manager,Electric Mobility & Battery Tech,Manager,Leader,"Leader: 3, Adventurer: 2",800000,1500000,50,68,78,Very High,28,Low
WK3145,Battery Cell Manufacturing Engineer,Electric Mobility & Battery Tech,Senior,Thinker,"Thinker: 3, Caregiver: 2",600000,1100000,25,68,72,Very High,32,Low
WK3146,EV Thermal Management Engineer,Electric Mobility & Battery Tech,Senior,Thinker,"Thinker: 3, Caregiver: 2",650000,1200000,35,70,75,Very High,28,Low
WK3147,Charging Network Planner,Electric Mobility & Battery Tech,Mid-Level,Thinker,"Thinker: 3, Caregiver: 2",480000,850000,45,70,72,Very High,30,Medium
WK3148,EV Sales Consultant,Electric Mobility & Battery Tech,Entry,Connector,"Connector: 3, Thinker: 2",250000,550000,20,68,72,Very High,26,Medium
WK3149,Battery Supply Chain Manager,Electric Mobility & Battery Tech,Manager,Organizer,"Organizer: 3, Caregiver: 2",650000,1200000,35,65,70,Very High,28,Low
WK3150,EV Homologation Specialist,Electric Mobility & Battery Tech,Mid-Level,Organizer,"Organizer: 3, Connector: 2",480000,850000,30,68,70,High,24,Low
WK3151,Electric Scooter Assembly Technician,Electric Mobility & Battery Tech,Entry,Builder,"Builder: 3, Creator: 2",200000,360000,5,60,65,Very High,26,None
WK3152,Battery Pack Assembly Worker,Electric Mobility & Battery Tech,Entry,Builder,"Builder: 3, Adventurer: 2",200000,350000,5,60,65,Very High,28,None
WK3153,EV Motor Design Engineer,Electric Mobility & Battery Tech,Senior,Thinker,"Thinker: 3, Caregiver: 2",700000,1300000,35,68,75,Very High,28,Medium
WK3154,Charging Point Installer,Electric Mobility & Battery Tech,Entry,Builder,"Builder: 3, Leader: 2",220000,400000,10,62,68,Very High,32,Medium
WK3155,EV Data Analyst,Electric Mobility & Battery Tech,Mid-Level,Thinker,"Thinker: 3, Adventurer: 2",500000,900000,70,75,78,Very High,26,High
WK3156,Battery Warranty Analyst,Electric Mobility & Battery Tech,Mid-Level,Thinker,"Thinker: 3, Caregiver: 2",420000,750000,45,70,72,High,22,Medium
WK3157,EV Policy Advisor,Electric Mobility & Battery Tech,Senior,Advocate,"Advocate: 3, Caregiver: 2",650000,1200000,55,72,78,High,24,High
WK3158,Solid-State Battery Researcher,Electric Mobility & Battery Tech,Senior,Thinker,"Thinker: 3, Adventurer: 2",800000,1500000,40,70,80,Very High,35,Low
WK3159,E-Mobility Startup Founder,Electric Mobility & Battery Tech,Executive,Leader,"Leader: 3, Thinker: 2",500000,3000000,60,60,85,Very High,30,High
WK3160,Semiconductor Process Engineer,Semiconductors & Electronics,Senior,Thinker,"Thinker: 3, Leader: 2",800000,1500000,30,65,75,Very High,28,Low
WK3161,Chip Design Engineer,Semiconductors & Electronics,Senior,Thinker,"Thinker: 3, Builder: 2",900000,1700000,45,70,80,Very High,30,Medium
WK3162,VLSI Design Engineer,Semiconductors & Electronics,Mid-Level,Thinker,"Thinker: 3, Organizer: 2",650000,1200000,40,68,75,Very High,28,Medium
WK3163,Wafer Fabrication Technician,Semiconductors & Electronics,Entry,Builder,"Builder: 3, Organizer: 2",300000,550000,5,60,68,Very High,26,None
WK3164,Semiconductor Equipment Engineer,Semiconductors & Electronics,Mid-Level,Builder,"Builder: 3, Creator: 2",550000,1000000,25,65,70,Very High,26,Low
WK3165,IC Layout Designer,Semiconductors & Electronics,Mid-Level,Creator,"Creator: 3, Organizer: 2",600000,1100000,50,70,75,Very High,28,High
WK3166,Analog Circuit Designer,Semiconductors & Electronics,Senior,Thinker,"Thinker: 3, Caregiver: 2",750000,1400000,40,68,78,Very High,26,Medium
WK3167,Digital Circuit Designer,Semiconductors & Electronics,Senior,Thinker,"Thinker: 3, Caregiver: 2",750000,1400000,40,68,78,Very High,26,Medium
WK3168,Semiconductor Test Engineer,Semiconductors & Electronics,Mid-Level,Thinker,"Thinker: 3, Creator: 2",500000,900000,30,68,70,Very High,24,Low
WK3169,Cleanroom Technician,Semiconductors & Electronics,Entry,Organizer,"Organizer: 3, Builder: 2",250000,450000,0,58,65,Very High,24,None
WK3170,PCB Design Engineer,Semiconductors & Electronics,Mid-Level,Thinker,"Thinker: 3, Builder: 2",480000,850000,45,70,72,Very High,22,High
WK3171,Embedded Systems Engineer,Semiconductors & Electronics,Mid-Level,Thinker,"Thinker: 3, Adventurer: 2",550000,1000000,50,70,75,Very High,24,Medium
WK3172,FPGA Engineer,Semiconductors & Electronics,Senior,Thinker,"Thinker: 3, Caregiver: 2",700000,1300000,45,68,75,Very High,26,Medium
WK3173,Semiconductor Quality Engineer,Semiconductors & Electronics,Mid-Level,Organizer,"Organizer: 3, Adventurer: 2",500000,900000,25,68,70,Very High,22,Low
WK3174,Fab Operations Manager,Semiconductors & Electronics,Manager,Leader,"Leader: 3, Builder: 2",900000,1700000,20,60,72,Very High,24,None
WK3175,Semiconductor Packaging Engineer,Semiconductors & Electronics,Mid-Level,Thinker,"Thinker: 3, Advocate: 2",550000,1000000,30,68,72,Very High,24,Low
WK3176,Yield Enhancement Engineer,Semiconductors & Electronics,Senior,Thinker,"Thinker: 3, Advocate: 2",750000,1400000,35,68,75,Very High,26,Low
WK3177,Failure Analysis Engineer,Semiconductors & Electronics,Mid-Level,Thinker,"Thinker: 3, Leader: 2",600000,1100000,30,68,72,Very High,22,Low
WK3178,Silicon Validation Engineer,Semiconductors & Electronics,Senior,Thinker,"Thinker: 3, Adventurer: 2",700000,1300000,40,68,75,Very High,24,Medium
WK3179,RF Circuit Designer,Semiconductors & Electronics,Senior,Thinker,"Thinker: 3, Organizer: 2",800000,1500000,40,68,78,Very High,26,Medium
WK3180,Semiconductor Equipment Maintenance Technician,Semiconductors & Electronics,Entry,Builder,"Builder: 3, Advocate: 2",280000,500000,10,62,68,Very High,22,Low
WK3181,Mask Designer,Semiconductors & Electronics,Mid-Level,Creator,"Creator: 3, Organizer: 2",550000,1000000,45,70,75,High,24,Medium
WK3182,Semiconductor Supply Chain Analyst,Semiconductors & Electronics,Mid-Level,Thinker,"Thinker: 3, Creator: 2",500000,900000,60,72,72,Very High,24,Medium
WK3183,Chip Verification Engineer,Semiconductors & Electronics,Senior,Thinker,"Thinker: 3, Leader: 2",750000,1400000,50,70,75,Very High,28,Medium
WK3184,Electronics Manufacturing Supervisor,Semiconductors & Electronics,Mid-Level,Organizer,"Organizer: 3, Adventurer: 2",380000,680000,15,62,68,Very High,20,Low
WK3185,Payment Gateway Specialist,FinTech & Digital Finance,Mid-Level,Thinker,"Thinker: 3, Advocate: 2",550000,1000000,60,72,75,Very High,26,Medium
WK3186,UPI Integration Developer,FinTech & Digital Finance,Mid-Level,Thinker,"Thinker: 3, Adventurer: 2",500000,900000,70,72,75,Very High,28,High
WK3187,Digital Wallet Product Manager,FinTech & Digital Finance,Manager,Leader,"Leader: 3, Creator: 2",800000,1500000,65,70,78,Very High,24,Low
WK3188,Cryptocurrency Analyst,FinTech & Digital Finance,Mid-Level,Thinker,"Thinker: 3, Creator: 2",600000,1200000,80,72,78,High,30,Very High
WK3189,Blockchain Developer,FinTech & Digital Finance,Senior,Thinker,"Thinker: 3, Adventurer: 2",800000,1600000,75,72,80,Very High,32,High
WK3190,DeFi Protocol Developer,FinTech & Digital Finance,Senior,Thinker,"Thinker: 3, Connector: 2",900000,1800000,85,70,82,High,35,Very High
WK3191,Smart Contract Developer,FinTech & Digital Finance,Mid-Level,Thinker,"Thinker: 3, Advocate: 2",650000,1300000,80,72,78,High,32,High
WK3192,FinTech Compliance Officer,FinTech & Digital Finance,Mid-Level,Organizer,"Organizer: 3, Connector: 2",500000,900000,50,68,70,Very High,20,Low
WK3193,Digital Banking Product Manager,FinTech & Digital Finance,Manager,Leader,"Leader: 3, Creator: 2",850000,1600000,60,68,75,Very High,22,Low
WK3194,Neo-Banking Operations Manager,FinTech & Digital Finance,Manager,Organizer,"Organizer: 3, Caregiver: 2",700000,1300000,55,65,72,Very High,24,Low
WK3195,Credit Risk Modeler (AI/ML),FinTech & Digital Finance,Senior,Thinker,"Thinker: 3, Adventurer: 2",900000,1700000,70,72,78,Very High,26,Medium
WK3196,Fraud Detection Analyst,FinTech & Digital Finance,Mid-Level,Thinker,"Thinker: 3, Adventurer: 2",500000,900000,65,70,72,Very High,24,Medium
WK3197,KYC Verification Specialist,FinTech & Digital Finance,Entry,Organizer,"Organizer: 3, Creator: 2",250000,450000,40,65,65,Very High,18,Medium
WK3198,Micro-lending Platform Manager,FinTech & Digital Finance,Manager,Leader,"Leader: 3, Advocate: 2",700000,1300000,55,68,75,Very High,26,Low
WK3199,BNPL Operations Specialist,FinTech & Digital Finance,Mid-Level,Organizer,"Organizer: 3, Adventurer: 2",450000,800000,60,70,72,Very High,28,Low
WK3200,Insurance Tech Product Manager,FinTech & Digital Finance,Manager,Leader,"Leader: 3, Adventurer: 2",800000,1500000,60,68,75,Very High,24,Low
WK3201,Robo-Advisory Developer,FinTech & Digital Finance,Senior,Thinker,"Thinker: 3, Adventurer: 2",750000,1400000,75,72,78,High,26,Medium
WK3202,Peer-to-Peer Lending Analyst,FinTech & Digital Finance,Mid-Level,Thinker,"Thinker: 3, Connector: 2",480000,850000,65,70,72,High,22,Medium
WK3203,Open Banking API Developer,FinTech & Digital Finance,Mid-Level,Thinker,"Thinker: 3, Connector: 2",600000,1100000,70,72,75,Very High,28,High
WK3204,Financial Data Scientist,FinTech & Digital Finance,Senior,Thinker,"Thinker: 3, Leader: 2",1000000,2000000,75,72,80,Very High,30,High
WK3205,RegTech Specialist,FinTech & Digital Finance,Mid-Level,Organizer,"Organizer: 3, Leader: 2",550000,1000000,60,70,72,Very High,24,Medium
WK3206,Trading Algorithm Developer,FinTech & Digital Finance,Senior,Thinker,"Thinker: 3, Creator: 2",1200000,2500000,70,68,80,High,28,Medium
WK3207,Credit Scoring Analyst,FinTech & Digital Finance,Mid-Level,Thinker,"Thinker: 3, Adventurer: 2",480000,850000,65,70,72,Very High,22,Medium
WK3208,Mobile Banking UX Designer,FinTech & Digital Finance,Mid-Level,Creator,"Creator: 3, Advocate: 2",550000,1000000,75,75,80,Very High,24,High
WK3209,Digital Payments Fraud Investigator,FinTech & Digital Finance,Mid-Level,Thinker,"Thinker: 3, Builder: 2",500000,900000,50,68,70,Very High,22,Low
WK3210,QR Code Payment Systems Engineer,FinTech & Digital Finance,Mid-Level,Thinker,"Thinker: 3, Caregiver: 2",480000,850000,60,70,72,Very High,24,Medium
WK3211,Wealth Management Platform Developer,FinTech & Digital Finance,Senior,Thinker,"Thinker: 3, Advocate: 2",750000,1400000,65,70,75,High,22,Medium
WK3212,Invoice Discounting Platform Manager,FinTech & Digital Finance,Manager,Organizer,"Organizer: 3, Creator: 2",650000,1200000,55,68,72,High,24,Low
WK3213,Financial Inclusion Specialist,FinTech & Digital Finance,Mid-Level,Advocate,"Advocate: 3, Leader: 2",450000,800000,40,72,78,High,20,Medium
WK3214,Digital Gold Platform Manager,FinTech & Digital Finance,Manager,Organizer,"Organizer: 3, Caregiver: 2",600000,1100000,60,68,72,High,22,Low
WK3215,Neobank Customer Success Manager,FinTech & Digital Finance,Mid-Level,Connector,"Connector: 3, Thinker: 2",450000,800000,65,70,75,Very High,24,Low
WK3216,Payment Security Engineer,FinTech & Digital Finance,Senior,Thinker,"Thinker: 3, Connector: 2",750000,1400000,55,68,75,Very High,26,Medium
WK3217,CBDC Implementation Specialist,FinTech & Digital Finance,Senior,Thinker,"Thinker: 3, Caregiver: 2",800000,1500000,50,68,75,High,28,Low
WK3218,Financial API Integration Specialist,FinTech & Digital Finance,Mid-Level,Thinker,"Thinker: 3, Adventurer: 2",500000,900000,70,72,72,Very High,24,High
WK3219,Embedded Finance Product Manager,FinTech & Digital Finance,Manager,Leader,"Leader: 3, Connector: 2",800000,1500000,65,68,78,Very High,28,Low
WK3220,Panchayat Development Worker,Regional & Rural Specific,Entry,Advocate,"Advocate: 3, Creator: 2",180000,320000,10,68,72,High,10,None
WK3221,Krishi Vigyan Kendra Volunteer,Regional & Rural Specific,Entry,Advocate,"Advocate: 3, Connector: 2",150000,280000,15,70,75,High,11,Medium
WK3222,Self-Help Group Coordinator,Regional & Rural Specific,Mid-Level,Organizer,"Organizer: 3, Caregiver: 2",200000,380000,20,70,75,High,12,Low
WK3223,Microfinance Field Officer,Regional & Rural Specific,Entry,Connector,"Connector: 3, Advocate: 2",220000,420000,25,68,70,Very High,14,Low
WK3224,MGNREGA Supervisor,Regional & Rural Specific,Entry,Organizer,"Organizer: 3, Adventurer: 2",180000,320000,5,62,68,High,9,None
WK3225,Rural BPO Operator,Regional & Rural Specific,Entry,Connector,"Connector: 3, Advocate: 2",150000,280000,30,68,70,High,14,Low
WK3226,Village-Level Entrepreneur,Regional & Rural Specific,Entry,Leader,"Leader: 3, Adventurer: 2",120000,400000,20,70,75,Medium,16,Very High
WK3227,Bamboo Artisan (North-East),Regional & Rural Specific,Entry,Creator,"Creator: 3, Caregiver: 2",120000,280000,15,72,78,Medium,12,High
WK3228,Cane Furniture Maker,Regional & Rural Specific,Entry,Creator,"Creator: 3, Leader: 2",130000,290000,15,70,75,Medium,11,High
WK3229,Tribal Handicraft Artisan,Regional & Rural Specific,Entry,Creator,"Creator: 3, Adventurer: 2",110000,260000,20,72,80,Medium,12,Very High
WK3230,Sikki Grass Artisan (Bihar),Regional & Rural Specific,Entry,Creator,"Creator: 3, Thinker: 2",100000,240000,20,72,78,Low,10,High
WK3231,Terracotta Artist,Regional & Rural Specific,Entry,Creator,"Creator: 3, Advocate: 2",110000,260000,20,70,78,Medium,11,High
WK3232,Carpet Weaver (Kashmir),Regional & Rural Specific,Entry,Creator,"Creator: 3, Connector: 2",130000,300000,15,68,75,Medium,10,High
WK3233,Pashmina Weaver,Regional & Rural Specific,Mid-Level,Creator,"Creator: 3, Caregiver: 2",180000,400000,10,70,78,Medium,11,Medium
WK3234,Tea Garden Worker,Regional & Rural Specific,Entry,Builder,"Builder: 3, Creator: 2",110000,220000,0,55,62,High,8,None
WK3235,Rubber Tapper (Kerala),Regional & Rural Specific,Entry,Builder,"Builder: 3, Advocate: 2",120000,240000,0,58,62,High,9,Low
WK3236,Toddy Tapper,Regional & Rural Specific,Entry,Adventurer,"Adventurer: 3, Advocate: 2",110000,250000,0,60,68,Medium,8,High
WK3237,Coconut Climber,Regional & Rural Specific,Entry,Adventurer,"Adventurer: 3, Organizer: 2",130000,280000,0,58,65,High,10,High
WK3238,Fishing Boat Crew Member,Regional & Rural Specific,Entry,Adventurer,"Adventurer: 3, Caregiver: 2",140000,290000,0,55,62,High,9,Low
WK3239,Salt Pan Worker,Regional & Rural Specific,Entry,Builder,"Builder: 3, Leader: 2",100000,220000,0,52,58,Medium,8,Low
WK3240,Brick Kiln Worker,Regional & Rural Specific,Entry,Builder,"Builder: 3, Leader: 2",110000,230000,0,48,55,High,8,Low
WK3241,Stone Quarry Worker,Regional & Rural Specific,Entry,Builder,"Builder: 3, Caregiver: 2",120000,250000,0,48,55,Medium,8,Low
WK3242,Jute Mill Worker,Regional & Rural Specific,Entry,Builder,"Builder: 3, Connector: 2",130000,260000,0,55,60,Medium,8,None
WK3243,Beedi Roller,Regional & Rural Specific,Entry,Builder,"Builder: 3, Adventurer: 2",90000,190000,5,60,58,Medium,6,Very High
WK3244,Agarbatti Maker,Regional & Rural Specific,Entry,Builder,"Builder: 3, Connector: 2",100000,210000,10,62,62,Medium,8,High
WK3245,Papad Maker (Home-based),Regional & Rural Specific,Entry,Creator,"Creator: 3, Organizer: 2",90000,200000,15,70,68,Medium,9,Very High
WK3246,Pickle Making Unit Worker,Regional & Rural Specific,Entry,Builder,"Builder: 3, Creator: 2",100000,220000,10,65,65,Medium,10,Medium
WK3247,Village Milk Collection Agent,Regional & Rural Specific,Entry,Organizer,"Organizer: 3, Builder: 2",110000,240000,5,65,68,High,10,Low
WK3248,Panchayat Computer Operator,Regional & Rural Specific,Entry,Organizer,"Organizer: 3, Caregiver: 2",150000,280000,15,68,70,High,11,Low
WK3249,Rural E-commerce Hub Manager,Regional & Rural Specific,Mid-Level,Organizer,"Organizer: 3, Advocate: 2",220000,420000,35,68,72,Very High,20,Low
WK3250,AI Ethics Specialist,AI & Emerging Technologies,Senior,Advocate,"Advocate: 3, Leader: 2",800000,1500000,75,75,82,Very High,35,High
WK3251,AI Safety Researcher,AI & Emerging Technologies,Senior,Thinker,"Thinker: 3, Leader: 2",1000000,2000000,80,72,85,Very High,38,Medium
WK3252,Prompt Engineer,AI & Emerging Technologies,Mid-Level,Creator,"Creator: 3, Organizer: 2",600000,1200000,85,78,80,Very High,40,Very High
WK3253,LLM Fine-tuning Specialist,AI & Emerging Technologies,Senior,Thinker,"Thinker: 3, Connector: 2",900000,1800000,80,72,82,Very High,42,High
WK3254,Generative AI Developer,AI & Emerging Technologies,Mid-Level,Creator,"Creator: 3, Thinker: 2",750000,1500000,80,75,82,Very High,45,High
WK3255,Computer Vision Engineer,AI & Emerging Technologies,Senior,Thinker,"Thinker: 3, Connector: 2",850000,1600000,70,72,80,Very High,35,Medium
WK3256,NLP Engineer,AI & Emerging Technologies,Mid-Level,Thinker,"Thinker: 3, Caregiver: 2",700000,1400000,75,72,78,Very High,36,Medium
WK3257,MLOps Engineer,AI & Emerging Technologies,Mid-Level,Thinker,"Thinker: 3, Organizer: 2",750000,1400000,75,72,78,Very High,38,Medium
WK3258,AI Product Manager,AI & Emerging Technologies,Manager,Leader,"Leader: 3, Adventurer: 2",1200000,2500000,70,68,82,Very High,38,Low
WK3259,Robotics Process Automation Developer,AI & Emerging Technologies,Mid-Level,Thinker,"Thinker: 3, Leader: 2",600000,1100000,70,72,75,Very High,32,High
WK3260,Drone AI Engineer,AI & Emerging Technologies,Senior,Thinker,"Thinker: 3, Connector: 2",750000,1400000,65,70,78,Very High,34,Medium
WK3261,Autonomous Vehicle AI Engineer,AI & Emerging Technologies,Senior,Thinker,"Thinker: 3, Advocate: 2",1000000,2000000,60,68,80,Very High,36,Low
WK3262,AI Data Labeling Manager,AI & Emerging Technologies,Mid-Level,Organizer,"Organizer: 3, Advocate: 2",400000,750000,60,70,70,Very High,28,Medium
WK3263,Synthetic Data Engineer,AI & Emerging Technologies,Mid-Level,Thinker,"Thinker: 3, Connector: 2",650000,1200000,75,72,78,Very High,35,Medium
WK3264,AI Model Validator,AI & Emerging Technologies,Mid-Level,Thinker,"Thinker: 3, Creator: 2",600000,1100000,70,72,75,Very High,32,Medium
WK3265,Edge AI Developer,AI & Emerging Technologies,Senior,Thinker,"Thinker: 3, Caregiver: 2",800000,1500000,65,70,78,Very High,36,Medium
WK3266,Quantum Computing Researcher,AI & Emerging Technologies,Senior,Thinker,"Thinker: 3, Leader: 2",1500000,3000000,75,70,88,High,45,Low
WK3267,Quantum Algorithm Developer,AI & Emerging Technologies,Senior,Thinker,"Thinker: 3, Builder: 2",1200000,2500000,75,72,85,High,42,Medium
WK3268,AR/VR Developer,AI & Emerging Technologies,Mid-Level,Creator,"Creator: 3, Caregiver: 2",600000,1200000,70,72,80,Very High,32,High
WK3269,Metaverse Architect,AI & Emerging Technologies,Senior,Creator,"Creator: 3, Advocate: 2",900000,1800000,75,70,82,High,35,High
WK3270,Digital Twin Engineer,AI & Emerging Technologies,Senior,Thinker,"Thinker: 3, Organizer: 2",850000,1600000,65,70,78,Very High,34,Medium
WK3271,IoT Solutions Architect,AI & Emerging Technologies,Senior,Thinker,"Thinker: 3, Connector: 2",800000,1500000,60,70,78,Very High,30,Medium
WK3272,5G Network Specialist,AI & Emerging Technologies,Mid-Level,Thinker,"Thinker: 3, Leader: 2",650000,1200000,45,68,75,Very High,28,Low
WK3273,Edge Computing Engineer,AI & Emerging Technologies,Senior,Thinker,"Thinker: 3, Advocate: 2",750000,1400000,65,70,76,Very High,32,Medium
WK3274,Federated Learning Engineer,AI & Emerging Technologies,Senior,Thinker,"Thinker: 3, Caregiver: 2",900000,1700000,80,72,80,High,38,Medium
WK3275,AI Bias Auditor,AI & Emerging Technologies,Mid-Level,Advocate,"Advocate: 3, Organizer: 2",650000,1200000,75,75,80,Very High,36,High
WK3276,Conversational AI Designer,AI & Emerging Technologies,Mid-Level,Creator,"Creator: 3, Leader: 2",600000,1100000,80,75,80,Very High,36,High
WK3277,AI Training Data Curator,AI & Emerging Technologies,Entry,Organizer,"Organizer: 3, Builder: 2",300000,600000,70,72,72,Very High,30,High
WK3278,Neural Architecture Search Engineer,AI & Emerging Technologies,Senior,Thinker,"Thinker: 3, Creator: 2",950000,1800000,75,72,82,Very High,40,Medium
WK3279,Explainable AI Specialist,AI & Emerging Technologies,Senior,Thinker,"Thinker: 3, Adventurer: 2",900000,1700000,75,72,82,Very High,38,High
WK3280,AI Infrastructure Engineer,AI & Emerging Technologies,Mid-Level,Builder,"Builder: 3, Organizer: 2",700000,1300000,70,70,76,Very High,34,Low
WK3281,Voice AI Engineer,AI & Emerging Technologies,Mid-Level,Thinker,"Thinker: 3, Caregiver: 2",650000,1200000,75,72,78,Very High,34,Medium
WK3282,AI Compliance Manager,AI & Emerging Technologies,Manager,Organizer,"Organizer: 3, Builder: 2",800000,1500000,65,68,75,Very High,32,Low
WK3283,Recommender Systems Engineer,AI & Emerging Technologies,Mid-Level,Thinker,"Thinker: 3, Builder: 2",700000,1300000,75,72,78,Very High,32,Medium
WK3284,AI-Powered Analytics Consultant,AI & Emerging Technologies,Senior,Thinker,"Thinker: 3, Creator: 2",850000,1600000,80,72,80,Very High,36,Very High
WK3285,Carbon Capture Engineer,Green Tech & Climate Action,Senior,Thinker,"Thinker: 3, Caregiver: 2",750000,1400000,40,70,78,High,32,Medium
WK3286,Green Hydrogen Engineer,Green Tech & Climate Action,Senior,Thinker,"Thinker: 3, Builder: 2",800000,1500000,35,68,78,Very High,35,Low
WK3287,Circular Economy Consultant,Green Tech & Climate Action,Senior,Advocate,"Advocate: 3, Creator: 2",700000,1300000,65,75,82,Very High,30,Very High
WK3288,Climate Change Mitigation Specialist,Green Tech & Climate Action,Senior,Advocate,"Advocate: 3, Organizer: 2",650000,1200000,60,72,80,High,28,High
WK3289,ESG Reporting Analyst,Green Tech & Climate Action,Mid-Level,Organizer,"Organizer: 3, Adventurer: 2",500000,900000,70,72,75,Very High,32,High
WK3290,Sustainability Data Analyst,Green Tech & Climate Action,Mid-Level,Thinker,"Thinker: 3, Advocate: 2",550000,1000000,75,75,78,Very High,30,High
WK3291,Green Tech Policy Analyst,Green Tech & Climate Action,Senior,Advocate,"Advocate: 3, Creator: 2",700000,1300000,70,72,80,High,28,High
WK3292,Biodiversity Data Scientist,Green Tech & Climate Action,Senior,Thinker,"Thinker: 3, Organizer: 2",650000,1200000,65,72,80,Medium,26,Medium
WK3293,Urban Farming Consultant,Green Tech & Climate Action,Mid-Level,Advocate,"Advocate: 3, Thinker: 2",400000,750000,45,75,80,High,24,Very High
WK3294,Composting Operations Manager,Green Tech & Climate Action,Manager,Organizer,"Organizer: 3, Leader: 2",380000,680000,20,68,72,High,22,Low
WK3295,E-Waste Recycling Manager,Green Tech & Climate Action,Manager,Organizer,"Organizer: 3, Adventurer: 2",420000,750000,25,65,70,Very High,24,Low
WK3296,Renewable Energy Trader,Green Tech & Climate Action,Mid-Level,Thinker,"Thinker: 3, Adventurer: 2",600000,1200000,75,70,75,High,26,Medium
WK3297,Climate Finance Analyst,Green Tech & Climate Action,Mid-Level,Thinker,"Thinker: 3, Leader: 2",650000,1200000,70,72,78,High,28,Medium
WK3298,Green Building Certifier,Green Tech & Climate Action,Mid-Level,Organizer,"Organizer: 3, Creator: 2",450000,800000,45,70,75,Very High,22,High
WK3299,Water Conservation Engineer,Green Tech & Climate Action,Mid-Level,Builder,"Builder: 3, Adventurer: 2",400000,720000,30,68,72,High,20,Medium
WK3300,Agroforestry Specialist,Green Tech & Climate Action,Mid-Level,Advocate,"Advocate: 3, Builder: 2",350000,650000,25,70,78,Medium,20,Medium
WK3301,Environmental Litigation Consultant,Green Tech & Climate Action,Senior,Advocate,"Advocate: 3, Creator: 2",750000,1400000,55,70,78,Medium,22,High
WK3302,Plastic Alternative Developer,Green Tech & Climate Action,Senior,Thinker,"Thinker: 3, Adventurer: 2",700000,1300000,50,70,80,Very High,28,Medium
WK3303,Mangrove Restoration Specialist,Green Tech & Climate Action,Mid-Level,Caregiver,"Caregiver: 3, Adventurer: 2",320000,580000,20,72,82,Medium,18,Medium
WK3304,Electric Grid Decarbonization Engineer,Green Tech & Climate Action,Senior,Thinker,"Thinker: 3, Adventurer: 2",800000,1500000,45,68,76,Very High,30,Low
WK3305,Regenerative Agriculture Consultant,Green Tech & Climate Action,Mid-Level,Advocate,"Advocate: 3, Builder: 2",400000,750000,50,75,82,High,24,Very High
WK3306,Green Supply Chain Manager,Green Tech & Climate Action,Manager,Organizer,"Organizer: 3, Leader: 2",650000,1200000,50,68,75,Very High,26,Low
WK3307,Climate Adaptation Planner,Green Tech & Climate Action,Senior,Thinker,"Thinker: 3, Advocate: 2",600000,1100000,55,72,78,High,24,Medium
WK3308,Net-Zero Strategy Consultant,Green Tech & Climate Action,Senior,Advocate,"Advocate: 3, Leader: 2",800000,1500000,70,72,82,Very High,32,Very High
WK3309,Environmental Impact Modeler,Green Tech & Climate Action,Senior,Thinker,"Thinker: 3, Caregiver: 2",700000,1300000,65,72,78,High,26,Medium
